review_id,date,brand,source,text,sentiment
EVVN-00001,2021-09-07,Kia,Facebook,"Lấy xe từ đợt đầu, vận hành êm ái tuyệt đối, không rung giật và chấm dứt hẳn mùi xăng khó chịu, đồng thời khoản bảo dưỡng định kỳ rất nhàn, không phải thay dầu máy hay bugi lọc gió phức tạp. Rất đáng tiền trong phân khúc, hài lòng 9/10 điểm. Mình chia sẻ lên nhóm để anh em cùng thảo luận.",positive
EVVN-00002,2021-09-07,VinFast,Review site,"Sau thời gian trải nghiệm VinFast: xe lái đầm chắc, khung gầm dày dặn và nhiều công nghệ an toàn hiện đại, bù lại phần mềm thỉnh thoảng vẫn dính lỗi vặt linh tinh và cần khởi động lại. Nhìn chung là sản phẩm dùng được nhưng chưa thực sự hoàn hảo.",neutral
EVVN-00003,2021-09-07,VinFast,YouTube,"Nhiều lúc ức chế phát khóc, tốc độ sạc bị bóp công suất tụt thảm hại khi có nhiều xe cùng cắm sạc một lúc, thêm vào đó lỗi ắc quy 12V tụt áp bất thình lình làm xe không khởi động được, phải gọi xe cứu hộ kéo về. Đang tính chuyện bán lỗ để quay về xe xăng cho đỡ đau đầu.",negative
EVVN-00004,2021-09-07,BYD,Review site,"Lúc đầu cũng đắn đo nhưng chốt xe xong thấy, vận hành êm ái tuyệt đối, không rung giật và chấm dứt hẳn mùi xăng khó chịu, đồng thời tính bài toán vận hành lâu dài thì kinh tế hơn hẳn các dòng xe xăng cùng tầm giá. Chấm điểm 9.5/10 cho độ êm ái và hiệu quả kinh tế.",positive
EVVN-00005,2021-09-07,Tesla,Facebook,"Chạy dịch vụ cày cuốc cả ngày, phanh tái sinh chỉnh mức vừa đi rất mượt, đi trong phố đông gần như chỉ cần dùng một bàn đạp, đồng thời tiền sạc rẻ giật mình, mỗi km tính ra chỉ tốn tầm 400 đến 500 đồng. Chấm điểm 9.5/10 cho độ êm ái và hiệu quả kinh tế. Mình chia sẻ lên nhóm để anh em cùng thảo luận.",positive
EVVN-00006,2021-09-07,BYD,Forum,"Sau chuyến xuyên Việt vừa rồi, xe lướt đi êm ru, người nhà ngồi sau trước đây hay say xe giờ đi thoải mái cả hành trình, và tính bài toán vận hành lâu dài thì kinh tế hơn hẳn các dòng xe xăng cùng tầm giá. Một trải nghiệm nâng cấp chất lượng sống cho cả gia đình.",positive
EVVN-00007,2021-09-07,VinFast,Facebook,"Lên đây cảnh báo cho anh em đang có ý định mua, ra đến trạm sạc cao tốc thì 3 trụ báo lỗi hỏng, trụ duy nhất còn lại thì bị xe xăng đỗ chiếm chỗ vô ý thức. Thất vọng hơn là độ hoàn thiện các khe hở thân vỏ không đều, gioăng cao su cửa cách âm kém nghe rõ tiếng gió rít khi lên 100km/h. Nếu được chọn lại chắc chắn mình sẽ trung thành với xe xăng truyền thống.",negative
EVVN-00008,2021-09-08,VinFast,Forum,"Đổi từ sedan Nhật sang xe điện, màn hình giải trí sắc nét, cảm ứng mượt mà và hỗ trợ kết nối không dây rất tiện, song song với đó tiền sạc rẻ giật mình, mỗi km tính ra chỉ tốn tầm 400 đến 500 đồng. Cực kỳ ưng ý và sẽ tiếp tục ủng hộ xu hướng di chuyển xanh.",positive
EVVN-00009,2021-09-08,BYD,Forum,"Cảm nhận về chiếc BYD: phanh tái sinh chỉnh mức vừa đi rất mượt, đi trong phố đông gần như chỉ cần dùng một bàn đạp. Thiết kế nội thất phong cách thể thao phá cách và trẻ trung. Thực sự vượt ngoài mong đợi ban đầu của mình. Bác nào đang chạy dòng này vào chia sẻ thêm kinh nghiệm nhé.",positive
EVVN-00010,2021-09-09,BYD,YouTube,"Sau chuyến về quê dịp lễ vừa qua, dịp lễ cao điểm trạm sạc nào cũng quá tải, xếp hàng dài chờ hơn 1 tiếng rưỡi mới đến lượt cắm sạc, chưa kể cảm biến va chạm và radar hú còi loạn xạ dù đường hoàn toàn thông thoáng. Nếu được chọn lại chắc chắn mình sẽ trung thành với xe xăng truyền thống.",negative
EVVN-00011,2021-09-09,BYD,Facebook,"Sau gần 8 tháng sử dụng liên tục, buổi trưa nằm nghỉ trong xe bật điều hòa thoải mái mà không sợ ngạt khí CO độc hại, song song với đó tính bài toán vận hành lâu dài thì kinh tế hơn hẳn các dòng xe xăng cùng tầm giá. Chấm điểm 9.5/10 cho độ êm ái và hiệu quả kinh tế.",positive
EVVN-00012,2021-09-09,Tesla,Forum,"Sau thời gian trải nghiệm Tesla: xe lái đầm chắc, khung gầm dày dặn và nhiều công nghệ an toàn hiện đại, bù lại phần mềm thỉnh thoảng vẫn dính lỗi vặt linh tinh và cần khởi động lại. Tóm lại xe rất hợp đi phố hàng ngày, còn đi phượt xa thì cần tính toán kỹ thời gian.",neutral
EVVN-00013,2021-09-10,Kia,Facebook,"Lên đây cảnh báo cho anh em đang có ý định mua, dịp lễ cao điểm trạm sạc nào cũng quá tải, xếp hàng dài chờ hơn 1 tiếng rưỡi mới đến lượt cắm sạc, chưa kể lỗi ắc quy 12V tụt áp bất thình lình làm xe không khởi động được, phải gọi xe cứu hộ kéo về. Trải nghiệm chưa xứng đáng với kỳ vọng và số tiền bỏ ra.",neutral
EVVN-00014,2021-09-10,Tesla,Forum,"Chia sẻ công tâm sau thời gian trải nghiệm, xe rất hợp cho người đam mê công nghệ và có sẵn chỗ sạc tại nhà. Về cơ bản điểm cộng lớn nhất là khả năng tăng tốc mượt mà, không mùi khí thải và không gian cabin thoáng đãng, nhưng phần mềm thỉnh thoảng vẫn dính lỗi vặt linh tinh và cần khởi động lại.",negative
EVVN-00015,2021-09-10,MG,YouTube,"Test thử cao tốc đợt cuối tuần, xe tăng tốc tức thì, vượt xe trên quốc lộ rất tự tin và an toàn, và tiền sạc rẻ giật mình, mỗi km tính ra chỉ tốn tầm 400 đến 500 đồng. Cực kỳ ưng ý và sẽ tiếp tục ủng hộ xu hướng di chuyển xanh.",positive
EVVN-00016,2021-09-10,Tesla,Facebook,"Bức xúc khi dùng Tesla: hệ thống nhận diện giọng nói ngô nghê, gọi mãi không hiểu khẩu lệnh cơ bản. Ngoài ra chưa có showroom và trạm sạc Supercharger chính hãng tại VN, phải mua cổng chuyển CCS2 đắt đỏ. Nếu được chọn lại chắc chắn mình sẽ trung thành với xe xăng truyền thống.",negative
EVVN-00017,2021-09-10,MG,Facebook,"Không tâng bốc cũng không dìm hàng, xe lái hay và giá mềm nhưng hệ sinh thái trạm sạc còn cần nhiều thời gian để hoàn thiện. Về cơ bản điểm cộng lớn nhất là khả năng tăng tốc mượt mà, không mùi khí thải và không gian cabin thoáng đãng, nhưng hạ tầng trạm sạc công cộng dịp lễ đông đúc phải chờ đợi khá sốt ruột.",neutral
EVVN-00018,2021-09-10,VinFast,YouTube,"Đối với chiếc VinFast, điểm cộng lớn nhất là khả năng tăng tốc mượt mà, không mùi khí thải và không gian cabin thoáng đãng. Dẫu vậy, việc đi xa vẫn cần phải lên kế hoạch lộ trình trạm sạc cẩn thận chứ không tiện như đổ xăng; nhìn chung cần thêm vài bản cập nhật OTA nữa để phần mềm đạt độ ổn định tuyệt đối.",neutral
EVVN-00019,2021-09-11,Kia,Review site,"Chia sẻ công tâm sau thời gian trải nghiệm, xe lái đầm chắc, khung gầm dày dặn và nhiều công nghệ an toàn hiện đại, nhưng hạ tầng trạm sạc công cộng dịp lễ đông đúc phải chờ đợi khá sốt ruột. Tùy vào nhu cầu sử dụng của mỗi gia đình mà cân nhắc cho phù hợp.",negative
EVVN-00020,2021-09-11,MG,Facebook,"Góc nhìn trung lập sau 6 tháng sử dụng, xe lái hay và giá mềm nhưng hệ sinh thái trạm sạc còn cần nhiều thời gian để hoàn thiện. Về cơ bản xe lái đầm chắc, khung gầm dày dặn và nhiều công nghệ an toàn hiện đại, nhưng trần kính mùa hè khá nóng nếu không dán thêm phim cách nhiệt xịn và lắp rèm che. Mình chia sẻ lên nhóm để anh em cùng thảo luận.",neutral
EVVN-00021,2021-09-11,VinFast,Forum,"Từ xe xăng đổi qua xe điện, điểm cộng là trợ lý ảo ViVi nhận diện giọng nói tiếng Việt ba miền cực kỳ mượt mà. Bên cạnh đó, các bản cập nhật phần mềm từ xa OTA ngày càng hoàn thiện, xe đi mượt hơn hẳn. Ai còn phân vân thì nên lái thử một lần, đảm bảo không muốn quay lại xe xăng.",positive
EVVN-00022,2021-09-11,BYD,Review site,"Quá mệt mỏi sau chuyến đi tỉnh cuối tuần, trải nghiệm thực sự tệ khi chất liệu nhựa nội thất ọp ẹp, đi vào đường xấu phát ra tiếng kêu cọt kẹt rất khó chịu. Đáng nói nhất là hãng chưa có trạm sạc riêng tại VN nên phải tìm trạm tư nhân bên thứ 3 khá bất tiện. Mong hãng nghiêm túc lắng nghe phản ánh và sớm có phương án xử lý dứt điểm.",negative
EVVN-00023,2021-09-11,VinFast,Review site,"Đối với chiếc VinFast, vận hành trong đô thị rất nhàn nhã, máy êm, chi phí nuôi xe tiết kiệm thấy rõ. Dẫu vậy, hạ tầng trạm sạc công cộng dịp lễ đông đúc phải chờ đợi khá sốt ruột; nhìn chung cần thêm vài bản cập nhật OTA nữa để phần mềm đạt độ ổn định tuyệt đối.",neutral
EVVN-00024,2021-09-11,Wuling,Facebook,"Lấy xe chủ yếu che nắng che mưa, xe mini nhỏ gọn luồn lách ngõ hẹp cực kỳ linh hoạt, kèm theo đó tiền điện sạc tại nhà mỗi tháng chỉ tầm 200 đến 300 nghìn, rẻ ngang xe máy số. Chấm 9/10 cho sự tiện dụng và tiết kiệm.",positive
EVVN-00025,2021-09-12,VinFast,Facebook,"Bức xúc khi dùng VinFast: hệ thống nhận diện giọng nói ngô nghê, gọi mãi không hiểu khẩu lệnh cơ bản. Ngoài ra màn hình giải trí đôi khi khởi động lại bất thình lình khi xe đang chạy. Quá mệt mỏi vì suốt ngày phải lo nghĩ chuyện sạc pin và lỗi phần mềm.",negative
EVVN-00026,2021-09-12,MG,Forum,"Sau thời gian trải nghiệm MG: sạc pin ở nhà vào ban đêm rất tiện lợi và kinh tế, bù lại việc đi xa vẫn cần phải lên kế hoạch lộ trình trạm sạc cẩn thận chứ không tiện như đổ xăng. Tùy vào nhu cầu sử dụng của mỗi gia đình mà cân nhắc cho phù hợp.",neutral
EVVN-00027,2021-09-12,BYD,Review site,"Từ xe xăng đổi qua xe điện, vận hành êm ái tuyệt đối, không rung giật và chấm dứt hẳn mùi xăng khó chịu, đồng thời tiền sạc rẻ giật mình, mỗi km tính ra chỉ tốn tầm 400 đến 500 đồng. Một trải nghiệm nâng cấp chất lượng sống cho cả gia đình.",positive
EVVN-00028,2021-09-12,Hyundai,Review site,"Thất vọng toàn tập với chuyến đi vừa rồi, ở chung cư không có trụ sạc AC, đi làm về mệt mỏi lại phải lang thang tìm trụ sạc nhanh rất bất tiện. Thất vọng hơn là chất liệu nhựa nội thất ọp ẹp, đi vào đường xấu phát ra tiếng kêu cọt kẹt rất khó chịu. Đang tính chuyện bán lỗ để quay về xe xăng cho đỡ đau đầu.",negative
EVVN-00029,2021-09-13,Kia,YouTube,"Sau 15.000 km lăn bánh, trọng tâm pin đặt dưới sàn giúp xe ôm cua cực kỳ đầm chắc, không bị vặn xoắn, đồng thời tiền sạc rẻ giật mình, mỗi km tính ra chỉ tốn tầm 400 đến 500 đồng. Thực sự vượt ngoài mong đợi ban đầu của mình.",neutral
EVVN-00030,2021-09-13,Wuling,Forum,"Sau chuyến thử đi ra ngoại thành mới thấy, trang bị an toàn nghèo nàn, bản thấp thậm chí không có túi khí bảo vệ. Điểm trừ nữa là cách âm gầm và lốp kém khi đi qua đoạn đường nhám. Trải nghiệm chưa xứng đáng với kỳ vọng ban đầu.",negative
EVVN-00031,2021-09-13,BYD,YouTube,"Vừa hoàn thành chuyến về quê 500km, thích nhất tính năng bật điều hòa từ xa trước khi lên xe, mùa hè vào xe mát rượi ngay, kèm theo đó tiền sạc rẻ giật mình, mỗi km tính ra chỉ tốn tầm 400 đến 500 đồng. Cực kỳ ưng ý và sẽ tiếp tục ủng hộ xu hướng di chuyển xanh.",positive
EVVN-00032,2021-09-13,VinFast,Forum,"Khen chê rõ ràng cho anh em tham khảo, sạc pin ở nhà vào ban đêm rất tiện lợi và kinh tế, nhưng độ hoàn thiện dàn nhựa nội thất và các chi tiết cơ khí vẫn cần hãng trau chuốt thêm. Tùy vào nhu cầu sử dụng của mỗi gia đình mà cân nhắc cho phù hợp.",positive
EVVN-00033,2021-09-13,BYD,Facebook,"Đi làm hằng ngày với em nó, xe tăng tốc tức thì, vượt xe trên quốc lộ rất tự tin và an toàn, đồng thời chi phí sạc điện mỗi tháng chưa tới 800 nghìn, tiết kiệm hơn 70% so với tiền xăng trước kia. Thực sự vượt ngoài mong đợi ban đầu của mình.",positive
EVVN-00034,2021-09-13,Tesla,Facebook,"Cảm nhận về chiếc Tesla: trọng tâm pin đặt dưới sàn giúp xe ôm cua cực kỳ đầm chắc, không bị vặn xoắn. Hệ điều hành điều khiển mượt mà như một chiếc máy tính bảng cao cấp. Một trải nghiệm nâng cấp chất lượng sống cho cả gia đình.",positive
EVVN-00035,2021-09-13,VinFast,Review site,"Vừa bực vừa ức chế, trải nghiệm thực sự tệ khi giảm xóc sau quá cứng, đi qua gờ giảm tốc người ngồi hàng hai nảy tưng tưng rất ê mông. Đáng nói nhất là chính sách gói cước và thuê pin thay đổi khiến nhiều chủ xe đời đầu hơi hụt hẫng. Đang tính chuyện bán lỗ để quay về xe xăng cho đỡ đau đầu.",negative
EVVN-00036,2021-09-13,BYD,Dealer,"Sau thời gian trải nghiệm BYD: ưu điểm là xe chạy cực kỳ êm ái, bốc ga nhanh và chi phí tiền điện hàng tháng rất rẻ, bù lại việc đi xa vẫn cần phải lên kế hoạch lộ trình trạm sạc cẩn thận chứ không tiện như đổ xăng. Bác nào ở nhà đất có chỗ cắm sạc thì nên mua, còn ở chung cư thì nên tính toán thêm.",positive
EVVN-00037,2021-09-14,BYD,YouTube,"Lên đây cảnh báo cho anh em đang có ý định mua, trải nghiệm thực sự tệ khi độ hoàn thiện các khe hở thân vỏ không đều, gioăng cao su cửa cách âm kém nghe rõ tiếng gió rít khi lên 100km/h. Đáng nói nhất là nhiều chi tiết đèn viền và cửa gió thiết kế hơi rườm rà sến sẩm. Nếu được chọn lại chắc chắn mình sẽ trung thành với xe xăng truyền thống.",neutral
EVVN-00038,2021-09-14,VinFast,YouTube,"Sau thời gian trải nghiệm VinFast: vận hành trong đô thị rất nhàn nhã, máy êm, chi phí nuôi xe tiết kiệm thấy rõ, bù lại hạ tầng trạm sạc công cộng dịp lễ đông đúc phải chờ đợi khá sốt ruột. Tóm lại xe rất hợp đi phố hàng ngày, còn đi phượt xa thì cần tính toán kỹ thời gian.",neutral
EVVN-00039,2021-09-14,BYD,YouTube,"Sau thời gian trải nghiệm BYD: sạc pin ở nhà vào ban đêm rất tiện lợi và kinh tế, bù lại phần mềm thỉnh thoảng vẫn dính lỗi vặt linh tinh và cần khởi động lại. Đánh giá ở mức 7/10 điểm, cần thêm thời gian để hoàn thiện hạ tầng và phần mềm.",neutral
EVVN-00040,2021-09-15,VinFast,Review site,"Đi phố mỗi ngày vào giờ cao điểm mới thấy, điểm cộng là hệ thống trạm sạc V-Green phủ khắp 63 tỉnh thành từ cao tốc tới huyện xã. Thêm vào đó, các bản cập nhật phần mềm từ xa OTA ngày càng hoàn thiện, xe đi mượt hơn hẳn. Thực sự vượt ngoài mong đợi ban đầu của mình.",positive
EVVN-00041,2021-09-15,VinFast,Forum,"Đổi từ sedan Nhật sang xe điện, hệ thống kiểm soát hành trình thích ứng và hỗ trợ giữ làn lái rất nhàn trên cao tốc, kèm theo đó tính bài toán vận hành lâu dài thì kinh tế hơn hẳn các dòng xe xăng cùng tầm giá. Thực sự vượt ngoài mong đợi ban đầu của mình.",positive
EVVN-00042,2021-09-16,Kia,Dealer,"Cảm nhận về chiếc Kia: vận hành êm ái tuyệt đối, không rung giật và chấm dứt hẳn mùi xăng khó chịu. Cảm giác đánh lái thể thao và độ bám đường chuẩn xác. Đi rồi mới thấy công nghệ xe điện tiện lợi và sướng hơn hẳn.",positive
EVVN-00043,2021-09-16,Wuling,Forum,"Trải nghiệm thực tế sau nửa năm đi lại trong đô thị, chở 2 mẹ con che nắng mưa mùa đông hè rất tiện, hơn nữa chi phí bảo dưỡng định kỳ hầu như không đáng kể. Rất ưng ý với số tiền bỏ ra, phù hợp nhu cầu gia đình nhỏ.",neutral
EVVN-00044,2021-09-16,Tesla,Facebook,"Đối với chiếc Tesla, ưu điểm là xe chạy cực kỳ êm ái, bốc ga nhanh và chi phí tiền điện hàng tháng rất rẻ. Dẫu vậy, hạ tầng trạm sạc công cộng dịp lễ đông đúc phải chờ đợi khá sốt ruột; nhìn chung công nghệ đi trước thời đại nhưng việc sạc và bảo dưỡng xe tư nhân tại VN khá nan giải.",neutral
EVVN-00045,2021-09-16,Hyundai,YouTube,"Lên đây cảnh báo cho anh em đang có ý định mua, ở chung cư không có trụ sạc AC, đi làm về mệt mỏi lại phải lang thang tìm trụ sạc nhanh rất bất tiện. Thất vọng hơn là chất liệu nhựa nội thất ọp ẹp, đi vào đường xấu phát ra tiếng kêu cọt kẹt rất khó chịu. Nếu được chọn lại chắc chắn mình sẽ trung thành với xe xăng truyền thống. Chi tiết hơn mời anh em xem trong video trải nghiệm của mình nhé.",negative
EVVN-00046,2021-09-16,VinFast,Forum,"Cảm nhận thật lòng sau 3 tháng sử dụng, trọng tâm pin đặt dưới sàn giúp xe ôm cua cực kỳ đầm chắc, không bị vặn xoắn, đồng thời kinh tế nhất là sạc chậm qua đêm tại nhà với giá điện sinh hoạt, sáng ra pin đầy ắp sẵn sàng. Cực kỳ ưng ý và sẽ tiếp tục ủng hộ xu hướng di chuyển xanh.",positive
EVVN-00047,2021-09-16,BYD,Review site,"Chạy thử cả phố lẫn đường trường, điểm cộng là thiết kế nội thất phong cách thể thao phá cách và trẻ trung. Thêm vào đó, màn hình giải trí sắc nét, cảm ứng mượt mà và hỗ trợ kết nối không dây rất tiện. Đi rồi mới thấy công nghệ xe điện tiện lợi và sướng hơn hẳn.",positive
EVVN-00048,2021-09-16,Tesla,Dealer,"Tổng kết khách quan cho bác nào đang tìm hiểu, xe rất hợp cho người đam mê công nghệ và có sẵn chỗ sạc tại nhà. Về cơ bản điểm cộng lớn nhất là khả năng tăng tốc mượt mà, không mùi khí thải và không gian cabin thoáng đãng, nhưng độ hoàn thiện dàn nhựa nội thất và các chi tiết cơ khí vẫn cần hãng trau chuốt thêm.",neutral
EVVN-00049,2021-09-16,BYD,YouTube,"Cảm nhận về chiếc BYD: xe lướt đi êm ru, người nhà ngồi sau trước đây hay say xe giờ đi thoải mái cả hành trình. Màn hình xoay 15.6 inch sắc nét và độ phản hồi cảm ứng rất nhanh. Một trải nghiệm nâng cấp chất lượng sống cho cả gia đình.",neutral
EVVN-00050,2021-09-16,BYD,Facebook,"Vừa hoàn thành chuyến về quê 500km, điểm cộng là công nghệ pin Blade độc quyền an toàn chống cháy nổ rất yên tâm. Bên cạnh đó, buổi trưa nằm nghỉ trong xe bật điều hòa thoải mái mà không sợ ngạt khí CO độc hại. Chấm điểm 9.5/10 cho độ êm ái và hiệu quả kinh tế.",positive
EVVN-00051,2021-09-16,VinFast,YouTube,"Sau thời gian trải nghiệm VinFast: ưu điểm là xe chạy cực kỳ êm ái, bốc ga nhanh và chi phí tiền điện hàng tháng rất rẻ, bù lại trần kính mùa hè khá nóng nếu không dán thêm phim cách nhiệt xịn và lắp rèm che. Nhìn chung là sản phẩm dùng được nhưng chưa thực sự hoàn hảo. Chi tiết hơn mời anh em xem trong video trải nghiệm của mình nhé.",positive
EVVN-00052,2021-09-17,Kia,YouTube,"Sau thời gian trải nghiệm Kia: sạc pin ở nhà vào ban đêm rất tiện lợi và kinh tế, bù lại hạ tầng trạm sạc công cộng dịp lễ đông đúc phải chờ đợi khá sốt ruột. Đánh giá ở mức 7/10 điểm, cần thêm thời gian để hoàn thiện hạ tầng và phần mềm.",neutral
EVVN-00053,2021-09-17,MG,Facebook,"Đối với chiếc MG, điểm cộng lớn nhất là khả năng tăng tốc mượt mà, không mùi khí thải và không gian cabin thoáng đãng. Dẫu vậy, trần kính mùa hè khá nóng nếu không dán thêm phim cách nhiệt xịn và lắp rèm che; nhìn chung lựa chọn kinh tế cho người mua xe điện lần đầu muốn trải nghiệm.",neutral
EVVN-00054,2021-09-17,MG,Forum,"Vừa bực vừa ức chế, dịp lễ cao điểm trạm sạc nào cũng quá tải, xếp hàng dài chờ hơn 1 tiếng rưỡi mới đến lượt cắm sạc. Thất vọng hơn là khoang hành lý quá chật hẹp, không thể nhét vừa hai chiếc vali cỡ trung cho chuyến đi xa. Nếu được chọn lại chắc chắn mình sẽ trung thành với xe xăng truyền thống.",negative
EVVN-00055,2021-09-17,Kia,Review site,"Cân nhắc kỹ lưỡng ưu và nhược điểm, sạc pin ở nhà vào ban đêm rất tiện lợi và kinh tế, nhưng phần mềm thỉnh thoảng vẫn dính lỗi vặt linh tinh và cần khởi động lại. Đánh giá ở mức 7/10 điểm, cần thêm thời gian để hoàn thiện hạ tầng và phần mềm.",neutral
EVVN-00056,2021-09-17,VinFast,Dealer,"Góc nhìn trung lập sau 6 tháng sử dụng, xe lái đầm chắc, khung gầm dày dặn và nhiều công nghệ an toàn hiện đại, nhưng việc đi xa vẫn cần phải lên kế hoạch lộ trình trạm sạc cẩn thận chứ không tiện như đổ xăng. Tùy vào nhu cầu sử dụng của mỗi gia đình mà cân nhắc cho phù hợp.",neutral
EVVN-00057,2021-09-18,Tesla,Dealer,"Đối với chiếc Tesla, ưu điểm là xe chạy cực kỳ êm ái, bốc ga nhanh và chi phí tiền điện hàng tháng rất rẻ. Dẫu vậy, trần kính mùa hè khá nóng nếu không dán thêm phim cách nhiệt xịn và lắp rèm che; nhìn chung công nghệ đi trước thời đại nhưng việc sạc và bảo dưỡng xe tư nhân tại VN khá nan giải.",neutral
EVVN-00058,2021-09-18,Tesla,YouTube,"Sau chuyến về quê dịp lễ vừa qua, tốc độ sạc bị bóp công suất tụt thảm hại khi có nhiều xe cùng cắm sạc một lúc. Thất vọng hơn là quãng đường thực tế hao hụt gần 35% so với công bố khi chạy cao tốc kèm bật điều hòa gió lớn. Trải nghiệm chưa xứng đáng với kỳ vọng và số tiền bỏ ra. Chi tiết hơn mời anh em xem trong video trải nghiệm của mình nhé.",negative
EVVN-00059,2021-09-18,VinFast,Facebook,"Cảm nhận về chiếc VinFast: xe lướt đi êm ru, người nhà ngồi sau trước đây hay say xe giờ đi thoải mái cả hành trình. Trợ lý ảo ViVi nhận diện giọng nói tiếng Việt ba miền cực kỳ mượt mà. Rất đáng tiền trong phân khúc, hài lòng 9/10 điểm.",positive
EVVN-00060,2021-09-18,BYD,Review site,"Cân nhắc kỹ lưỡng ưu và nhược điểm, xe lái đầm chắc, khung gầm dày dặn và nhiều công nghệ an toàn hiện đại, nhưng quãng đường chạy đường trường thực tế sẽ hụt bớt khoảng 20-30% nếu đạp thốc ga liên tục. Xe có ưu nhược điểm riêng, ai chấp nhận được điểm trừ thì dùng rất ổn.",neutral
EVVN-00061,2021-09-18,MG,Review site,"Đối với chiếc MG, điểm cộng lớn nhất là khả năng tăng tốc mượt mà, không mùi khí thải và không gian cabin thoáng đãng. Dẫu vậy, quãng đường chạy đường trường thực tế sẽ hụt bớt khoảng 20-30% nếu đạp thốc ga liên tục; nhìn chung xe lái hay và giá mềm nhưng hệ sinh thái trạm sạc còn cần nhiều thời gian để hoàn thiện.",neutral
EVVN-00062,2021-09-18,MG,YouTube,"Gia đình mình sử dụng đi lại hàng ngày, màn hình giải trí sắc nét, cảm ứng mượt mà và hỗ trợ kết nối không dây rất tiện, song song với đó khoản bảo dưỡng định kỳ rất nhàn, không phải thay dầu máy hay bugi lọc gió phức tạp. Ai còn phân vân thì nên lái thử một lần, đảm bảo không muốn quay lại xe xăng.",neutral
EVVN-00063,2021-09-19,Tesla,Facebook,"Test thử cao tốc đợt cuối tuần, điểm cộng là hệ điều hành điều khiển mượt mà như một chiếc máy tính bảng cao cấp. Thêm vào đó, hệ thống kiểm soát hành trình thích ứng và hỗ trợ giữ làn lái rất nhàn trên cao tốc. Nói chung quyết định chuyển sang xe điện là hoàn toàn sáng suốt.",positive
EVVN-00064,2021-09-19,VinFast,Forum,"Đánh giá khách quan sau vài nghìn km, cần thêm vài bản cập nhật OTA nữa để phần mềm đạt độ ổn định tuyệt đối. Về cơ bản ưu điểm là xe chạy cực kỳ êm ái, bốc ga nhanh và chi phí tiền điện hàng tháng rất rẻ, nhưng phần mềm thỉnh thoảng vẫn dính lỗi vặt linh tinh và cần khởi động lại.",neutral
EVVN-00065,2021-09-19,Kia,Review site,"Đối với chiếc Kia, điểm cộng lớn nhất là khả năng tăng tốc mượt mà, không mùi khí thải và không gian cabin thoáng đãng. Dẫu vậy, phần mềm thỉnh thoảng vẫn dính lỗi vặt linh tinh và cần khởi động lại; nhìn chung thiết kế và vận hành rất tốt nhưng cần Kia mở rộng liên kết trạm sạc tại VN.",neutral
EVVN-00066,2021-09-19,Kia,YouTube,"Không tâng bốc cũng không dìm hàng, ưu điểm là xe chạy cực kỳ êm ái, bốc ga nhanh và chi phí tiền điện hàng tháng rất rẻ, nhưng hạ tầng trạm sạc công cộng dịp lễ đông đúc phải chờ đợi khá sốt ruột. Xe có ưu nhược điểm riêng, ai chấp nhận được điểm trừ thì dùng rất ổn.",neutral
EVVN-00067,2021-09-19,Hyundai,Forum,"Dưới góc nhìn người dùng thực tế, xe lái đầm chắc, khung gầm dày dặn và nhiều công nghệ an toàn hiện đại, nhưng độ hoàn thiện dàn nhựa nội thất và các chi tiết cơ khí vẫn cần hãng trau chuốt thêm. Tóm lại xe rất hợp đi phố hàng ngày, còn đi phượt xa thì cần tính toán kỹ thời gian. Bác nào đang chạy dòng này vào chia sẻ thêm kinh nghiệm nhé.",neutral
EVVN-00068,2021-09-19,VinFast,Dealer,Cảm nhận về chiếc VinFast: khả năng cách âm môi trường và gầm xe tốt hơn mong đợi rất nhiều. Trợ lý ảo ViVi nhận diện giọng nói tiếng Việt ba miền cực kỳ mượt mà. Cực kỳ ưng ý và sẽ tiếp tục ủng hộ xu hướng di chuyển xanh.,positive
EVVN-00069,2021-09-19,VinFast,Facebook,"Đi làm hằng ngày với em nó, trọng tâm pin đặt dưới sàn giúp xe ôm cua cực kỳ đầm chắc, không bị vặn xoắn, đồng thời khoản bảo dưỡng định kỳ rất nhàn, không phải thay dầu máy hay bugi lọc gió phức tạp. Một trải nghiệm nâng cấp chất lượng sống cho cả gia đình.",positive
EVVN-00070,2021-09-20,BYD,Review site,"Bức xúc khi dùng BYD: màn hình trung tâm thỉnh thoảng bị đơ đen sì khi đang chạy, camera lùi bị giật lag nghiêm trọng. Ngoài ra hãng chưa có trạm sạc riêng tại VN nên phải tìm trạm tư nhân bên thứ 3 khá bất tiện. Nếu được chọn lại chắc chắn mình sẽ trung thành với xe xăng truyền thống.",neutral
EVVN-00071,2021-09-20,VinFast,YouTube,"Bức xúc khi dùng VinFast: lỗi ắc quy 12V tụt áp bất thình lình làm xe không khởi động được, phải gọi xe cứu hộ kéo về. Ngoài ra chính sách gói cước và thuê pin thay đổi khiến nhiều chủ xe đời đầu hơi hụt hẫng. Thực sự thất vọng, khuyên thật lòng anh em nên cân nhắc kỹ trước khi xuống tiền.",negative
EVVN-00072,2021-09-20,VinFast,Dealer,"Sau chuyến phượt Tây Bắc cùng gia đình, các bản cập nhật phần mềm từ xa OTA ngày càng hoàn thiện, xe đi mượt hơn hẳn, song song với đó tính bài toán vận hành lâu dài thì kinh tế hơn hẳn các dòng xe xăng cùng tầm giá. Rất đáng tiền trong phân khúc, hài lòng 9/10 điểm.",positive
EVVN-00073,2021-09-21,Wuling,Forum,"Lên đây cảnh báo thực tế cho anh em đang có ý định mua, khoang xe chật chội, chở đủ 4 người lớn thì gầm xệ và máy khá ì. Điểm trừ nữa là cách âm gầm và lốp kém khi đi qua đoạn đường nhám. Khuyên thật lòng ai ở chung cư hoặc muốn đi xa thì tuyệt đối không nên mua.",negative
EVVN-00074,2021-09-21,VinFast,Forum,"Sau 15.000 km lăn bánh, màn hình giải trí sắc nét, cảm ứng mượt mà và hỗ trợ kết nối không dây rất tiện, kèm theo đó chi phí sạc điện mỗi tháng chưa tới 800 nghìn, tiết kiệm hơn 70% so với tiền xăng trước kia. Đi rồi mới thấy công nghệ xe điện tiện lợi và sướng hơn hẳn.",positive
EVVN-00075,2021-09-21,VinFast,Forum,"Chạy thử cả phố lẫn đường trường, vận hành êm ái tuyệt đối, không rung giật và chấm dứt hẳn mùi xăng khó chịu, đồng thời tiền sạc rẻ giật mình, mỗi km tính ra chỉ tốn tầm 400 đến 500 đồng. Thực sự vượt ngoài mong đợi ban đầu của mình. Bác nào đang chạy dòng này vào chia sẻ thêm kinh nghiệm nhé.",positive
EVVN-00076,2021-09-21,Kia,Facebook,Cảm nhận về chiếc Kia: khả năng cách âm môi trường và gầm xe tốt hơn mong đợi rất nhiều. Cảm giác đánh lái thể thao và độ bám đường chuẩn xác. Chấm điểm 9.5/10 cho độ êm ái và hiệu quả kinh tế.,positive
EVVN-00077,2021-09-21,Kia,YouTube,"Dùng được vài tuần bắt đầu phát sinh nhiều vấn đề, trải nghiệm thực sự tệ khi độ hoàn thiện các khe hở thân vỏ không đều, gioăng cao su cửa cách âm kém nghe rõ tiếng gió rít khi lên 100km/h. Đáng nói nhất là giá lăn bánh còn cao so với các đối thủ cùng tầm. Quá mệt mỏi vì suốt ngày phải lo nghĩ chuyện sạc pin và lỗi phần mềm.",neutral
EVVN-00078,2021-09-21,Wuling,Forum,"Dùng được vài tuần bắt đầu thấy nhiều điểm bất tiện, xe không có cổng sạc nhanh nên mỗi lần sạc phải đợi 6-8 tiếng. Điểm trừ nữa là nội thất nhựa thô ráp dễ trầy xước. Đang tính chuyện bán đổi sang xe xăng cũ cho lành.",negative
EVVN-00079,2021-09-21,Tesla,Dealer,"Vừa bực vừa ức chế, trải nghiệm thực sự tệ khi khoang hành lý quá chật hẹp, không thể nhét vừa hai chiếc vali cỡ trung cho chuyến đi xa. Đáng nói nhất là khe hở thân vỏ gia công chưa thật sự khít và đồng đều. Trải nghiệm chưa xứng đáng với kỳ vọng và số tiền bỏ ra.",negative
EVVN-00080,2021-09-21,Tesla,Facebook,"Sau thời gian trải nghiệm Tesla: ưu điểm là xe chạy cực kỳ êm ái, bốc ga nhanh và chi phí tiền điện hàng tháng rất rẻ, bù lại phần mềm thỉnh thoảng vẫn dính lỗi vặt linh tinh và cần khởi động lại. Đánh giá ở mức 7/10 điểm, cần thêm thời gian để hoàn thiện hạ tầng và phần mềm.",neutral
EVVN-00081,2021-09-22,Kia,Facebook,"Vừa bực vừa ức chế, dịp lễ cao điểm trạm sạc nào cũng quá tải, xếp hàng dài chờ hơn 1 tiếng rưỡi mới đến lượt cắm sạc, chưa kể màn hình trung tâm thỉnh thoảng bị đơ đen sì khi đang chạy, camera lùi bị giật lag nghiêm trọng. Trải nghiệm chưa xứng đáng với kỳ vọng và số tiền bỏ ra.",negative
EVVN-00082,2021-09-22,Kia,Forum,"Trải nghiệm thực tế quá khác xa so với quảng cáo, trải nghiệm thực sự tệ khi quãng đường thực tế hao hụt gần 35% so với công bố khi chạy cao tốc kèm bật điều hòa gió lớn. Đáng nói nhất là hạ tầng trạm sạc độc quyền gần như chưa có tại các tỉnh. Thực sự thất vọng, khuyên thật lòng anh em nên cân nhắc kỹ trước khi xuống tiền.",negative
EVVN-00083,2021-09-22,Wuling,Review site,"Góc nhìn thực tế về xe điện mini trong phố, ưu điểm là xe nhỏ gọn luồn lách ngõ hẹp cực tốt và tiền điện sạc tại nhà siêu rẻ, đổi lại trang bị an toàn ở mức tối thiểu và khoang chở đồ rất hạn chế. Tóm lại mua để thay xe máy đi phố thì chuẩn bài, còn đi tỉnh thì nên bỏ qua.",neutral
EVVN-00084,2021-09-22,MG,Forum,"Sau thời gian trải nghiệm MG: ưu điểm là xe chạy cực kỳ êm ái, bốc ga nhanh và chi phí tiền điện hàng tháng rất rẻ, bù lại quãng đường chạy đường trường thực tế sẽ hụt bớt khoảng 20-30% nếu đạp thốc ga liên tục. Đánh giá ở mức 7/10 điểm, cần thêm thời gian để hoàn thiện hạ tầng và phần mềm.",neutral
EVVN-00085,2021-09-22,Tesla,Facebook,"Bỏ ra số tiền không nhỏ mà nhận lại, trải nghiệm thực sự tệ khi khoang hành lý quá chật hẹp, không thể nhét vừa hai chiếc vali cỡ trung cho chuyến đi xa. Đáng nói nhất là phụ tùng thay thế hiếm, hỏng hóc phải chờ đặt từ nước ngoài về cả tháng. Quá mệt mỏi vì suốt ngày phải lo nghĩ chuyện sạc pin và lỗi phần mềm.",negative
EVVN-00086,2021-09-22,BYD,Review site,"Ấn tượng nhất sau thời gian dài sử dụng là điểm cộng là công nghệ pin Blade độc quyền an toàn chống cháy nổ rất yên tâm. Bên cạnh đó, hệ thống kiểm soát hành trình thích ứng và hỗ trợ giữ làn lái rất nhàn trên cao tốc. Chấm điểm 9.5/10 cho độ êm ái và hiệu quả kinh tế.",positive
EVVN-00087,2021-09-22,Kia,Review site,"Đối với chiếc Kia, xe lái đầm chắc, khung gầm dày dặn và nhiều công nghệ an toàn hiện đại. Dẫu vậy, quãng đường chạy đường trường thực tế sẽ hụt bớt khoảng 20-30% nếu đạp thốc ga liên tục; nhìn chung thiết kế và vận hành rất tốt nhưng cần Kia mở rộng liên kết trạm sạc tại VN.",neutral
EVVN-00088,2021-09-23,Wuling,Facebook,"Đánh giá khách quan cho bác nào đang tìm hiểu dòng mini, điểm cộng là che nắng che mưa đưa đón con đi học trong phố rất tiện lợi và kinh tế, tuy nhiên tốc độ thấp và tầm hoạt động ngắn nên không thể đi phượt hay chạy xa. Đánh giá ở mức 7/10 điểm, đúng công năng cho người cần xe phụ đi chợ đi làm.",neutral
EVVN-00089,2021-09-23,VinFast,Forum,"Sau hơn nửa năm gắn bó, điểm cộng là hệ thống trạm sạc V-Green phủ khắp 63 tỉnh thành từ cao tốc tới huyện xã. Bên cạnh đó, thích nhất tính năng bật điều hòa từ xa trước khi lên xe, mùa hè vào xe mát rượi ngay. Một trải nghiệm nâng cấp chất lượng sống cho cả gia đình.",positive
EVVN-00090,2021-09-23,BYD,Facebook,"Đi phố mỗi ngày vào giờ cao điểm mới thấy, hệ thống kiểm soát hành trình thích ứng và hỗ trợ giữ làn lái rất nhàn trên cao tốc, song song với đó tính bài toán vận hành lâu dài thì kinh tế hơn hẳn các dòng xe xăng cùng tầm giá. Cực kỳ ưng ý và sẽ tiếp tục ủng hộ xu hướng di chuyển xanh.",positive
EVVN-00091,2021-09-23,VinFast,YouTube,"Trải nghiệm cá nhân sau một thời gian cầm lái, điểm cộng lớn nhất là khả năng tăng tốc mượt mà, không mùi khí thải và không gian cabin thoáng đãng, nhưng việc đi xa vẫn cần phải lên kế hoạch lộ trình trạm sạc cẩn thận chứ không tiện như đổ xăng. Xe có ưu nhược điểm riêng, ai chấp nhận được điểm trừ thì dùng rất ổn.",neutral
EVVN-00092,2021-09-23,BYD,Dealer,"Cảm nhận về chiếc BYD: trọng tâm pin đặt dưới sàn giúp xe ôm cua cực kỳ đầm chắc, không bị vặn xoắn. Màn hình xoay 15.6 inch sắc nét và độ phản hồi cảm ứng rất nhanh. Chấm điểm 9.5/10 cho độ êm ái và hiệu quả kinh tế.",positive
EVVN-00093,2021-09-24,Wuling,Facebook,"Mua xe cho vợ đi làm hàng ngày, tầm nhìn thoáng căn chỉnh xe rất dễ dàng, kèm theo đó chi phí bảo dưỡng định kỳ hầu như không đáng kể. Đi lại quãng ngắn trong thành phố thì không có gì để chê.",positive
EVVN-00094,2021-09-24,BYD,Facebook,"Lúc đầu cũng đắn đo nhưng chốt xe xong thấy, điểm cộng là màn hình xoay 15.6 inch sắc nét và độ phản hồi cảm ứng rất nhanh. Thêm vào đó, các bản cập nhật phần mềm từ xa OTA ngày càng hoàn thiện, xe đi mượt hơn hẳn. Thực sự vượt ngoài mong đợi ban đầu của mình.",positive
EVVN-00095,2021-09-24,Tesla,Forum,"Chia sẻ trải nghiệm không mấy vui vẻ sau 2 tháng, trải nghiệm thực sự tệ khi khoang hành lý quá chật hẹp, không thể nhét vừa hai chiếc vali cỡ trung cho chuyến đi xa. Đáng nói nhất là chưa có showroom và trạm sạc Supercharger chính hãng tại VN, phải mua cổng chuyển CCS2 đắt đỏ. Đang tính chuyện bán lỗ để quay về xe xăng cho đỡ đau đầu.",negative
EVVN-00096,2021-09-25,Wuling,YouTube,"Nhiều lúc ức chế phát bực vì, tốc độ tối đa thấp và không đi được cao tốc, ra đường lớn gió thổi tạt hơi ghê. Điểm trừ nữa là cách âm gầm và lốp kém khi đi qua đoạn đường nhám. Mua về rồi mới thấy bất tiện hơn tưởng tượng rất nhiều.",negative
EVVN-00097,2021-09-25,MG,Review site,"Cảm nhận về chiếc MG: xe lướt đi êm ru, người nhà ngồi sau trước đây hay say xe giờ đi thoải mái cả hành trình. Khung gầm đầm chắc chuẩn phong cách xe châu Âu. Thực sự vượt ngoài mong đợi ban đầu của mình.",positive
EVVN-00098,2021-09-25,VinFast,Forum,"Sau thời gian trải nghiệm VinFast: sạc pin ở nhà vào ban đêm rất tiện lợi và kinh tế, bù lại quãng đường chạy đường trường thực tế sẽ hụt bớt khoảng 20-30% nếu đạp thốc ga liên tục. Bác nào ở nhà đất có chỗ cắm sạc thì nên mua, còn ở chung cư thì nên tính toán thêm.",neutral
EVVN-00099,2021-09-25,VinFast,Review site,"Cảm nhận về chiếc VinFast: trọng tâm pin đặt dưới sàn giúp xe ôm cua cực kỳ đầm chắc, không bị vặn xoắn. Khung gầm đầm chắc chuẩn xe Đức, ôm cua ở tốc độ cao rất vững vàng. Một trải nghiệm nâng cấp chất lượng sống cho cả gia đình.",positive
EVVN-00100,2021-09-25,MG,Forum,"Khen chê rõ ràng cho anh em tham khảo, xe lái đầm chắc, khung gầm dày dặn và nhiều công nghệ an toàn hiện đại, nhưng độ hoàn thiện dàn nhựa nội thất và các chi tiết cơ khí vẫn cần hãng trau chuốt thêm. Bác nào ở nhà đất có chỗ cắm sạc thì nên mua, còn ở chung cư thì nên tính toán thêm.",neutral
EVVN-00101,2021-09-25,VinFast,Dealer,"Bức xúc khi dùng VinFast: màn hình trung tâm thỉnh thoảng bị đơ đen sì khi đang chạy, camera lùi bị giật lag nghiêm trọng. Ngoài ra màn hình giải trí đôi khi khởi động lại bất thình lình khi xe đang chạy. Nếu được chọn lại chắc chắn mình sẽ trung thành với xe xăng truyền thống.",negative
EVVN-00102,2021-09-26,VinFast,Forum,"Sau thời gian trải nghiệm VinFast: xe lái đầm chắc, khung gầm dày dặn và nhiều công nghệ an toàn hiện đại, bù lại độ hoàn thiện dàn nhựa nội thất và các chi tiết cơ khí vẫn cần hãng trau chuốt thêm. Tóm lại xe rất hợp đi phố hàng ngày, còn đi phượt xa thì cần tính toán kỹ thời gian.",neutral
EVVN-00103,2021-09-26,Tesla,Forum,"Đối với chiếc Tesla, điểm cộng lớn nhất là khả năng tăng tốc mượt mà, không mùi khí thải và không gian cabin thoáng đãng. Dẫu vậy, hạ tầng trạm sạc công cộng dịp lễ đông đúc phải chờ đợi khá sốt ruột; nhìn chung công nghệ đi trước thời đại nhưng việc sạc và bảo dưỡng xe tư nhân tại VN khá nan giải.",neutral
EVVN-00104,2021-09-26,VinFast,YouTube,"Sau thời gian trải nghiệm VinFast: ưu điểm là xe chạy cực kỳ êm ái, bốc ga nhanh và chi phí tiền điện hàng tháng rất rẻ, bù lại trần kính mùa hè khá nóng nếu không dán thêm phim cách nhiệt xịn và lắp rèm che. Nhìn chung là sản phẩm dùng được nhưng chưa thực sự hoàn hảo.",positive
EVVN-00105,2021-09-27,MG,Review site,"Cảm nhận về chiếc MG: trọng tâm pin đặt dưới sàn giúp xe ôm cua cực kỳ đầm chắc, không bị vặn xoắn. Mức giá tiếp cận hợp lý so với công năng xe điện mang lại. Rất đáng tiền trong phân khúc, hài lòng 9/10 điểm.",neutral
EVVN-00106,2021-09-27,VinFast,Forum,"Đối với chiếc VinFast, ưu điểm là xe chạy cực kỳ êm ái, bốc ga nhanh và chi phí tiền điện hàng tháng rất rẻ. Dẫu vậy, phần mềm thỉnh thoảng vẫn dính lỗi vặt linh tinh và cần khởi động lại; nhìn chung cần thêm vài bản cập nhật OTA nữa để phần mềm đạt độ ổn định tuyệt đối. Bác nào đang chạy dòng này vào chia sẻ thêm kinh nghiệm nhé.",neutral
EVVN-00107,2021-09-27,BYD,YouTube,"Khen chê rõ ràng cho anh em tham khảo, sạc pin ở nhà vào ban đêm rất tiện lợi và kinh tế, nhưng phần mềm thỉnh thoảng vẫn dính lỗi vặt linh tinh và cần khởi động lại. Xe có ưu nhược điểm riêng, ai chấp nhận được điểm trừ thì dùng rất ổn.",neutral
EVVN-00108,2021-09-28,Tesla,YouTube,"Bức xúc khi dùng Tesla: bản cập nhật phần mềm mới làm hao pin hơn hẳn và mất kết nối Bluetooth liên tục. Ngoài ra phụ tùng thay thế hiếm, hỏng hóc phải chờ đặt từ nước ngoài về cả tháng. Đang tính chuyện bán lỗ để quay về xe xăng cho đỡ đau đầu.",negative
EVVN-00109,2021-09-28,Tesla,Facebook,"Chia sẻ công tâm sau thời gian trải nghiệm, xe rất hợp cho người đam mê công nghệ và có sẵn chỗ sạc tại nhà. Về cơ bản xe lái đầm chắc, khung gầm dày dặn và nhiều công nghệ an toàn hiện đại, nhưng việc đi xa vẫn cần phải lên kế hoạch lộ trình trạm sạc cẩn thận chứ không tiện như đổ xăng.",neutral
EVVN-00110,2021-09-28,Hyundai,Facebook,"Khen chê rõ ràng cho anh em tham khảo, xe đẹp và sang trọng nhưng chỉ phù hợp gia đình có gara riêng. Về cơ bản xe lái đầm chắc, khung gầm dày dặn và nhiều công nghệ an toàn hiện đại, nhưng trần kính mùa hè khá nóng nếu không dán thêm phim cách nhiệt xịn và lắp rèm che.",neutral
EVVN-00111,2021-09-28,BYD,Review site,"Đi làm hằng ngày với em nó, điểm cộng là màn hình xoay 15.6 inch sắc nét và độ phản hồi cảm ứng rất nhanh. Bên cạnh đó, màn hình giải trí sắc nét, cảm ứng mượt mà và hỗ trợ kết nối không dây rất tiện. Nói chung quyết định chuyển sang xe điện là hoàn toàn sáng suốt.",positive
EVVN-00112,2021-09-28,VinFast,Forum,"Sau hơn nửa năm gắn bó, hệ thống kiểm soát hành trình thích ứng và hỗ trợ giữ làn lái rất nhàn trên cao tốc, song song với đó khoản bảo dưỡng định kỳ rất nhàn, không phải thay dầu máy hay bugi lọc gió phức tạp. Đi rồi mới thấy công nghệ xe điện tiện lợi và sướng hơn hẳn.",positive
EVVN-00113,2021-09-28,BYD,YouTube,"Bức xúc khi dùng BYD: lỗi ắc quy 12V tụt áp bất thình lình làm xe không khởi động được, phải gọi xe cứu hộ kéo về. Ngoài ra giá phụ tùng linh kiện nhập khẩu còn tương đối cao. Nếu được chọn lại chắc chắn mình sẽ trung thành với xe xăng truyền thống.",negative
EVVN-00114,2021-09-28,VinFast,Dealer,"Nhận xét thực tế sau chuyến đi dài, ưu điểm là xe chạy cực kỳ êm ái, bốc ga nhanh và chi phí tiền điện hàng tháng rất rẻ, nhưng trần kính mùa hè khá nóng nếu không dán thêm phim cách nhiệt xịn và lắp rèm che. Đánh giá ở mức 7/10 điểm, cần thêm thời gian để hoàn thiện hạ tầng và phần mềm.",neutral
EVVN-00115,2021-09-28,BYD,Forum,"Đổi từ sedan Nhật sang xe điện, điểm cộng là màn hình xoay 15.6 inch sắc nét và độ phản hồi cảm ứng rất nhanh. Thêm vào đó, hệ thống kiểm soát hành trình thích ứng và hỗ trợ giữ làn lái rất nhàn trên cao tốc. Ai còn phân vân thì nên lái thử một lần, đảm bảo không muốn quay lại xe xăng.",positive
EVVN-00116,2021-09-28,MG,Review site,"Test thử cao tốc đợt cuối tuần, vận hành êm ái tuyệt đối, không rung giật và chấm dứt hẳn mùi xăng khó chịu, đồng thời tiền sạc rẻ giật mình, mỗi km tính ra chỉ tốn tầm 400 đến 500 đồng. Thực sự vượt ngoài mong đợi ban đầu của mình.",positive
EVVN-00117,2021-09-29,Tesla,Review site,"Đối với chiếc Tesla, ưu điểm là xe chạy cực kỳ êm ái, bốc ga nhanh và chi phí tiền điện hàng tháng rất rẻ. Dẫu vậy, phần mềm thỉnh thoảng vẫn dính lỗi vặt linh tinh và cần khởi động lại; nhìn chung công nghệ đi trước thời đại nhưng việc sạc và bảo dưỡng xe tư nhân tại VN khá nan giải.",neutral
EVVN-00118,2021-09-29,Tesla,Review site,"Vừa hoàn thành chuyến về quê 500km, trọng tâm pin đặt dưới sàn giúp xe ôm cua cực kỳ đầm chắc, không bị vặn xoắn, hơn nữa tiền sạc rẻ giật mình, mỗi km tính ra chỉ tốn tầm 400 đến 500 đồng. Ai còn phân vân thì nên lái thử một lần, đảm bảo không muốn quay lại xe xăng.",positive
EVVN-00119,2021-09-29,Wuling,Facebook,"Góc nhìn thực tế về xe điện mini trong phố, ưu điểm là xe nhỏ gọn luồn lách ngõ hẹp cực tốt và tiền điện sạc tại nhà siêu rẻ, đổi lại trang bị an toàn ở mức tối thiểu và khoang chở đồ rất hạn chế. Tùy vào nhu cầu thực tế và điều kiện chỗ sạc tại nhà của mỗi người.",neutral
EVVN-00120,2021-09-30,BYD,Forum,"Sau gần 8 tháng sử dụng liên tục, xe lướt đi êm ru, người nhà ngồi sau trước đây hay say xe giờ đi thoải mái cả hành trình, và kinh tế nhất là sạc chậm qua đêm tại nhà với giá điện sinh hoạt, sáng ra pin đầy ắp sẵn sàng. Cực kỳ ưng ý và sẽ tiếp tục ủng hộ xu hướng di chuyển xanh.",positive
EVVN-00121,2021-09-30,VinFast,Facebook,"Đối với chiếc VinFast, ưu điểm là xe chạy cực kỳ êm ái, bốc ga nhanh và chi phí tiền điện hàng tháng rất rẻ. Dẫu vậy, phần mềm thỉnh thoảng vẫn dính lỗi vặt linh tinh và cần khởi động lại; nhìn chung cần thêm vài bản cập nhật OTA nữa để phần mềm đạt độ ổn định tuyệt đối. Mình chia sẻ lên nhóm để anh em cùng thảo luận.",neutral
EVVN-00122,2021-09-30,MG,Facebook,"Đối với chiếc MG, điểm cộng lớn nhất là khả năng tăng tốc mượt mà, không mùi khí thải và không gian cabin thoáng đãng. Dẫu vậy, quãng đường chạy đường trường thực tế sẽ hụt bớt khoảng 20-30% nếu đạp thốc ga liên tục; nhìn chung xe lái hay và giá mềm nhưng hệ sinh thái trạm sạc còn cần nhiều thời gian để hoàn thiện. (Đánh giá tháng 09/2021).",neutral
EVVN-00123,2021-09-30,Tesla,Dealer,"Bức xúc khi dùng Tesla: lỗi ắc quy 12V tụt áp bất thình lình làm xe không khởi động được, phải gọi xe cứu hộ kéo về. Ngoài ra chưa có showroom và trạm sạc Supercharger chính hãng tại VN, phải mua cổng chuyển CCS2 đắt đỏ. Mong hãng nghiêm túc lắng nghe phản ánh và sớm có phương án xử lý dứt điểm.",negative
EVVN-00124,2021-09-30,VinFast,YouTube,Bức xúc khi dùng VinFast: bản cập nhật phần mềm mới làm hao pin hơn hẳn và mất kết nối Bluetooth liên tục. Ngoài ra xưởng dịch vụ nhiều đợt đông nghẹt xe taxi vào sửa chữa nên khách cá nhân phải chờ lâu. Trải nghiệm chưa xứng đáng với kỳ vọng và số tiền bỏ ra. Chi tiết hơn mời anh em xem trong video trải nghiệm của mình nhé.,negative
EVVN-00125,2021-10-01,BYD,Forum,"Sau chuyến xuyên Việt vừa rồi, trọng tâm pin đặt dưới sàn giúp xe ôm cua cực kỳ đầm chắc, không bị vặn xoắn, hơn nữa tiền sạc rẻ giật mình, mỗi km tính ra chỉ tốn tầm 400 đến 500 đồng. Chấm điểm 9.5/10 cho độ êm ái và hiệu quả kinh tế.",positive
EVVN-00126,2021-10-01,MG,Dealer,"Tổng kết khách quan cho bác nào đang tìm hiểu, xe lái hay và giá mềm nhưng hệ sinh thái trạm sạc còn cần nhiều thời gian để hoàn thiện. Về cơ bản ưu điểm là xe chạy cực kỳ êm ái, bốc ga nhanh và chi phí tiền điện hàng tháng rất rẻ, nhưng độ hoàn thiện dàn nhựa nội thất và các chi tiết cơ khí vẫn cần hãng trau chuốt thêm.",neutral
EVVN-00127,2021-10-01,VinFast,Forum,"Chạy thử nhiều mẫu xe rồi mới chốt em này, khả năng cách âm môi trường và gầm xe tốt hơn mong đợi rất nhiều, hơn nữa kinh tế nhất là sạc chậm qua đêm tại nhà với giá điện sinh hoạt, sáng ra pin đầy ắp sẵn sàng. Thực sự vượt ngoài mong đợi ban đầu của mình.",positive
EVVN-00128,2021-10-02,VinFast,Review site,"Sau gần 8 tháng sử dụng liên tục, khả năng cách âm môi trường và gầm xe tốt hơn mong đợi rất nhiều, đồng thời tiền sạc rẻ giật mình, mỗi km tính ra chỉ tốn tầm 400 đến 500 đồng. Cực kỳ ưng ý và sẽ tiếp tục ủng hộ xu hướng di chuyển xanh.",positive
EVVN-00129,2021-10-02,BYD,Forum,"Sau thời gian trải nghiệm BYD: ưu điểm là xe chạy cực kỳ êm ái, bốc ga nhanh và chi phí tiền điện hàng tháng rất rẻ, bù lại độ hoàn thiện dàn nhựa nội thất và các chi tiết cơ khí vẫn cần hãng trau chuốt thêm. Xe có ưu nhược điểm riêng, ai chấp nhận được điểm trừ thì dùng rất ổn.",neutral
EVVN-00130,2021-10-02,Wuling,Review site,"Khen chê rõ ràng chiếc xe mini nhỏ nhất thị trường, điểm cộng là che nắng che mưa đưa đón con đi học trong phố rất tiện lợi và kinh tế, nhưng bắt buộc gia đình phải có chỗ cắm sạc điện dân dụng 220V riêng. Tóm lại mua để thay xe máy đi phố thì chuẩn bài, còn đi tỉnh thì nên bỏ qua.",neutral
EVVN-00131,2021-10-02,VinFast,Review site,Bức xúc khi dùng VinFast: bản cập nhật phần mềm mới làm hao pin hơn hẳn và mất kết nối Bluetooth liên tục. Ngoài ra chính sách gói cước và thuê pin thay đổi khiến nhiều chủ xe đời đầu hơi hụt hẫng. Nếu được chọn lại chắc chắn mình sẽ trung thành với xe xăng truyền thống.,negative
EVVN-00132,2021-10-03,Wuling,Facebook,"Lấy xe chủ yếu che nắng che mưa, bán kính quay đầu nhỏ xoay xở đầu ngõ phố nhẹ tênh, đồng thời chi phí bảo dưỡng định kỳ hầu như không đáng kể. Đúng là phương tiện hoàn hảo để thay thế xe máy.",neutral
EVVN-00133,2021-10-03,BYD,Dealer,"Chia sẻ công tâm sau thời gian trải nghiệm, xe lái chắc chắn và pin an toàn nhưng bài toán sạc phụ thuộc hoàn toàn vào bên thứ ba. Về cơ bản điểm cộng lớn nhất là khả năng tăng tốc mượt mà, không mùi khí thải và không gian cabin thoáng đãng, nhưng trần kính mùa hè khá nóng nếu không dán thêm phim cách nhiệt xịn và lắp rèm che.",neutral
EVVN-00134,2021-10-03,Tesla,YouTube,"Tổng kết khách quan cho bác nào đang tìm hiểu, công nghệ đi trước thời đại nhưng việc sạc và bảo dưỡng xe tư nhân tại VN khá nan giải. Về cơ bản xe lái đầm chắc, khung gầm dày dặn và nhiều công nghệ an toàn hiện đại, nhưng việc đi xa vẫn cần phải lên kế hoạch lộ trình trạm sạc cẩn thận chứ không tiện như đổ xăng.",neutral
EVVN-00135,2021-10-03,VinFast,Review site,"Mua xe cho vợ đi làm hàng ngày, điểm cộng là hệ thống trạm sạc V-Green phủ khắp 63 tỉnh thành từ cao tốc tới huyện xã. Thêm vào đó, hệ thống kiểm soát hành trình thích ứng và hỗ trợ giữ làn lái rất nhàn trên cao tốc. Nói chung quyết định chuyển sang xe điện là hoàn toàn sáng suốt.",positive
EVVN-00136,2021-10-03,VinFast,YouTube,"Cảm nhận về chiếc VinFast: xe lướt đi êm ru, người nhà ngồi sau trước đây hay say xe giờ đi thoải mái cả hành trình. Trợ lý ảo ViVi nhận diện giọng nói tiếng Việt ba miền cực kỳ mượt mà. Đi rồi mới thấy công nghệ xe điện tiện lợi và sướng hơn hẳn. Chi tiết hơn mời anh em xem trong video trải nghiệm của mình nhé.",positive
EVVN-00137,2021-10-04,Kia,Review site,"Đối với chiếc Kia, sạc pin ở nhà vào ban đêm rất tiện lợi và kinh tế. Dẫu vậy, hạ tầng trạm sạc công cộng dịp lễ đông đúc phải chờ đợi khá sốt ruột; nhìn chung chạy phố rất nổi bật nhưng đi xa phải tính toán kỹ.",neutral
EVVN-00138,2021-10-04,MG,YouTube,"Quá mệt mỏi sau chuyến đi tỉnh cuối tuần, nhiều điểm trạm sạc ngoài trời không có mái che, trời mưa bão cắm sạc vừa ướt vừa bất an. Thất vọng hơn là quãng đường thực tế hao hụt gần 35% so với công bố khi chạy cao tốc kèm bật điều hòa gió lớn. Trải nghiệm chưa xứng đáng với kỳ vọng và số tiền bỏ ra.",negative
EVVN-00139,2021-10-04,BYD,Facebook,"Sau thời gian trải nghiệm BYD: xe lái đầm chắc, khung gầm dày dặn và nhiều công nghệ an toàn hiện đại, bù lại quãng đường chạy đường trường thực tế sẽ hụt bớt khoảng 20-30% nếu đạp thốc ga liên tục. Bác nào ở nhà đất có chỗ cắm sạc thì nên mua, còn ở chung cư thì nên tính toán thêm. Mình chia sẻ lên nhóm để anh em cùng thảo luận.",neutral
EVVN-00140,2021-10-05,BYD,Forum,"Chia sẻ trải nghiệm không mấy vui vẻ sau 2 tháng, nhiều điểm trạm sạc ngoài trời không có mái che, trời mưa bão cắm sạc vừa ướt vừa bất an, chưa kể cảm biến va chạm và radar hú còi loạn xạ dù đường hoàn toàn thông thoáng. Quá mệt mỏi vì suốt ngày phải lo nghĩ chuyện sạc pin và lỗi phần mềm. Bác nào đang chạy dòng này vào chia sẻ thêm kinh nghiệm nhé.",negative
EVVN-00141,2021-10-05,VinFast,Forum,"Đổi từ sedan Nhật sang xe điện, thích nhất tính năng bật điều hòa từ xa trước khi lên xe, mùa hè vào xe mát rượi ngay, song song với đó kinh tế nhất là sạc chậm qua đêm tại nhà với giá điện sinh hoạt, sáng ra pin đầy ắp sẵn sàng. Thực sự vượt ngoài mong đợi ban đầu của mình.",positive
EVVN-00142,2021-10-05,Wuling,YouTube,"Mua xe cho vợ đi làm hàng ngày, bán kính quay đầu nhỏ xoay xở đầu ngõ phố nhẹ tênh, đồng thời cắm sạc trực tiếp ổ điện 220V gia đình qua đêm rất tiện lợi. Đi lại quãng ngắn trong thành phố thì không có gì để chê.",positive
EVVN-00143,2021-10-05,VinFast,Facebook,"Ấn tượng nhất sau thời gian dài sử dụng là màn hình giải trí sắc nét, cảm ứng mượt mà và hỗ trợ kết nối không dây rất tiện, kèm theo đó chi phí sạc điện mỗi tháng chưa tới 800 nghìn, tiết kiệm hơn 70% so với tiền xăng trước kia. Rất đáng tiền trong phân khúc, hài lòng 9/10 điểm. Mình chia sẻ lên nhóm để anh em cùng thảo luận.",positive
EVVN-00144,2021-10-06,VinFast,YouTube,"Sau thời gian trải nghiệm VinFast: điểm cộng lớn nhất là khả năng tăng tốc mượt mà, không mùi khí thải và không gian cabin thoáng đãng, bù lại độ hoàn thiện dàn nhựa nội thất và các chi tiết cơ khí vẫn cần hãng trau chuốt thêm. Tóm lại xe rất hợp đi phố hàng ngày, còn đi phượt xa thì cần tính toán kỹ thời gian.",neutral
EVVN-00145,2021-10-06,Tesla,Facebook,"Trải nghiệm thực tế quá khác xa so với quảng cáo, trải nghiệm thực sự tệ khi trần kính toàn cảnh vào mùa hè Hà Nội nắng 40 độ hấp nhiệt nóng rát đỉnh đầu, bật điều hòa max vẫn toát mồ hôi. Đáng nói nhất là chưa có showroom và trạm sạc Supercharger chính hãng tại VN, phải mua cổng chuyển CCS2 đắt đỏ. Không thể chấp nhận một sản phẩm giá tiền tỷ mà lỗi vặt nhiều như thế này.",negative
EVVN-00146,2021-10-06,VinFast,YouTube,"Nhận xét thực tế sau chuyến đi dài, lợi thế hệ thống trạm sạc VinFast tại Việt Nam áp đảo hoàn toàn so với mọi đối thủ. Về cơ bản ưu điểm là xe chạy cực kỳ êm ái, bốc ga nhanh và chi phí tiền điện hàng tháng rất rẻ, nhưng hạ tầng trạm sạc công cộng dịp lễ đông đúc phải chờ đợi khá sốt ruột.",neutral
EVVN-00147,2021-10-06,MG,Forum,"Dưới góc nhìn người dùng thực tế, lựa chọn kinh tế cho người mua xe điện lần đầu muốn trải nghiệm. Về cơ bản xe lái đầm chắc, khung gầm dày dặn và nhiều công nghệ an toàn hiện đại, nhưng trần kính mùa hè khá nóng nếu không dán thêm phim cách nhiệt xịn và lắp rèm che.",neutral
EVVN-00148,2021-10-06,Kia,YouTube,"Khen chê rõ ràng cho anh em tham khảo, thiết kế và vận hành rất tốt nhưng cần Kia mở rộng liên kết trạm sạc tại VN. Về cơ bản ưu điểm là xe chạy cực kỳ êm ái, bốc ga nhanh và chi phí tiền điện hàng tháng rất rẻ, nhưng hạ tầng trạm sạc công cộng dịp lễ đông đúc phải chờ đợi khá sốt ruột. Chi tiết hơn mời anh em xem trong video trải nghiệm của mình nhé.",negative
EVVN-00149,2021-10-06,Wuling,Dealer,"Lên đây cảnh báo thực tế cho anh em đang có ý định mua, tốc độ tối đa thấp và không đi được cao tốc, ra đường lớn gió thổi tạt hơi ghê. Điểm trừ nữa là nội thất nhựa thô ráp dễ trầy xước. Đang tính chuyện bán đổi sang xe xăng cũ cho lành.",negative
EVVN-00150,2021-10-06,BYD,YouTube,"Sau thời gian trải nghiệm BYD: vận hành trong đô thị rất nhàn nhã, máy êm, chi phí nuôi xe tiết kiệm thấy rõ, bù lại việc đi xa vẫn cần phải lên kế hoạch lộ trình trạm sạc cẩn thận chứ không tiện như đổ xăng. Tùy vào nhu cầu sử dụng của mỗi gia đình mà cân nhắc cho phù hợp.",neutral
EVVN-00151,2021-10-07,MG,Dealer,"Chạy được gần 2 vạn km rồi mới dám lên bài, điểm cộng là mức giá tiếp cận hợp lý so với công năng xe điện mang lại. Thêm vào đó, màn hình giải trí sắc nét, cảm ứng mượt mà và hỗ trợ kết nối không dây rất tiện. Đi rồi mới thấy công nghệ xe điện tiện lợi và sướng hơn hẳn. Cảm nhận nhanh sau buổi nhận bàn giao xe tại đại lý.",neutral
EVVN-00152,2021-10-07,Kia,Forum,"Không tâng bốc cũng không dìm hàng, thiết kế và vận hành rất tốt nhưng cần Kia mở rộng liên kết trạm sạc tại VN. Về cơ bản sạc pin ở nhà vào ban đêm rất tiện lợi và kinh tế, nhưng độ hoàn thiện dàn nhựa nội thất và các chi tiết cơ khí vẫn cần hãng trau chuốt thêm.",neutral
EVVN-00153,2021-10-07,VinFast,YouTube,"Đối với chiếc VinFast, ưu điểm là xe chạy cực kỳ êm ái, bốc ga nhanh và chi phí tiền điện hàng tháng rất rẻ. Dẫu vậy, độ hoàn thiện dàn nhựa nội thất và các chi tiết cơ khí vẫn cần hãng trau chuốt thêm; nhìn chung cần thêm vài bản cập nhật OTA nữa để phần mềm đạt độ ổn định tuyệt đối.",neutral
EVVN-00154,2021-10-08,BYD,Forum,"Cảm nhận về chiếc BYD: xe lướt đi êm ru, người nhà ngồi sau trước đây hay say xe giờ đi thoải mái cả hành trình. Màn hình xoay 15.6 inch sắc nét và độ phản hồi cảm ứng rất nhanh. Rất đáng tiền trong phân khúc, hài lòng 9/10 điểm. Bác nào đang chạy dòng này vào chia sẻ thêm kinh nghiệm nhé.",positive
EVVN-00155,2021-10-08,VinFast,YouTube,"Ấn tượng nhất sau thời gian dài sử dụng là trọng tâm pin đặt dưới sàn giúp xe ôm cua cực kỳ đầm chắc, không bị vặn xoắn, và tiền sạc rẻ giật mình, mỗi km tính ra chỉ tốn tầm 400 đến 500 đồng. Cực kỳ ưng ý và sẽ tiếp tục ủng hộ xu hướng di chuyển xanh. Chi tiết hơn mời anh em xem trong video trải nghiệm của mình nhé.",positive
EVVN-00156,2021-10-08,VinFast,Dealer,"Gặp sự cố giữa đường mới thấy, ra đến trạm sạc cao tốc thì 3 trụ báo lỗi hỏng, trụ duy nhất còn lại thì bị xe xăng đỗ chiếm chỗ vô ý thức. Thất vọng hơn là chất liệu nhựa nội thất ọp ẹp, đi vào đường xấu phát ra tiếng kêu cọt kẹt rất khó chịu. Thực sự thất vọng, khuyên thật lòng anh em nên cân nhắc kỹ trước khi xuống tiền.",neutral
EVVN-00157,2021-10-08,VinFast,YouTube,Bức xúc khi dùng VinFast: cảm biến va chạm và radar hú còi loạn xạ dù đường hoàn toàn thông thoáng. Ngoài ra màn hình giải trí đôi khi khởi động lại bất thình lình khi xe đang chạy. Mong hãng nghiêm túc lắng nghe phản ánh và sớm có phương án xử lý dứt điểm.,negative
EVVN-00158,2021-10-08,VinFast,Dealer,"Bức xúc khi dùng VinFast: hệ thống nhận diện giọng nói ngô nghê, gọi mãi không hiểu khẩu lệnh cơ bản. Ngoài ra phần mềm thỉnh thoảng báo lỗi ảo rùa vàng phải tắt máy chờ một lúc mới khởi động lại được. Thực sự thất vọng, khuyên thật lòng anh em nên cân nhắc kỹ trước khi xuống tiền.",negative
EVVN-00159,2021-10-08,Hyundai,YouTube,"Dùng được vài tuần bắt đầu phát sinh nhiều vấn đề, ở chung cư không có trụ sạc AC, đi làm về mệt mỏi lại phải lang thang tìm trụ sạc nhanh rất bất tiện. Thất vọng hơn là khoang hành lý quá chật hẹp, không thể nhét vừa hai chiếc vali cỡ trung cho chuyến đi xa. Nếu được chọn lại chắc chắn mình sẽ trung thành với xe xăng truyền thống.",negative
EVVN-00160,2021-10-09,Tesla,YouTube,"Thất vọng toàn tập với chuyến đi vừa rồi, trải nghiệm thực sự tệ khi khoang hành lý quá chật hẹp, không thể nhét vừa hai chiếc vali cỡ trung cho chuyến đi xa. Đáng nói nhất là khe hở thân vỏ gia công chưa thật sự khít và đồng đều. Nếu được chọn lại chắc chắn mình sẽ trung thành với xe xăng truyền thống.",negative
EVVN-00161,2021-10-09,Tesla,Forum,Bức xúc khi dùng Tesla: bản cập nhật phần mềm mới làm hao pin hơn hẳn và mất kết nối Bluetooth liên tục. Ngoài ra khe hở thân vỏ gia công chưa thật sự khít và đồng đều. Nếu được chọn lại chắc chắn mình sẽ trung thành với xe xăng truyền thống.,negative
EVVN-00162,2021-10-09,VinFast,Review site,"Đối với chiếc VinFast, sạc pin ở nhà vào ban đêm rất tiện lợi và kinh tế. Dẫu vậy, quãng đường chạy đường trường thực tế sẽ hụt bớt khoảng 20-30% nếu đạp thốc ga liên tục; nhìn chung cần thêm vài bản cập nhật OTA nữa để phần mềm đạt độ ổn định tuyệt đối.",negative
EVVN-00163,2021-10-09,Kia,Facebook,"Chạy thử nhiều mẫu xe rồi mới chốt em này, thích nhất tính năng bật điều hòa từ xa trước khi lên xe, mùa hè vào xe mát rượi ngay, song song với đó khoản bảo dưỡng định kỳ rất nhàn, không phải thay dầu máy hay bugi lọc gió phức tạp. Một trải nghiệm nâng cấp chất lượng sống cho cả gia đình.",positive
EVVN-00164,2021-10-10,Tesla,Dealer,"Nhà mình chạy được 1 vạn km, xe tăng tốc tức thì, vượt xe trên quốc lộ rất tự tin và an toàn, đồng thời tiền sạc rẻ giật mình, mỗi km tính ra chỉ tốn tầm 400 đến 500 đồng. Rất đáng tiền trong phân khúc, hài lòng 9/10 điểm. Cảm nhận nhanh sau buổi nhận bàn giao xe tại đại lý.",positive
EVVN-00165,2021-10-10,BYD,YouTube,"Bức xúc khi dùng BYD: lỗi ắc quy 12V tụt áp bất thình lình làm xe không khởi động được, phải gọi xe cứu hộ kéo về. Ngoài ra giá phụ tùng linh kiện nhập khẩu còn tương đối cao. Quá mệt mỏi vì suốt ngày phải lo nghĩ chuyện sạc pin và lỗi phần mềm.",negative
EVVN-00166,2021-10-10,VinFast,Dealer,"Sau 15.000 km lăn bánh, điểm cộng là khung gầm đầm chắc chuẩn xe Đức, ôm cua ở tốc độ cao rất vững vàng. Bên cạnh đó, hệ thống kiểm soát hành trình thích ứng và hỗ trợ giữ làn lái rất nhàn trên cao tốc. Chấm điểm 9.5/10 cho độ êm ái và hiệu quả kinh tế. Cảm nhận nhanh sau buổi nhận bàn giao xe tại đại lý.",positive
EVVN-00167,2021-10-10,Hyundai,YouTube,"Đối với chiếc Hyundai, sạc pin ở nhà vào ban đêm rất tiện lợi và kinh tế. Dẫu vậy, trần kính mùa hè khá nóng nếu không dán thêm phim cách nhiệt xịn và lắp rèm che; nhìn chung chất lượng hoàn thiện chuẩn xe toàn cầu nhưng hạ tầng sạc vẫn là rào cản lớn.",neutral
EVVN-00168,2021-10-11,VinFast,YouTube,"Gia đình mình sử dụng đi lại hàng ngày, phanh tái sinh chỉnh mức vừa đi rất mượt, đi trong phố đông gần như chỉ cần dùng một bàn đạp, đồng thời tiền sạc rẻ giật mình, mỗi km tính ra chỉ tốn tầm 400 đến 500 đồng. Chấm điểm 9.5/10 cho độ êm ái và hiệu quả kinh tế.",neutral
EVVN-00169,2021-10-11,MG,Forum,"Đối với chiếc MG, xe lái đầm chắc, khung gầm dày dặn và nhiều công nghệ an toàn hiện đại. Dẫu vậy, việc đi xa vẫn cần phải lên kế hoạch lộ trình trạm sạc cẩn thận chứ không tiện như đổ xăng; nhìn chung lựa chọn kinh tế cho người mua xe điện lần đầu muốn trải nghiệm.",neutral
EVVN-00170,2021-10-12,MG,Forum,"Cần phản ánh nghiêm túc về tình trạng, dịp lễ cao điểm trạm sạc nào cũng quá tải, xếp hàng dài chờ hơn 1 tiếng rưỡi mới đến lượt cắm sạc, thêm vào đó bản cập nhật phần mềm mới làm hao pin hơn hẳn và mất kết nối Bluetooth liên tục. Trải nghiệm chưa xứng đáng với kỳ vọng và số tiền bỏ ra.",neutral
EVVN-00171,2021-10-12,Kia,Facebook,"Bức xúc khi dùng Kia: cảm biến va chạm và radar hú còi loạn xạ dù đường hoàn toàn thông thoáng. Ngoài ra số lượng xe lăn bánh trên đường còn quá hiếm nên tìm phụ tùng khó. Thực sự thất vọng, khuyên thật lòng anh em nên cân nhắc kỹ trước khi xuống tiền.",negative
EVVN-00172,2021-10-12,Kia,Review site,"Bức xúc khi dùng Kia: lỗi ắc quy 12V tụt áp bất thình lình làm xe không khởi động được, phải gọi xe cứu hộ kéo về. Ngoài ra giá lăn bánh còn cao so với các đối thủ cùng tầm. Đang tính chuyện bán lỗ để quay về xe xăng cho đỡ đau đầu.",neutral
EVVN-00173,2021-10-13,Kia,Forum,"Vừa bực vừa ức chế, tốc độ sạc bị bóp công suất tụt thảm hại khi có nhiều xe cùng cắm sạc một lúc, thêm vào đó hệ thống nhận diện giọng nói ngô nghê, gọi mãi không hiểu khẩu lệnh cơ bản. Mong hãng nghiêm túc lắng nghe phản ánh và sớm có phương án xử lý dứt điểm. Bác nào đang chạy dòng này vào chia sẻ thêm kinh nghiệm nhé.",negative
EVVN-00174,2021-10-13,VinFast,Dealer,Bức xúc khi dùng VinFast: phần mềm liên tục báo lỗi ảo và cảnh báo pin ảo khiến người lái hoang mang. Ngoài ra xưởng dịch vụ nhiều đợt đông nghẹt xe taxi vào sửa chữa nên khách cá nhân phải chờ lâu. Không thể chấp nhận một sản phẩm giá tiền tỷ mà lỗi vặt nhiều như thế này.,negative
EVVN-00175,2021-10-13,Kia,Review site,"Đi làm hằng ngày với em nó, vận hành êm ái tuyệt đối, không rung giật và chấm dứt hẳn mùi xăng khó chịu, hơn nữa chi phí sạc điện mỗi tháng chưa tới 800 nghìn, tiết kiệm hơn 70% so với tiền xăng trước kia. Ai còn phân vân thì nên lái thử một lần, đảm bảo không muốn quay lại xe xăng.",positive
EVVN-00176,2021-10-14,MG,Forum,"Sau thời gian trải nghiệm MG: vận hành trong đô thị rất nhàn nhã, máy êm, chi phí nuôi xe tiết kiệm thấy rõ, bù lại việc đi xa vẫn cần phải lên kế hoạch lộ trình trạm sạc cẩn thận chứ không tiện như đổ xăng. Tùy vào nhu cầu sử dụng của mỗi gia đình mà cân nhắc cho phù hợp.",neutral
EVVN-00177,2021-10-14,VinFast,Review site,"Bức xúc khi dùng VinFast: màn hình trung tâm thỉnh thoảng bị đơ đen sì khi đang chạy, camera lùi bị giật lag nghiêm trọng. Ngoài ra phần mềm thỉnh thoảng báo lỗi ảo rùa vàng phải tắt máy chờ một lúc mới khởi động lại được. Trải nghiệm chưa xứng đáng với kỳ vọng và số tiền bỏ ra.",negative
EVVN-00178,2021-10-14,Kia,Review site,"Sau gần 8 tháng sử dụng liên tục, màn hình giải trí sắc nét, cảm ứng mượt mà và hỗ trợ kết nối không dây rất tiện, song song với đó chi phí sạc điện mỗi tháng chưa tới 800 nghìn, tiết kiệm hơn 70% so với tiền xăng trước kia. Nói chung quyết định chuyển sang xe điện là hoàn toàn sáng suốt.",positive
EVVN-00179,2021-10-14,MG,YouTube,"Thật sự ngán ngẩm với chất lượng hoàn thiện, ra đến trạm sạc cao tốc thì 3 trụ báo lỗi hỏng, trụ duy nhất còn lại thì bị xe xăng đỗ chiếm chỗ vô ý thức. Thất vọng hơn là khoang hành lý quá chật hẹp, không thể nhét vừa hai chiếc vali cỡ trung cho chuyến đi xa. Không thể chấp nhận một sản phẩm giá tiền tỷ mà lỗi vặt nhiều như thế này.",negative
EVVN-00180,2021-10-14,MG,YouTube,"Nhiều lúc ức chế phát khóc, tốc độ sạc bị bóp công suất tụt thảm hại khi có nhiều xe cùng cắm sạc một lúc. Thất vọng hơn là chất liệu nhựa nội thất ọp ẹp, đi vào đường xấu phát ra tiếng kêu cọt kẹt rất khó chịu. Thực sự thất vọng, khuyên thật lòng anh em nên cân nhắc kỹ trước khi xuống tiền.",negative
EVVN-00181,2021-10-14,VinFast,Forum,"Sau 15.000 km lăn bánh, điểm cộng là khung gầm đầm chắc chuẩn xe Đức, ôm cua ở tốc độ cao rất vững vàng. Thêm vào đó, màn hình giải trí sắc nét, cảm ứng mượt mà và hỗ trợ kết nối không dây rất tiện. Cực kỳ ưng ý và sẽ tiếp tục ủng hộ xu hướng di chuyển xanh.",positive
EVVN-00182,2021-10-14,BYD,Review site,"Mua xe cho vợ đi làm hàng ngày, phanh tái sinh chỉnh mức vừa đi rất mượt, đi trong phố đông gần như chỉ cần dùng một bàn đạp, đồng thời chi phí sạc điện mỗi tháng chưa tới 800 nghìn, tiết kiệm hơn 70% so với tiền xăng trước kia. Ai còn phân vân thì nên lái thử một lần, đảm bảo không muốn quay lại xe xăng.",positive
EVVN-00183,2021-10-14,Kia,YouTube,"Cảm nhận về chiếc Kia: xe tăng tốc tức thì, vượt xe trên quốc lộ rất tự tin và an toàn. Công nghệ pin sạc nhanh tiên tiến và trang bị tiện nghi dồi dào. Đi rồi mới thấy công nghệ xe điện tiện lợi và sướng hơn hẳn.",neutral
EVVN-00184,2021-10-14,Kia,YouTube,"Nhà mình chạy được 1 vạn km, buổi trưa nằm nghỉ trong xe bật điều hòa thoải mái mà không sợ ngạt khí CO độc hại, kèm theo đó tiền sạc rẻ giật mình, mỗi km tính ra chỉ tốn tầm 400 đến 500 đồng. Rất đáng tiền trong phân khúc, hài lòng 9/10 điểm.",positive
EVVN-00185,2021-10-14,BYD,YouTube,"Chia sẻ công tâm sau thời gian trải nghiệm, xe lái đầm chắc, khung gầm dày dặn và nhiều công nghệ an toàn hiện đại, nhưng hạ tầng trạm sạc công cộng dịp lễ đông đúc phải chờ đợi khá sốt ruột. Bác nào ở nhà đất có chỗ cắm sạc thì nên mua, còn ở chung cư thì nên tính toán thêm.",neutral
EVVN-00186,2021-10-15,Kia,Dealer,"Chia sẻ công tâm sau thời gian trải nghiệm, điểm cộng lớn nhất là khả năng tăng tốc mượt mà, không mùi khí thải và không gian cabin thoáng đãng, nhưng hạ tầng trạm sạc công cộng dịp lễ đông đúc phải chờ đợi khá sốt ruột. Nhìn chung là sản phẩm dùng được nhưng chưa thực sự hoàn hảo.",negative
EVVN-00187,2021-10-15,Wuling,Dealer,"Khen chê rõ ràng chiếc xe mini nhỏ nhất thị trường, ưu điểm là xe nhỏ gọn luồn lách ngõ hẹp cực tốt và tiền điện sạc tại nhà siêu rẻ, tuy nhiên tốc độ thấp và tầm hoạt động ngắn nên không thể đi phượt hay chạy xa. Tùy vào nhu cầu thực tế và điều kiện chỗ sạc tại nhà của mỗi người. Cảm nhận nhanh sau buổi nhận bàn giao xe tại đại lý.",neutral
EVVN-00188,2021-10-15,VinFast,Review site,"Chờ đợi mòn mỏi ở xưởng dịch vụ, trải nghiệm thực sự tệ khi chất liệu nhựa nội thất ọp ẹp, đi vào đường xấu phát ra tiếng kêu cọt kẹt rất khó chịu. Đáng nói nhất là phần mềm thỉnh thoảng báo lỗi ảo rùa vàng phải tắt máy chờ một lúc mới khởi động lại được. Thực sự thất vọng, khuyên thật lòng anh em nên cân nhắc kỹ trước khi xuống tiền.",negative
EVVN-00189,2021-10-15,Wuling,Dealer,"Dùng được vài tuần bắt đầu thấy nhiều điểm bất tiện, trang bị an toàn nghèo nàn, bản thấp thậm chí không có túi khí bảo vệ. Điểm trừ nữa là cách âm gầm và lốp kém khi đi qua đoạn đường nhám. Khuyên thật lòng ai ở chung cư hoặc muốn đi xa thì tuyệt đối không nên mua.",negative
EVVN-00190,2021-10-15,Tesla,YouTube,"Khen chê rõ ràng cho anh em tham khảo, vận hành trong đô thị rất nhàn nhã, máy êm, chi phí nuôi xe tiết kiệm thấy rõ, nhưng quãng đường chạy đường trường thực tế sẽ hụt bớt khoảng 20-30% nếu đạp thốc ga liên tục. Tùy vào nhu cầu sử dụng của mỗi gia đình mà cân nhắc cho phù hợp.",positive
EVVN-00191,2021-10-15,Hyundai,Dealer,"Lấy xe từ đợt đầu, hệ thống kiểm soát hành trình thích ứng và hỗ trợ giữ làn lái rất nhàn trên cao tốc, kèm theo đó chi phí sạc điện mỗi tháng chưa tới 800 nghìn, tiết kiệm hơn 70% so với tiền xăng trước kia. Một trải nghiệm nâng cấp chất lượng sống cho cả gia đình.",positive
EVVN-00192,2021-10-16,Tesla,Forum,"Bức xúc khi dùng Tesla: bản cập nhật phần mềm mới làm hao pin hơn hẳn và mất kết nối Bluetooth liên tục. Ngoài ra chưa có showroom và trạm sạc Supercharger chính hãng tại VN, phải mua cổng chuyển CCS2 đắt đỏ. Quá mệt mỏi vì suốt ngày phải lo nghĩ chuyện sạc pin và lỗi phần mềm.",negative
EVVN-00193,2021-10-16,Hyundai,Review site,"Cảm nhận về chiếc Hyundai: trọng tâm pin đặt dưới sàn giúp xe ôm cua cực kỳ đầm chắc, không bị vặn xoắn. Kiến trúc điện 800V hỗ trợ sạc siêu nhanh hàng đầu phân khúc. Chấm điểm 9.5/10 cho độ êm ái và hiệu quả kinh tế.",positive
EVVN-00194,2021-10-17,VinFast,Dealer,"Đối với chiếc VinFast, vận hành trong đô thị rất nhàn nhã, máy êm, chi phí nuôi xe tiết kiệm thấy rõ. Dẫu vậy, trần kính mùa hè khá nóng nếu không dán thêm phim cách nhiệt xịn và lắp rèm che; nhìn chung cần thêm vài bản cập nhật OTA nữa để phần mềm đạt độ ổn định tuyệt đối.",neutral
EVVN-00195,2021-10-17,MG,Facebook,"Tổng kết khách quan cho bác nào đang tìm hiểu, xe lái hay và giá mềm nhưng hệ sinh thái trạm sạc còn cần nhiều thời gian để hoàn thiện. Về cơ bản điểm cộng lớn nhất là khả năng tăng tốc mượt mà, không mùi khí thải và không gian cabin thoáng đãng, nhưng độ hoàn thiện dàn nhựa nội thất và các chi tiết cơ khí vẫn cần hãng trau chuốt thêm.",neutral
EVVN-00196,2021-10-17,Kia,Dealer,"Hôm qua suýt nằm đường vì, dọc đường miền núi trạm sạc quá thưa thớt, vừa đi vừa run sợ hết pin giữa đèo, chưa kể phần mềm liên tục báo lỗi ảo và cảnh báo pin ảo khiến người lái hoang mang. Trải nghiệm chưa xứng đáng với kỳ vọng và số tiền bỏ ra.",negative
EVVN-00197,2021-10-18,BYD,Dealer,"Test thử cao tốc đợt cuối tuần, các bản cập nhật phần mềm từ xa OTA ngày càng hoàn thiện, xe đi mượt hơn hẳn, song song với đó khoản bảo dưỡng định kỳ rất nhàn, không phải thay dầu máy hay bugi lọc gió phức tạp. Rất đáng tiền trong phân khúc, hài lòng 9/10 điểm.",neutral
EVVN-00198,2021-10-18,Hyundai,Forum,"Sau chuyến xuyên Việt vừa rồi, điểm cộng là Ioniq 5 thiết kế phong cách Pixel retro tương lai cực kỳ ấn tượng. Bên cạnh đó, buổi trưa nằm nghỉ trong xe bật điều hòa thoải mái mà không sợ ngạt khí CO độc hại. Ai còn phân vân thì nên lái thử một lần, đảm bảo không muốn quay lại xe xăng.",positive
EVVN-00199,2021-10-18,BYD,Review site,Bức xúc khi dùng BYD: phần mềm liên tục báo lỗi ảo và cảnh báo pin ảo khiến người lái hoang mang. Ngoài ra nhiều chi tiết đèn viền và cửa gió thiết kế hơi rườm rà sến sẩm. Trải nghiệm chưa xứng đáng với kỳ vọng và số tiền bỏ ra.,negative
EVVN-00200,2021-10-18,Hyundai,YouTube,"Cần phản ánh nghiêm túc về tình trạng, ra đến trạm sạc cao tốc thì 3 trụ báo lỗi hỏng, trụ duy nhất còn lại thì bị xe xăng đỗ chiếm chỗ vô ý thức. Thất vọng hơn là chất liệu nhựa nội thất ọp ẹp, đi vào đường xấu phát ra tiếng kêu cọt kẹt rất khó chịu. Mong hãng nghiêm túc lắng nghe phản ánh và sớm có phương án xử lý dứt điểm.",negative
EVVN-00201,2021-10-18,Hyundai,Review site,"Vừa bực vừa ức chế, trải nghiệm thực sự tệ khi độ hoàn thiện các khe hở thân vỏ không đều, gioăng cao su cửa cách âm kém nghe rõ tiếng gió rít khi lên 100km/h. Đáng nói nhất là mức giá niêm yết khá cao so với mặt bằng thu nhập số đông. Mong hãng nghiêm túc lắng nghe phản ánh và sớm có phương án xử lý dứt điểm.",negative
EVVN-00202,2021-10-18,VinFast,Facebook,"Sau thời gian trải nghiệm VinFast: sạc pin ở nhà vào ban đêm rất tiện lợi và kinh tế, bù lại phần mềm thỉnh thoảng vẫn dính lỗi vặt linh tinh và cần khởi động lại. Nhìn chung là sản phẩm dùng được nhưng chưa thực sự hoàn hảo.",neutral
EVVN-00203,2021-10-19,Hyundai,Dealer,"Lần đầu đi phượt đèo dốc bằng xe điện, màn hình giải trí sắc nét, cảm ứng mượt mà và hỗ trợ kết nối không dây rất tiện, kèm theo đó tiền sạc rẻ giật mình, mỗi km tính ra chỉ tốn tầm 400 đến 500 đồng. Đi rồi mới thấy công nghệ xe điện tiện lợi và sướng hơn hẳn.",positive
EVVN-00204,2021-10-19,MG,Dealer,"Đối với chiếc MG, sạc pin ở nhà vào ban đêm rất tiện lợi và kinh tế. Dẫu vậy, trần kính mùa hè khá nóng nếu không dán thêm phim cách nhiệt xịn và lắp rèm che; nhìn chung xe lái hay và giá mềm nhưng hệ sinh thái trạm sạc còn cần nhiều thời gian để hoàn thiện.",positive
EVVN-00205,2021-10-19,BYD,Forum,"Chia sẻ công tâm sau thời gian trải nghiệm, chất lượng hoàn thiện tốt trong tầm giá xe nhập khẩu. Về cơ bản vận hành trong đô thị rất nhàn nhã, máy êm, chi phí nuôi xe tiết kiệm thấy rõ, nhưng độ hoàn thiện dàn nhựa nội thất và các chi tiết cơ khí vẫn cần hãng trau chuốt thêm. Bác nào đang chạy dòng này vào chia sẻ thêm kinh nghiệm nhé.",positive
EVVN-00206,2021-10-20,Hyundai,YouTube,"Nhà mình chạy được 1 vạn km, điểm cộng là không gian cabin phẳng rộng rãi như phòng khách gia đình. Bên cạnh đó, màn hình giải trí sắc nét, cảm ứng mượt mà và hỗ trợ kết nối không dây rất tiện. Nói chung quyết định chuyển sang xe điện là hoàn toàn sáng suốt.",positive
EVVN-00207,2021-10-20,MG,YouTube,"Tổng kết khách quan cho bác nào đang tìm hiểu, xe lái hay và giá mềm nhưng hệ sinh thái trạm sạc còn cần nhiều thời gian để hoàn thiện. Về cơ bản điểm cộng lớn nhất là khả năng tăng tốc mượt mà, không mùi khí thải và không gian cabin thoáng đãng, nhưng độ hoàn thiện dàn nhựa nội thất và các chi tiết cơ khí vẫn cần hãng trau chuốt thêm. Chi tiết hơn mời anh em xem trong video trải nghiệm của mình nhé.",neutral
EVVN-00208,2021-10-20,Hyundai,Forum,Bức xúc khi dùng Hyundai: phần mềm liên tục báo lỗi ảo và cảnh báo pin ảo khiến người lái hoang mang. Ngoài ra khoang lái ít phím bấm vật lý đôi khi thao tác chưa thật sự quen tay. Không thể chấp nhận một sản phẩm giá tiền tỷ mà lỗi vặt nhiều như thế này.,negative
EVVN-00209,2021-10-21,Tesla,Forum,"Nhận xét thực tế sau chuyến đi dài, công nghệ đi trước thời đại nhưng việc sạc và bảo dưỡng xe tư nhân tại VN khá nan giải. Về cơ bản vận hành trong đô thị rất nhàn nhã, máy êm, chi phí nuôi xe tiết kiệm thấy rõ, nhưng quãng đường chạy đường trường thực tế sẽ hụt bớt khoảng 20-30% nếu đạp thốc ga liên tục.",neutral
EVVN-00210,2021-10-21,Hyundai,Dealer,"Chia sẻ công tâm sau thời gian trải nghiệm, vận hành trong đô thị rất nhàn nhã, máy êm, chi phí nuôi xe tiết kiệm thấy rõ, nhưng hạ tầng trạm sạc công cộng dịp lễ đông đúc phải chờ đợi khá sốt ruột. Bác nào ở nhà đất có chỗ cắm sạc thì nên mua, còn ở chung cư thì nên tính toán thêm.",neutral
EVVN-00211,2021-10-22,Tesla,Forum,"Nhận xét thực tế sau chuyến đi dài, vận hành trong đô thị rất nhàn nhã, máy êm, chi phí nuôi xe tiết kiệm thấy rõ, nhưng trần kính mùa hè khá nóng nếu không dán thêm phim cách nhiệt xịn và lắp rèm che. Bác nào ở nhà đất có chỗ cắm sạc thì nên mua, còn ở chung cư thì nên tính toán thêm.",positive
EVVN-00212,2021-10-22,BYD,YouTube,"Lên đây cảnh báo cho anh em đang có ý định mua, trải nghiệm thực sự tệ khi chất liệu nhựa nội thất ọp ẹp, đi vào đường xấu phát ra tiếng kêu cọt kẹt rất khó chịu. Đáng nói nhất là nhiều chi tiết đèn viền và cửa gió thiết kế hơi rườm rà sến sẩm. Không thể chấp nhận một sản phẩm giá tiền tỷ mà lỗi vặt nhiều như thế này.",negative
EVVN-00213,2021-10-22,VinFast,Review site,"Nhà mình chạy được 1 vạn km, các bản cập nhật phần mềm từ xa OTA ngày càng hoàn thiện, xe đi mượt hơn hẳn, kèm theo đó kinh tế nhất là sạc chậm qua đêm tại nhà với giá điện sinh hoạt, sáng ra pin đầy ắp sẵn sàng. Ai còn phân vân thì nên lái thử một lần, đảm bảo không muốn quay lại xe xăng.",positive
EVVN-00214,2021-10-22,Hyundai,YouTube,"Thất vọng toàn tập với chuyến đi vừa rồi, dịp lễ cao điểm trạm sạc nào cũng quá tải, xếp hàng dài chờ hơn 1 tiếng rưỡi mới đến lượt cắm sạc, thêm vào đó màn hình trung tâm thỉnh thoảng bị đơ đen sì khi đang chạy, camera lùi bị giật lag nghiêm trọng. Quá mệt mỏi vì suốt ngày phải lo nghĩ chuyện sạc pin và lỗi phần mềm.",negative
EVVN-00215,2021-10-22,MG,Facebook,"Trải nghiệm thực tế sau 1 năm, điểm cộng là MG4 EV dẫn động cầu sau lái phấn khích và linh hoạt trong cua. Thêm vào đó, thích nhất tính năng bật điều hòa từ xa trước khi lên xe, mùa hè vào xe mát rượi ngay. Thực sự vượt ngoài mong đợi ban đầu của mình. Mình chia sẻ lên nhóm để anh em cùng thảo luận.",positive
EVVN-00216,2021-10-23,VinFast,Facebook,"Lúc đầu cũng đắn đo nhưng chốt xe xong thấy, xe lướt đi êm ru, người nhà ngồi sau trước đây hay say xe giờ đi thoải mái cả hành trình, hơn nữa kinh tế nhất là sạc chậm qua đêm tại nhà với giá điện sinh hoạt, sáng ra pin đầy ắp sẵn sàng. Đi rồi mới thấy công nghệ xe điện tiện lợi và sướng hơn hẳn.",positive
EVVN-00217,2021-10-23,MG,YouTube,"Chia sẻ trải nghiệm không mấy vui vẻ sau 2 tháng, tốc độ sạc bị bóp công suất tụt thảm hại khi có nhiều xe cùng cắm sạc một lúc, chưa kể phần mềm liên tục báo lỗi ảo và cảnh báo pin ảo khiến người lái hoang mang. Quá mệt mỏi vì suốt ngày phải lo nghĩ chuyện sạc pin và lỗi phần mềm.",negative
EVVN-00218,2021-10-23,VinFast,Dealer,"Ấn tượng nhất sau thời gian dài sử dụng là xe tăng tốc tức thì, vượt xe trên quốc lộ rất tự tin và an toàn, hơn nữa khoản bảo dưỡng định kỳ rất nhàn, không phải thay dầu máy hay bugi lọc gió phức tạp. Ai còn phân vân thì nên lái thử một lần, đảm bảo không muốn quay lại xe xăng.",positive
EVVN-00219,2021-10-24,MG,YouTube,"Trải nghiệm thực tế quá khác xa so với quảng cáo, ở chung cư không có trụ sạc AC, đi làm về mệt mỏi lại phải lang thang tìm trụ sạc nhanh rất bất tiện, chưa kể cảm biến va chạm và radar hú còi loạn xạ dù đường hoàn toàn thông thoáng. Trải nghiệm chưa xứng đáng với kỳ vọng và số tiền bỏ ra.",neutral
EVVN-00220,2021-10-24,BYD,Forum,"Chạy dịch vụ cày cuốc cả ngày, màn hình giải trí sắc nét, cảm ứng mượt mà và hỗ trợ kết nối không dây rất tiện, kèm theo đó tiền sạc rẻ giật mình, mỗi km tính ra chỉ tốn tầm 400 đến 500 đồng. Ai còn phân vân thì nên lái thử một lần, đảm bảo không muốn quay lại xe xăng.",positive
EVVN-00221,2021-10-24,BYD,YouTube,"Cảm nhận về chiếc BYD: xe tăng tốc tức thì, vượt xe trên quốc lộ rất tự tin và an toàn. Công nghệ pin Blade độc quyền an toàn chống cháy nổ rất yên tâm. Rất đáng tiền trong phân khúc, hài lòng 9/10 điểm. Chi tiết hơn mời anh em xem trong video trải nghiệm của mình nhé.",positive
EVVN-00222,2021-10-25,Wuling,YouTube,"Chia sẻ trải nghiệm không mấy vui vẻ sau 2 tháng, tốc độ tối đa thấp và không đi được cao tốc, ra đường lớn gió thổi tạt hơi ghê. Điểm trừ nữa là giảm xóc sau khá cứng đi qua gờ giảm tốc nảy tưng tưng. Mua về rồi mới thấy bất tiện hơn tưởng tượng rất nhiều.",neutral
EVVN-00223,2021-10-25,BYD,Forum,"Hôm qua suýt nằm đường vì, trải nghiệm thực sự tệ khi quãng đường thực tế hao hụt gần 35% so với công bố khi chạy cao tốc kèm bật điều hòa gió lớn. Đáng nói nhất là nhiều chi tiết đèn viền và cửa gió thiết kế hơi rườm rà sến sẩm. Không thể chấp nhận một sản phẩm giá tiền tỷ mà lỗi vặt nhiều như thế này.",negative
EVVN-00224,2021-10-25,Tesla,Forum,"Thất vọng toàn tập với chuyến đi vừa rồi, dịp lễ cao điểm trạm sạc nào cũng quá tải, xếp hàng dài chờ hơn 1 tiếng rưỡi mới đến lượt cắm sạc, thêm vào đó phần mềm liên tục báo lỗi ảo và cảnh báo pin ảo khiến người lái hoang mang. Thực sự thất vọng, khuyên thật lòng anh em nên cân nhắc kỹ trước khi xuống tiền. Bác nào đang chạy dòng này vào chia sẻ thêm kinh nghiệm nhé.",negative
EVVN-00225,2021-10-25,VinFast,Review site,"Không tâng bốc cũng không dìm hàng, lợi thế hệ thống trạm sạc VinFast tại Việt Nam áp đảo hoàn toàn so với mọi đối thủ. Về cơ bản ưu điểm là xe chạy cực kỳ êm ái, bốc ga nhanh và chi phí tiền điện hàng tháng rất rẻ, nhưng độ hoàn thiện dàn nhựa nội thất và các chi tiết cơ khí vẫn cần hãng trau chuốt thêm.",neutral
EVVN-00226,2021-10-26,BYD,Review site,"Sau chuyến về quê dịp lễ vừa qua, dịp lễ cao điểm trạm sạc nào cũng quá tải, xếp hàng dài chờ hơn 1 tiếng rưỡi mới đến lượt cắm sạc. Thất vọng hơn là quãng đường thực tế hao hụt gần 35% so với công bố khi chạy cao tốc kèm bật điều hòa gió lớn. Mong hãng nghiêm túc lắng nghe phản ánh và sớm có phương án xử lý dứt điểm.",negative
EVVN-00227,2021-10-26,MG,YouTube,"Cảm nhận về chiếc MG: trọng tâm pin đặt dưới sàn giúp xe ôm cua cực kỳ đầm chắc, không bị vặn xoắn. Mức giá tiếp cận hợp lý so với công năng xe điện mang lại. Thực sự vượt ngoài mong đợi ban đầu của mình.",neutral
EVVN-00228,2021-10-26,BYD,Facebook,"Chờ đợi mòn mỏi ở xưởng dịch vụ, nhiều điểm trạm sạc ngoài trời không có mái che, trời mưa bão cắm sạc vừa ướt vừa bất an, chưa kể màn hình trung tâm thỉnh thoảng bị đơ đen sì khi đang chạy, camera lùi bị giật lag nghiêm trọng. Nếu được chọn lại chắc chắn mình sẽ trung thành với xe xăng truyền thống.",negative
EVVN-00229,2021-10-27,Tesla,Forum,"Chia sẻ trải nghiệm không mấy vui vẻ sau 2 tháng, tốc độ sạc bị bóp công suất tụt thảm hại khi có nhiều xe cùng cắm sạc một lúc. Thất vọng hơn là giảm xóc sau quá cứng, đi qua gờ giảm tốc người ngồi hàng hai nảy tưng tưng rất ê mông. Mong hãng nghiêm túc lắng nghe phản ánh và sớm có phương án xử lý dứt điểm.",negative
EVVN-00230,2021-10-27,VinFast,YouTube,"Bức xúc khi dùng VinFast: hệ thống nhận diện giọng nói ngô nghê, gọi mãi không hiểu khẩu lệnh cơ bản. Ngoài ra xưởng dịch vụ nhiều đợt đông nghẹt xe taxi vào sửa chữa nên khách cá nhân phải chờ lâu. Đang tính chuyện bán lỗ để quay về xe xăng cho đỡ đau đầu.",negative
EVVN-00231,2021-10-27,BYD,YouTube,"Chạy thử nhiều mẫu xe rồi mới chốt em này, màn hình giải trí sắc nét, cảm ứng mượt mà và hỗ trợ kết nối không dây rất tiện, song song với đó tiền sạc rẻ giật mình, mỗi km tính ra chỉ tốn tầm 400 đến 500 đồng. Đi rồi mới thấy công nghệ xe điện tiện lợi và sướng hơn hẳn.",positive
EVVN-00232,2021-10-27,Hyundai,Review site,"Sau thời gian trải nghiệm Hyundai: điểm cộng lớn nhất là khả năng tăng tốc mượt mà, không mùi khí thải và không gian cabin thoáng đãng, bù lại việc đi xa vẫn cần phải lên kế hoạch lộ trình trạm sạc cẩn thận chứ không tiện như đổ xăng. Nhìn chung là sản phẩm dùng được nhưng chưa thực sự hoàn hảo.",neutral
EVVN-00233,2021-10-27,Hyundai,Forum,"Sau thời gian trải nghiệm Hyundai: vận hành trong đô thị rất nhàn nhã, máy êm, chi phí nuôi xe tiết kiệm thấy rõ, bù lại phần mềm thỉnh thoảng vẫn dính lỗi vặt linh tinh và cần khởi động lại. Xe có ưu nhược điểm riêng, ai chấp nhận được điểm trừ thì dùng rất ổn.",neutral
EVVN-00234,2021-10-28,Hyundai,Facebook,"Góc nhìn trung lập sau 6 tháng sử dụng, điểm cộng lớn nhất là khả năng tăng tốc mượt mà, không mùi khí thải và không gian cabin thoáng đãng, nhưng phần mềm thỉnh thoảng vẫn dính lỗi vặt linh tinh và cần khởi động lại. Đánh giá ở mức 7/10 điểm, cần thêm thời gian để hoàn thiện hạ tầng và phần mềm. Mình chia sẻ lên nhóm để anh em cùng thảo luận.",positive
EVVN-00235,2021-10-28,Hyundai,YouTube,"Dưới góc nhìn người dùng thực tế, xe đẹp và sang trọng nhưng chỉ phù hợp gia đình có gara riêng. Về cơ bản xe lái đầm chắc, khung gầm dày dặn và nhiều công nghệ an toàn hiện đại, nhưng hạ tầng trạm sạc công cộng dịp lễ đông đúc phải chờ đợi khá sốt ruột.",neutral
EVVN-00236,2021-10-28,Wuling,Dealer,"Chia sẻ công tâm sau thời gian sử dụng Wuling, ưu điểm là xe nhỏ gọn luồn lách ngõ hẹp cực tốt và tiền điện sạc tại nhà siêu rẻ, tuy nhiên tốc độ thấp và tầm hoạt động ngắn nên không thể đi phượt hay chạy xa. Đánh giá ở mức 7/10 điểm, đúng công năng cho người cần xe phụ đi chợ đi làm.",positive
EVVN-00237,2021-10-29,Hyundai,YouTube,"Sau hơn nửa năm gắn bó, điểm cộng là không gian cabin phẳng rộng rãi như phòng khách gia đình. Thêm vào đó, các bản cập nhật phần mềm từ xa OTA ngày càng hoàn thiện, xe đi mượt hơn hẳn. Đi rồi mới thấy công nghệ xe điện tiện lợi và sướng hơn hẳn.",positive
EVVN-00238,2021-10-29,BYD,Dealer,"Trải nghiệm cá nhân sau một thời gian cầm lái, ưu điểm là xe chạy cực kỳ êm ái, bốc ga nhanh và chi phí tiền điện hàng tháng rất rẻ, nhưng hạ tầng trạm sạc công cộng dịp lễ đông đúc phải chờ đợi khá sốt ruột. Xe có ưu nhược điểm riêng, ai chấp nhận được điểm trừ thì dùng rất ổn.",neutral
EVVN-00239,2021-10-29,VinFast,Forum,"Khen chê rõ ràng cho anh em tham khảo, sạc pin ở nhà vào ban đêm rất tiện lợi và kinh tế, nhưng việc đi xa vẫn cần phải lên kế hoạch lộ trình trạm sạc cẩn thận chứ không tiện như đổ xăng. Tóm lại xe rất hợp đi phố hàng ngày, còn đi phượt xa thì cần tính toán kỹ thời gian.",neutral
EVVN-00240,2021-10-29,BYD,Facebook,"Sau chuyến xuyên Việt vừa rồi, điểm cộng là màn hình xoay 15.6 inch sắc nét và độ phản hồi cảm ứng rất nhanh. Bên cạnh đó, các bản cập nhật phần mềm từ xa OTA ngày càng hoàn thiện, xe đi mượt hơn hẳn. Chấm điểm 9.5/10 cho độ êm ái và hiệu quả kinh tế.",positive
EVVN-00241,2021-10-29,MG,YouTube,"Cảm nhận về chiếc MG: xe tăng tốc tức thì, vượt xe trên quốc lộ rất tự tin và an toàn. Khung gầm đầm chắc chuẩn phong cách xe châu Âu. Chấm điểm 9.5/10 cho độ êm ái và hiệu quả kinh tế.",positive
EVVN-00242,2021-10-29,BYD,Forum,"Cảm nhận thật lòng sau 3 tháng sử dụng, xe tăng tốc tức thì, vượt xe trên quốc lộ rất tự tin và an toàn, hơn nữa kinh tế nhất là sạc chậm qua đêm tại nhà với giá điện sinh hoạt, sáng ra pin đầy ắp sẵn sàng. Ai còn phân vân thì nên lái thử một lần, đảm bảo không muốn quay lại xe xăng.",positive
EVVN-00243,2021-10-30,VinFast,YouTube,"Sau gần 8 tháng sử dụng liên tục, màn hình giải trí sắc nét, cảm ứng mượt mà và hỗ trợ kết nối không dây rất tiện, song song với đó kinh tế nhất là sạc chậm qua đêm tại nhà với giá điện sinh hoạt, sáng ra pin đầy ắp sẵn sàng. Thực sự vượt ngoài mong đợi ban đầu của mình.",positive
EVVN-00244,2021-10-30,Hyundai,Review site,"Từ xe xăng đổi qua xe điện, hệ thống kiểm soát hành trình thích ứng và hỗ trợ giữ làn lái rất nhàn trên cao tốc, kèm theo đó tính bài toán vận hành lâu dài thì kinh tế hơn hẳn các dòng xe xăng cùng tầm giá. Ai còn phân vân thì nên lái thử một lần, đảm bảo không muốn quay lại xe xăng.",positive
EVVN-00245,2021-10-30,VinFast,Review site,"Bỏ ra số tiền không nhỏ mà nhận lại, nhiều điểm trạm sạc ngoài trời không có mái che, trời mưa bão cắm sạc vừa ướt vừa bất an, thêm vào đó cảm biến va chạm và radar hú còi loạn xạ dù đường hoàn toàn thông thoáng. Không thể chấp nhận một sản phẩm giá tiền tỷ mà lỗi vặt nhiều như thế này.",negative
EVVN-00246,2021-10-31,Tesla,YouTube,Bức xúc khi dùng Tesla: phần mềm liên tục báo lỗi ảo và cảnh báo pin ảo khiến người lái hoang mang. Ngoài ra khe hở thân vỏ gia công chưa thật sự khít và đồng đều. Nếu được chọn lại chắc chắn mình sẽ trung thành với xe xăng truyền thống. Chi tiết hơn mời anh em xem trong video trải nghiệm của mình nhé.,negative
EVVN-00247,2021-10-31,VinFast,Facebook,Cảm nhận về chiếc VinFast: khả năng cách âm môi trường và gầm xe tốt hơn mong đợi rất nhiều. Trợ lý ảo ViVi nhận diện giọng nói tiếng Việt ba miền cực kỳ mượt mà. Nói chung quyết định chuyển sang xe điện là hoàn toàn sáng suốt. Mình chia sẻ lên nhóm để anh em cùng thảo luận.,positive
EVVN-00248,2021-10-31,Hyundai,YouTube,"Lên đây cảnh báo cho anh em đang có ý định mua, dịp lễ cao điểm trạm sạc nào cũng quá tải, xếp hàng dài chờ hơn 1 tiếng rưỡi mới đến lượt cắm sạc, chưa kể cảm biến va chạm và radar hú còi loạn xạ dù đường hoàn toàn thông thoáng. Mong hãng nghiêm túc lắng nghe phản ánh và sớm có phương án xử lý dứt điểm.",negative
EVVN-00249,2021-10-31,Hyundai,Forum,"Quá mệt mỏi sau chuyến đi tỉnh cuối tuần, ra đến trạm sạc cao tốc thì 3 trụ báo lỗi hỏng, trụ duy nhất còn lại thì bị xe xăng đỗ chiếm chỗ vô ý thức, chưa kể phần mềm liên tục báo lỗi ảo và cảnh báo pin ảo khiến người lái hoang mang. Quá mệt mỏi vì suốt ngày phải lo nghĩ chuyện sạc pin và lỗi phần mềm.",negative
EVVN-00250,2021-10-31,BYD,Dealer,"Có cả điểm cộng lẫn điểm trừ, sạc pin ở nhà vào ban đêm rất tiện lợi và kinh tế, nhưng hạ tầng trạm sạc công cộng dịp lễ đông đúc phải chờ đợi khá sốt ruột. Đánh giá ở mức 7/10 điểm, cần thêm thời gian để hoàn thiện hạ tầng và phần mềm.",neutral
EVVN-00251,2021-10-31,MG,YouTube,"Sau chuyến về quê dịp lễ vừa qua, nhiều điểm trạm sạc ngoài trời không có mái che, trời mưa bão cắm sạc vừa ướt vừa bất an. Thất vọng hơn là trần kính toàn cảnh vào mùa hè Hà Nội nắng 40 độ hấp nhiệt nóng rát đỉnh đầu, bật điều hòa max vẫn toát mồ hôi. Nếu được chọn lại chắc chắn mình sẽ trung thành với xe xăng truyền thống.",negative
EVVN-00252,2021-11-01,Kia,YouTube,"Quá mệt mỏi sau chuyến đi tỉnh cuối tuần, dịp lễ cao điểm trạm sạc nào cũng quá tải, xếp hàng dài chờ hơn 1 tiếng rưỡi mới đến lượt cắm sạc, thêm vào đó phần mềm liên tục báo lỗi ảo và cảnh báo pin ảo khiến người lái hoang mang. Đang tính chuyện bán lỗ để quay về xe xăng cho đỡ đau đầu.",negative
EVVN-00253,2021-11-01,Hyundai,Dealer,"Sau chuyến xuyên Việt vừa rồi, xe lướt đi êm ru, người nhà ngồi sau trước đây hay say xe giờ đi thoải mái cả hành trình, hơn nữa kinh tế nhất là sạc chậm qua đêm tại nhà với giá điện sinh hoạt, sáng ra pin đầy ắp sẵn sàng. Thực sự vượt ngoài mong đợi ban đầu của mình. Cảm nhận nhanh sau buổi nhận bàn giao xe tại đại lý.",neutral
EVVN-00254,2021-11-01,Tesla,Forum,"Đối với chiếc Tesla, điểm cộng lớn nhất là khả năng tăng tốc mượt mà, không mùi khí thải và không gian cabin thoáng đãng. Dẫu vậy, trần kính mùa hè khá nóng nếu không dán thêm phim cách nhiệt xịn và lắp rèm che; nhìn chung công nghệ đi trước thời đại nhưng việc sạc và bảo dưỡng xe tư nhân tại VN khá nan giải.",neutral
EVVN-00255,2021-11-01,VinFast,YouTube,"Dưới góc nhìn người dùng thực tế, cần thêm vài bản cập nhật OTA nữa để phần mềm đạt độ ổn định tuyệt đối. Về cơ bản vận hành trong đô thị rất nhàn nhã, máy êm, chi phí nuôi xe tiết kiệm thấy rõ, nhưng quãng đường chạy đường trường thực tế sẽ hụt bớt khoảng 20-30% nếu đạp thốc ga liên tục.",neutral
EVVN-00256,2021-11-02,BYD,Dealer,"Cần phản ánh nghiêm túc về tình trạng, nhiều điểm trạm sạc ngoài trời không có mái che, trời mưa bão cắm sạc vừa ướt vừa bất an. Thất vọng hơn là độ hoàn thiện các khe hở thân vỏ không đều, gioăng cao su cửa cách âm kém nghe rõ tiếng gió rít khi lên 100km/h. Trải nghiệm chưa xứng đáng với kỳ vọng và số tiền bỏ ra.",negative
EVVN-00257,2021-11-02,Wuling,Facebook,"Mua xe cho vợ đi làm hàng ngày, xe mini nhỏ gọn luồn lách ngõ hẹp cực kỳ linh hoạt, kèm theo đó tiền điện sạc tại nhà mỗi tháng chỉ tầm 200 đến 300 nghìn, rẻ ngang xe máy số. Rất ưng ý với số tiền bỏ ra, phù hợp nhu cầu gia đình nhỏ.",neutral
EVVN-00258,2021-11-02,Hyundai,Dealer,"Khen chê rõ ràng cho anh em tham khảo, vận hành trong đô thị rất nhàn nhã, máy êm, chi phí nuôi xe tiết kiệm thấy rõ, nhưng hạ tầng trạm sạc công cộng dịp lễ đông đúc phải chờ đợi khá sốt ruột. Đánh giá ở mức 7/10 điểm, cần thêm thời gian để hoàn thiện hạ tầng và phần mềm.",neutral
EVVN-00259,2021-11-02,Wuling,Review site,"Dùng được vài tuần bắt đầu thấy nhiều điểm bất tiện, khoang xe chật chội, chở đủ 4 người lớn thì gầm xệ và máy khá ì. Điểm trừ nữa là ở chung cư không có chỗ cắm điện 220V thì không tài nào nuôi nổi xe. Khuyên thật lòng ai ở chung cư hoặc muốn đi xa thì tuyệt đối không nên mua.",negative
EVVN-00260,2021-11-02,BYD,Review site,"Bỏ ra số tiền không nhỏ mà nhận lại, tốc độ sạc bị bóp công suất tụt thảm hại khi có nhiều xe cùng cắm sạc một lúc. Thất vọng hơn là độ hoàn thiện các khe hở thân vỏ không đều, gioăng cao su cửa cách âm kém nghe rõ tiếng gió rít khi lên 100km/h. Không thể chấp nhận một sản phẩm giá tiền tỷ mà lỗi vặt nhiều như thế này.",negative
EVVN-00261,2021-11-02,Tesla,YouTube,"Sau chuyến về quê dịp lễ vừa qua, ở chung cư không có trụ sạc AC, đi làm về mệt mỏi lại phải lang thang tìm trụ sạc nhanh rất bất tiện. Thất vọng hơn là quãng đường thực tế hao hụt gần 35% so với công bố khi chạy cao tốc kèm bật điều hòa gió lớn. Đang tính chuyện bán lỗ để quay về xe xăng cho đỡ đau đầu.",neutral
EVVN-00262,2021-11-03,Tesla,Dealer,"Sau 15.000 km lăn bánh, điểm cộng là khả năng bứt tốc dính ghế đầy phấn khích không hề có độ trễ. Thêm vào đó, các bản cập nhật phần mềm từ xa OTA ngày càng hoàn thiện, xe đi mượt hơn hẳn. Chấm điểm 9.5/10 cho độ êm ái và hiệu quả kinh tế.",neutral
EVVN-00263,2021-11-03,Wuling,YouTube,"Chia sẻ trải nghiệm không mấy vui vẻ sau 2 tháng, xe không có cổng sạc nhanh nên mỗi lần sạc phải đợi 6-8 tiếng. Điểm trừ nữa là nội thất nhựa thô ráp dễ trầy xước. Khuyên thật lòng ai ở chung cư hoặc muốn đi xa thì tuyệt đối không nên mua.",negative
EVVN-00264,2021-11-03,Kia,Review site,"Gặp sự cố giữa đường mới thấy, dọc đường miền núi trạm sạc quá thưa thớt, vừa đi vừa run sợ hết pin giữa đèo, chưa kể lỗi ắc quy 12V tụt áp bất thình lình làm xe không khởi động được, phải gọi xe cứu hộ kéo về. Nếu được chọn lại chắc chắn mình sẽ trung thành với xe xăng truyền thống.",negative
EVVN-00265,2021-11-03,Tesla,Facebook,"Lúc đầu cũng đắn đo nhưng chốt xe xong thấy, thích nhất tính năng bật điều hòa từ xa trước khi lên xe, mùa hè vào xe mát rượi ngay, kèm theo đó tính bài toán vận hành lâu dài thì kinh tế hơn hẳn các dòng xe xăng cùng tầm giá. Rất đáng tiền trong phân khúc, hài lòng 9/10 điểm. Mình chia sẻ lên nhóm để anh em cùng thảo luận.",positive
EVVN-00266,2021-11-04,BYD,Dealer,"Nhận xét thực tế sau chuyến đi dài, xe lái đầm chắc, khung gầm dày dặn và nhiều công nghệ an toàn hiện đại, nhưng quãng đường chạy đường trường thực tế sẽ hụt bớt khoảng 20-30% nếu đạp thốc ga liên tục. Xe có ưu nhược điểm riêng, ai chấp nhận được điểm trừ thì dùng rất ổn. Cảm nhận nhanh sau buổi nhận bàn giao xe tại đại lý.",neutral
EVVN-00267,2021-11-04,VinFast,Forum,"Chia sẻ công tâm sau thời gian trải nghiệm, cần thêm vài bản cập nhật OTA nữa để phần mềm đạt độ ổn định tuyệt đối. Về cơ bản xe lái đầm chắc, khung gầm dày dặn và nhiều công nghệ an toàn hiện đại, nhưng phần mềm thỉnh thoảng vẫn dính lỗi vặt linh tinh và cần khởi động lại.",neutral
EVVN-00268,2021-11-04,Tesla,Dealer,"Sau chuyến xuyên Việt vừa rồi, xe lướt đi êm ru, người nhà ngồi sau trước đây hay say xe giờ đi thoải mái cả hành trình, hơn nữa tiền sạc rẻ giật mình, mỗi km tính ra chỉ tốn tầm 400 đến 500 đồng. Ai còn phân vân thì nên lái thử một lần, đảm bảo không muốn quay lại xe xăng. Cảm nhận nhanh sau buổi nhận bàn giao xe tại đại lý.",positive
EVVN-00269,2021-11-04,MG,Dealer,"Đã gắn bó từ những ngày đầu nhận xe, hệ thống kiểm soát hành trình thích ứng và hỗ trợ giữ làn lái rất nhàn trên cao tốc, kèm theo đó tiền sạc rẻ giật mình, mỗi km tính ra chỉ tốn tầm 400 đến 500 đồng. Nói chung quyết định chuyển sang xe điện là hoàn toàn sáng suốt.",positive
EVVN-00270,2021-11-04,MG,Dealer,"Chạy thử nhiều mẫu xe rồi mới chốt em này, màn hình giải trí sắc nét, cảm ứng mượt mà và hỗ trợ kết nối không dây rất tiện, kèm theo đó chi phí sạc điện mỗi tháng chưa tới 800 nghìn, tiết kiệm hơn 70% so với tiền xăng trước kia. Thực sự vượt ngoài mong đợi ban đầu của mình.",positive
EVVN-00271,2021-11-04,MG,Forum,"Cân nhắc kỹ lưỡng ưu và nhược điểm, sạc pin ở nhà vào ban đêm rất tiện lợi và kinh tế, nhưng hạ tầng trạm sạc công cộng dịp lễ đông đúc phải chờ đợi khá sốt ruột. Đánh giá ở mức 7/10 điểm, cần thêm thời gian để hoàn thiện hạ tầng và phần mềm.",neutral
EVVN-00272,2021-11-04,VinFast,Dealer,"Cảm nhận về chiếc VinFast: vận hành êm ái tuyệt đối, không rung giật và chấm dứt hẳn mùi xăng khó chịu. Hệ thống trạm sạc V-Green phủ khắp 63 tỉnh thành từ cao tốc tới huyện xã. Ai còn phân vân thì nên lái thử một lần, đảm bảo không muốn quay lại xe xăng.",positive
EVVN-00273,2021-11-04,BYD,YouTube,"Cảm nhận về chiếc BYD: phanh tái sinh chỉnh mức vừa đi rất mượt, đi trong phố đông gần như chỉ cần dùng một bàn đạp. Thiết kế nội thất phong cách thể thao phá cách và trẻ trung. Đi rồi mới thấy công nghệ xe điện tiện lợi và sướng hơn hẳn.",positive
EVVN-00274,2021-11-05,BYD,Review site,"Lần đầu đi phượt đèo dốc bằng xe điện, buổi trưa nằm nghỉ trong xe bật điều hòa thoải mái mà không sợ ngạt khí CO độc hại, kèm theo đó chi phí sạc điện mỗi tháng chưa tới 800 nghìn, tiết kiệm hơn 70% so với tiền xăng trước kia. Nói chung quyết định chuyển sang xe điện là hoàn toàn sáng suốt.",positive
EVVN-00275,2021-11-06,VinFast,YouTube,"Bức xúc khi dùng VinFast: lỗi ắc quy 12V tụt áp bất thình lình làm xe không khởi động được, phải gọi xe cứu hộ kéo về. Ngoài ra phần mềm thỉnh thoảng báo lỗi ảo rùa vàng phải tắt máy chờ một lúc mới khởi động lại được. Quá mệt mỏi vì suốt ngày phải lo nghĩ chuyện sạc pin và lỗi phần mềm. Chi tiết hơn mời anh em xem trong video trải nghiệm của mình nhé.",negative
EVVN-00276,2021-11-07,VinFast,YouTube,"Trải nghiệm thực tế quá khác xa so với quảng cáo, ra đến trạm sạc cao tốc thì 3 trụ báo lỗi hỏng, trụ duy nhất còn lại thì bị xe xăng đỗ chiếm chỗ vô ý thức. Thất vọng hơn là độ hoàn thiện các khe hở thân vỏ không đều, gioăng cao su cửa cách âm kém nghe rõ tiếng gió rít khi lên 100km/h. Trải nghiệm chưa xứng đáng với kỳ vọng và số tiền bỏ ra.",neutral
EVVN-00277,2021-11-07,Hyundai,Facebook,"Chạy thử cả phố lẫn đường trường, khả năng cách âm môi trường và gầm xe tốt hơn mong đợi rất nhiều, đồng thời kinh tế nhất là sạc chậm qua đêm tại nhà với giá điện sinh hoạt, sáng ra pin đầy ắp sẵn sàng. Nói chung quyết định chuyển sang xe điện là hoàn toàn sáng suốt.",positive
EVVN-00278,2021-11-07,VinFast,YouTube,"Đối với chiếc VinFast, sạc pin ở nhà vào ban đêm rất tiện lợi và kinh tế. Dẫu vậy, phần mềm thỉnh thoảng vẫn dính lỗi vặt linh tinh và cần khởi động lại; nhìn chung cần thêm vài bản cập nhật OTA nữa để phần mềm đạt độ ổn định tuyệt đối.",neutral
EVVN-00279,2021-11-07,VinFast,Forum,Bức xúc khi dùng VinFast: phần mềm liên tục báo lỗi ảo và cảnh báo pin ảo khiến người lái hoang mang. Ngoài ra phần mềm thỉnh thoảng báo lỗi ảo rùa vàng phải tắt máy chờ một lúc mới khởi động lại được. Không thể chấp nhận một sản phẩm giá tiền tỷ mà lỗi vặt nhiều như thế này.,neutral
EVVN-00280,2021-11-07,Hyundai,Review site,"Mua xe cho vợ đi làm hàng ngày, thích nhất tính năng bật điều hòa từ xa trước khi lên xe, mùa hè vào xe mát rượi ngay, song song với đó tính bài toán vận hành lâu dài thì kinh tế hơn hẳn các dòng xe xăng cùng tầm giá. Đi rồi mới thấy công nghệ xe điện tiện lợi và sướng hơn hẳn.",positive
EVVN-00281,2021-11-08,MG,Facebook,"Gặp sự cố giữa đường mới thấy, trải nghiệm thực sự tệ khi chất liệu nhựa nội thất ọp ẹp, đi vào đường xấu phát ra tiếng kêu cọt kẹt rất khó chịu. Đáng nói nhất là chưa phát triển hệ sinh thái trạm sạc công cộng tại các tỉnh thành. Không thể chấp nhận một sản phẩm giá tiền tỷ mà lỗi vặt nhiều như thế này.",negative
EVVN-00282,2021-11-08,Kia,YouTube,"Nhiều lúc ức chế phát khóc, nhiều điểm trạm sạc ngoài trời không có mái che, trời mưa bão cắm sạc vừa ướt vừa bất an. Thất vọng hơn là khoang hành lý quá chật hẹp, không thể nhét vừa hai chiếc vali cỡ trung cho chuyến đi xa. Đang tính chuyện bán lỗ để quay về xe xăng cho đỡ đau đầu.",negative
EVVN-00283,2021-11-08,Tesla,Review site,Bức xúc khi dùng Tesla: phần mềm liên tục báo lỗi ảo và cảnh báo pin ảo khiến người lái hoang mang. Ngoài ra khe hở thân vỏ gia công chưa thật sự khít và đồng đều. Đang tính chuyện bán lỗ để quay về xe xăng cho đỡ đau đầu.,negative
EVVN-00284,2021-11-08,Tesla,YouTube,"Đi phố mỗi ngày vào giờ cao điểm mới thấy, xe lướt đi êm ru, người nhà ngồi sau trước đây hay say xe giờ đi thoải mái cả hành trình, đồng thời tính bài toán vận hành lâu dài thì kinh tế hơn hẳn các dòng xe xăng cùng tầm giá. Đi rồi mới thấy công nghệ xe điện tiện lợi và sướng hơn hẳn.",positive
EVVN-00285,2021-11-08,Hyundai,Review site,"Nhiều lúc ức chế phát khóc, tốc độ sạc bị bóp công suất tụt thảm hại khi có nhiều xe cùng cắm sạc một lúc, thêm vào đó màn hình trung tâm thỉnh thoảng bị đơ đen sì khi đang chạy, camera lùi bị giật lag nghiêm trọng. Đang tính chuyện bán lỗ để quay về xe xăng cho đỡ đau đầu.",negative
EVVN-00286,2021-11-08,Kia,Dealer,"Chờ đợi mòn mỏi ở xưởng dịch vụ, ra đến trạm sạc cao tốc thì 3 trụ báo lỗi hỏng, trụ duy nhất còn lại thì bị xe xăng đỗ chiếm chỗ vô ý thức, thêm vào đó hệ thống nhận diện giọng nói ngô nghê, gọi mãi không hiểu khẩu lệnh cơ bản. Quá mệt mỏi vì suốt ngày phải lo nghĩ chuyện sạc pin và lỗi phần mềm.",negative
EVVN-00287,2021-11-08,MG,Review site,"Nhà mình chạy được 1 vạn km, các bản cập nhật phần mềm từ xa OTA ngày càng hoàn thiện, xe đi mượt hơn hẳn, song song với đó khoản bảo dưỡng định kỳ rất nhàn, không phải thay dầu máy hay bugi lọc gió phức tạp. Nói chung quyết định chuyển sang xe điện là hoàn toàn sáng suốt.",positive
EVVN-00288,2021-11-09,MG,Review site,"Đã gắn bó từ những ngày đầu nhận xe, hệ thống kiểm soát hành trình thích ứng và hỗ trợ giữ làn lái rất nhàn trên cao tốc, kèm theo đó chi phí sạc điện mỗi tháng chưa tới 800 nghìn, tiết kiệm hơn 70% so với tiền xăng trước kia. Một trải nghiệm nâng cấp chất lượng sống cho cả gia đình.",positive
EVVN-00289,2021-11-09,Wuling,YouTube,"Trải nghiệm thực tế sau nửa năm đi lại trong đô thị, chở 2 mẹ con che nắng mưa mùa đông hè rất tiện, hơn nữa tiền điện sạc tại nhà mỗi tháng chỉ tầm 200 đến 300 nghìn, rẻ ngang xe máy số. Chấm 9/10 cho sự tiện dụng và tiết kiệm.",positive
EVVN-00290,2021-11-09,VinFast,Review site,"Quá mệt mỏi sau chuyến đi tỉnh cuối tuần, tốc độ sạc bị bóp công suất tụt thảm hại khi có nhiều xe cùng cắm sạc một lúc. Thất vọng hơn là khoang hành lý quá chật hẹp, không thể nhét vừa hai chiếc vali cỡ trung cho chuyến đi xa. Mong hãng nghiêm túc lắng nghe phản ánh và sớm có phương án xử lý dứt điểm.",negative
EVVN-00291,2021-11-09,VinFast,YouTube,"Sau 15.000 km lăn bánh, điểm cộng là chính sách cứu hộ pin 24/7 và xưởng dịch vụ lưu động khắp cả nước rất an tâm. Thêm vào đó, màn hình giải trí sắc nét, cảm ứng mượt mà và hỗ trợ kết nối không dây rất tiện. Đi rồi mới thấy công nghệ xe điện tiện lợi và sướng hơn hẳn.",positive
EVVN-00292,2021-11-09,MG,Forum,"Chia sẻ trải nghiệm không mấy vui vẻ sau 2 tháng, trải nghiệm thực sự tệ khi khoang hành lý quá chật hẹp, không thể nhét vừa hai chiếc vali cỡ trung cho chuyến đi xa. Đáng nói nhất là chất liệu nhựa nội thất chưa thật sự tinh xảo. Trải nghiệm chưa xứng đáng với kỳ vọng và số tiền bỏ ra.",negative
EVVN-00293,2021-11-09,Hyundai,Review site,"Đối với chiếc Hyundai, ưu điểm là xe chạy cực kỳ êm ái, bốc ga nhanh và chi phí tiền điện hàng tháng rất rẻ. Dẫu vậy, phần mềm thỉnh thoảng vẫn dính lỗi vặt linh tinh và cần khởi động lại; nhìn chung xe đẹp và sang trọng nhưng chỉ phù hợp gia đình có gara riêng.",neutral
EVVN-00294,2021-11-10,Hyundai,YouTube,"Dùng được vài tuần bắt đầu phát sinh nhiều vấn đề, trải nghiệm thực sự tệ khi chất liệu nhựa nội thất ọp ẹp, đi vào đường xấu phát ra tiếng kêu cọt kẹt rất khó chịu. Đáng nói nhất là mạng lưới trụ sạc công cộng của Hyundai ở Việt Nam còn quá ít ỏi. Trải nghiệm chưa xứng đáng với kỳ vọng và số tiền bỏ ra.",negative
EVVN-00295,2021-11-10,VinFast,Review site,"Cảm nhận thật lòng sau 3 tháng sử dụng, điểm cộng là chính sách cứu hộ pin 24/7 và xưởng dịch vụ lưu động khắp cả nước rất an tâm. Thêm vào đó, các bản cập nhật phần mềm từ xa OTA ngày càng hoàn thiện, xe đi mượt hơn hẳn. Chấm điểm 9.5/10 cho độ êm ái và hiệu quả kinh tế.",positive
EVVN-00296,2021-11-10,Tesla,YouTube,"Đối với chiếc Tesla, ưu điểm là xe chạy cực kỳ êm ái, bốc ga nhanh và chi phí tiền điện hàng tháng rất rẻ. Dẫu vậy, quãng đường chạy đường trường thực tế sẽ hụt bớt khoảng 20-30% nếu đạp thốc ga liên tục; nhìn chung xe rất hợp cho người đam mê công nghệ và có sẵn chỗ sạc tại nhà. Chi tiết hơn mời anh em xem trong video trải nghiệm của mình nhé.",neutral
EVVN-00297,2021-11-10,VinFast,Review site,"Hôm qua suýt nằm đường vì, trải nghiệm thực sự tệ khi quãng đường thực tế hao hụt gần 35% so với công bố khi chạy cao tốc kèm bật điều hòa gió lớn. Đáng nói nhất là phần mềm thỉnh thoảng báo lỗi ảo rùa vàng phải tắt máy chờ một lúc mới khởi động lại được. Mong hãng nghiêm túc lắng nghe phản ánh và sớm có phương án xử lý dứt điểm.",negative
EVVN-00298,2021-11-10,BYD,Dealer,"Trải nghiệm thực tế sau 1 năm, trọng tâm pin đặt dưới sàn giúp xe ôm cua cực kỳ đầm chắc, không bị vặn xoắn, đồng thời tiền sạc rẻ giật mình, mỗi km tính ra chỉ tốn tầm 400 đến 500 đồng. Rất đáng tiền trong phân khúc, hài lòng 9/10 điểm.",neutral
EVVN-00299,2021-11-11,Wuling,YouTube,"Sau chuyến thử đi ra ngoại thành mới thấy, xe không có cổng sạc nhanh nên mỗi lần sạc phải đợi 6-8 tiếng. Điểm trừ nữa là cách âm gầm và lốp kém khi đi qua đoạn đường nhám. Khuyên thật lòng ai ở chung cư hoặc muốn đi xa thì tuyệt đối không nên mua.",negative
EVVN-00300,2021-11-11,BYD,YouTube,"Gia đình mình sử dụng đi lại hàng ngày, các bản cập nhật phần mềm từ xa OTA ngày càng hoàn thiện, xe đi mượt hơn hẳn, song song với đó kinh tế nhất là sạc chậm qua đêm tại nhà với giá điện sinh hoạt, sáng ra pin đầy ắp sẵn sàng. Rất đáng tiền trong phân khúc, hài lòng 9/10 điểm.",positive
EVVN-00301,2021-11-11,Hyundai,Facebook,"Đối với chiếc Hyundai, sạc pin ở nhà vào ban đêm rất tiện lợi và kinh tế. Dẫu vậy, trần kính mùa hè khá nóng nếu không dán thêm phim cách nhiệt xịn và lắp rèm che; nhìn chung xe đẹp và sang trọng nhưng chỉ phù hợp gia đình có gara riêng.",neutral
EVVN-00302,2021-11-11,Tesla,Dealer,"Mua xe cho vợ đi làm hàng ngày, vận hành êm ái tuyệt đối, không rung giật và chấm dứt hẳn mùi xăng khó chịu, hơn nữa tính bài toán vận hành lâu dài thì kinh tế hơn hẳn các dòng xe xăng cùng tầm giá. Rất đáng tiền trong phân khúc, hài lòng 9/10 điểm. Cảm nhận nhanh sau buổi nhận bàn giao xe tại đại lý.",positive
EVVN-00303,2021-11-11,VinFast,Dealer,"Cảm nhận về chiếc VinFast: xe tăng tốc tức thì, vượt xe trên quốc lộ rất tự tin và an toàn. Trợ lý ảo ViVi nhận diện giọng nói tiếng Việt ba miền cực kỳ mượt mà. Rất đáng tiền trong phân khúc, hài lòng 9/10 điểm.",positive
EVVN-00304,2021-11-11,BYD,Forum,"Đi làm hằng ngày với em nó, điểm cộng là thiết kế nội thất phong cách thể thao phá cách và trẻ trung. Thêm vào đó, các bản cập nhật phần mềm từ xa OTA ngày càng hoàn thiện, xe đi mượt hơn hẳn. Một trải nghiệm nâng cấp chất lượng sống cho cả gia đình.",positive
EVVN-00305,2021-11-12,Kia,Review site,"Đối với chiếc Kia, điểm cộng lớn nhất là khả năng tăng tốc mượt mà, không mùi khí thải và không gian cabin thoáng đãng. Dẫu vậy, phần mềm thỉnh thoảng vẫn dính lỗi vặt linh tinh và cần khởi động lại; nhìn chung chạy phố rất nổi bật nhưng đi xa phải tính toán kỹ.",neutral
EVVN-00306,2021-11-12,VinFast,Facebook,"Cân nhắc kỹ lưỡng ưu và nhược điểm, cần thêm vài bản cập nhật OTA nữa để phần mềm đạt độ ổn định tuyệt đối. Về cơ bản sạc pin ở nhà vào ban đêm rất tiện lợi và kinh tế, nhưng việc đi xa vẫn cần phải lên kế hoạch lộ trình trạm sạc cẩn thận chứ không tiện như đổ xăng.",neutral
EVVN-00307,2021-11-12,Kia,YouTube,"Cảm nhận về chiếc Kia: xe lướt đi êm ru, người nhà ngồi sau trước đây hay say xe giờ đi thoải mái cả hành trình. EV6 dáng crossover thể thao bắt mắt và khí động học. Ai còn phân vân thì nên lái thử một lần, đảm bảo không muốn quay lại xe xăng. Chi tiết hơn mời anh em xem trong video trải nghiệm của mình nhé.",positive
EVVN-00308,2021-11-12,Hyundai,Dealer,"Bức xúc khi dùng Hyundai: lỗi ắc quy 12V tụt áp bất thình lình làm xe không khởi động được, phải gọi xe cứu hộ kéo về. Ngoài ra mạng lưới trụ sạc công cộng của Hyundai ở Việt Nam còn quá ít ỏi. Nếu được chọn lại chắc chắn mình sẽ trung thành với xe xăng truyền thống.",negative
EVVN-00309,2021-11-12,MG,Facebook,"Lần đầu đi phượt đèo dốc bằng xe điện, thích nhất tính năng bật điều hòa từ xa trước khi lên xe, mùa hè vào xe mát rượi ngay, song song với đó tính bài toán vận hành lâu dài thì kinh tế hơn hẳn các dòng xe xăng cùng tầm giá. Thực sự vượt ngoài mong đợi ban đầu của mình.",neutral
EVVN-00310,2021-11-12,VinFast,Review site,Cảm nhận về chiếc VinFast: khả năng cách âm môi trường và gầm xe tốt hơn mong đợi rất nhiều. Hệ thống trạm sạc V-Green phủ khắp 63 tỉnh thành từ cao tốc tới huyện xã. Cực kỳ ưng ý và sẽ tiếp tục ủng hộ xu hướng di chuyển xanh.,positive
EVVN-00311,2021-11-13,Hyundai,Review site,"Sau thời gian trải nghiệm Hyundai: sạc pin ở nhà vào ban đêm rất tiện lợi và kinh tế, bù lại quãng đường chạy đường trường thực tế sẽ hụt bớt khoảng 20-30% nếu đạp thốc ga liên tục. Bác nào ở nhà đất có chỗ cắm sạc thì nên mua, còn ở chung cư thì nên tính toán thêm.",negative
EVVN-00312,2021-11-14,Tesla,Facebook,"Quá mệt mỏi sau chuyến đi tỉnh cuối tuần, tốc độ sạc bị bóp công suất tụt thảm hại khi có nhiều xe cùng cắm sạc một lúc, chưa kể màn hình trung tâm thỉnh thoảng bị đơ đen sì khi đang chạy, camera lùi bị giật lag nghiêm trọng. Không thể chấp nhận một sản phẩm giá tiền tỷ mà lỗi vặt nhiều như thế này. Mình chia sẻ lên nhóm để anh em cùng thảo luận.",negative
EVVN-00313,2021-11-14,Tesla,Review site,"Bức xúc khi dùng Tesla: phần mềm liên tục báo lỗi ảo và cảnh báo pin ảo khiến người lái hoang mang. Ngoài ra phụ tùng thay thế hiếm, hỏng hóc phải chờ đặt từ nước ngoài về cả tháng. Đang tính chuyện bán lỗ để quay về xe xăng cho đỡ đau đầu.",negative
EVVN-00314,2021-11-14,VinFast,YouTube,"Chia sẻ công tâm sau thời gian trải nghiệm, sạc pin ở nhà vào ban đêm rất tiện lợi và kinh tế, nhưng quãng đường chạy đường trường thực tế sẽ hụt bớt khoảng 20-30% nếu đạp thốc ga liên tục. Đánh giá ở mức 7/10 điểm, cần thêm thời gian để hoàn thiện hạ tầng và phần mềm.",neutral
EVVN-00315,2021-11-14,BYD,YouTube,"Có cả điểm cộng lẫn điểm trừ, điểm cộng lớn nhất là khả năng tăng tốc mượt mà, không mùi khí thải và không gian cabin thoáng đãng, nhưng độ hoàn thiện dàn nhựa nội thất và các chi tiết cơ khí vẫn cần hãng trau chuốt thêm. Nhìn chung là sản phẩm dùng được nhưng chưa thực sự hoàn hảo.",positive
EVVN-00316,2021-11-15,BYD,Review site,Bức xúc khi dùng BYD: phần mềm liên tục báo lỗi ảo và cảnh báo pin ảo khiến người lái hoang mang. Ngoài ra giá phụ tùng linh kiện nhập khẩu còn tương đối cao. Đang tính chuyện bán lỗ để quay về xe xăng cho đỡ đau đầu.,negative
EVVN-00317,2021-11-15,VinFast,Forum,"Chạy dịch vụ cày cuốc cả ngày, hệ thống kiểm soát hành trình thích ứng và hỗ trợ giữ làn lái rất nhàn trên cao tốc, song song với đó tiền sạc rẻ giật mình, mỗi km tính ra chỉ tốn tầm 400 đến 500 đồng. Đi rồi mới thấy công nghệ xe điện tiện lợi và sướng hơn hẳn.",neutral
EVVN-00318,2021-11-15,Hyundai,Review site,"Khen chê rõ ràng cho anh em tham khảo, xe đẹp và sang trọng nhưng chỉ phù hợp gia đình có gara riêng. Về cơ bản xe lái đầm chắc, khung gầm dày dặn và nhiều công nghệ an toàn hiện đại, nhưng hạ tầng trạm sạc công cộng dịp lễ đông đúc phải chờ đợi khá sốt ruột.",neutral
EVVN-00319,2021-11-16,Wuling,Dealer,"Chạy được gần 1 vạn km nội thành, xe mini nhỏ gọn luồn lách ngõ hẹp cực kỳ linh hoạt, đồng thời chi phí bảo dưỡng định kỳ hầu như không đáng kể. Đi lại quãng ngắn trong thành phố thì không có gì để chê.",neutral
EVVN-00320,2021-11-16,Tesla,Forum,"Sau thời gian trải nghiệm Tesla: ưu điểm là xe chạy cực kỳ êm ái, bốc ga nhanh và chi phí tiền điện hàng tháng rất rẻ, bù lại quãng đường chạy đường trường thực tế sẽ hụt bớt khoảng 20-30% nếu đạp thốc ga liên tục. Nhìn chung là sản phẩm dùng được nhưng chưa thực sự hoàn hảo.",neutral
EVVN-00321,2021-11-17,VinFast,Forum,"Đã gắn bó từ những ngày đầu nhận xe, xe lướt đi êm ru, người nhà ngồi sau trước đây hay say xe giờ đi thoải mái cả hành trình, và khoản bảo dưỡng định kỳ rất nhàn, không phải thay dầu máy hay bugi lọc gió phức tạp. Chấm điểm 9.5/10 cho độ êm ái và hiệu quả kinh tế.",positive
EVVN-00322,2021-11-17,BYD,Review site,"Sau thời gian trải nghiệm BYD: xe lái đầm chắc, khung gầm dày dặn và nhiều công nghệ an toàn hiện đại, bù lại độ hoàn thiện dàn nhựa nội thất và các chi tiết cơ khí vẫn cần hãng trau chuốt thêm. Tùy vào nhu cầu sử dụng của mỗi gia đình mà cân nhắc cho phù hợp.",neutral
EVVN-00323,2021-11-17,BYD,Review site,"Cân nhắc kỹ lưỡng ưu và nhược điểm, chất lượng hoàn thiện tốt trong tầm giá xe nhập khẩu. Về cơ bản ưu điểm là xe chạy cực kỳ êm ái, bốc ga nhanh và chi phí tiền điện hàng tháng rất rẻ, nhưng quãng đường chạy đường trường thực tế sẽ hụt bớt khoảng 20-30% nếu đạp thốc ga liên tục.",neutral
EVVN-00324,2021-11-18,BYD,Facebook,"Chia sẻ công tâm sau thời gian trải nghiệm, ưu điểm là xe chạy cực kỳ êm ái, bốc ga nhanh và chi phí tiền điện hàng tháng rất rẻ, nhưng hạ tầng trạm sạc công cộng dịp lễ đông đúc phải chờ đợi khá sốt ruột. Tóm lại xe rất hợp đi phố hàng ngày, còn đi phượt xa thì cần tính toán kỹ thời gian. Mình chia sẻ lên nhóm để anh em cùng thảo luận.",neutral
EVVN-00325,2021-11-18,VinFast,YouTube,"Chia sẻ công tâm sau thời gian trải nghiệm, cần thêm vài bản cập nhật OTA nữa để phần mềm đạt độ ổn định tuyệt đối. Về cơ bản ưu điểm là xe chạy cực kỳ êm ái, bốc ga nhanh và chi phí tiền điện hàng tháng rất rẻ, nhưng hạ tầng trạm sạc công cộng dịp lễ đông đúc phải chờ đợi khá sốt ruột.",neutral
EVVN-00326,2021-11-18,VinFast,Forum,"Cảm nhận về chiếc VinFast: xe tăng tốc tức thì, vượt xe trên quốc lộ rất tự tin và an toàn. Hệ thống trạm sạc V-Green phủ khắp 63 tỉnh thành từ cao tốc tới huyện xã. Nói chung quyết định chuyển sang xe điện là hoàn toàn sáng suốt.",positive
EVVN-00327,2021-11-18,VinFast,YouTube,"Sau chuyến về quê dịp lễ vừa qua, dọc đường miền núi trạm sạc quá thưa thớt, vừa đi vừa run sợ hết pin giữa đèo, chưa kể lỗi ắc quy 12V tụt áp bất thình lình làm xe không khởi động được, phải gọi xe cứu hộ kéo về. Trải nghiệm chưa xứng đáng với kỳ vọng và số tiền bỏ ra.",negative
EVVN-00328,2021-11-18,Kia,Review site,"Chạy dịch vụ cày cuốc cả ngày, thích nhất tính năng bật điều hòa từ xa trước khi lên xe, mùa hè vào xe mát rượi ngay, song song với đó tính bài toán vận hành lâu dài thì kinh tế hơn hẳn các dòng xe xăng cùng tầm giá. Rất đáng tiền trong phân khúc, hài lòng 9/10 điểm.",positive
EVVN-00329,2021-11-19,Hyundai,Facebook,"Bỏ ra số tiền không nhỏ mà nhận lại, trải nghiệm thực sự tệ khi giảm xóc sau quá cứng, đi qua gờ giảm tốc người ngồi hàng hai nảy tưng tưng rất ê mông. Đáng nói nhất là khoang lái ít phím bấm vật lý đôi khi thao tác chưa thật sự quen tay. Trải nghiệm chưa xứng đáng với kỳ vọng và số tiền bỏ ra.",negative
EVVN-00330,2021-11-19,VinFast,Review site,"Sau thời gian trải nghiệm VinFast: vận hành trong đô thị rất nhàn nhã, máy êm, chi phí nuôi xe tiết kiệm thấy rõ, bù lại trần kính mùa hè khá nóng nếu không dán thêm phim cách nhiệt xịn và lắp rèm che. Tùy vào nhu cầu sử dụng của mỗi gia đình mà cân nhắc cho phù hợp.",neutral
EVVN-00331,2021-11-19,Tesla,Facebook,"Đối với chiếc Tesla, xe lái đầm chắc, khung gầm dày dặn và nhiều công nghệ an toàn hiện đại. Dẫu vậy, phần mềm thỉnh thoảng vẫn dính lỗi vặt linh tinh và cần khởi động lại; nhìn chung công nghệ đi trước thời đại nhưng việc sạc và bảo dưỡng xe tư nhân tại VN khá nan giải.",neutral
EVVN-00332,2021-11-19,VinFast,YouTube,"Từ xe xăng đổi qua xe điện, điểm cộng là khung gầm đầm chắc chuẩn xe Đức, ôm cua ở tốc độ cao rất vững vàng. Thêm vào đó, các bản cập nhật phần mềm từ xa OTA ngày càng hoàn thiện, xe đi mượt hơn hẳn. Chấm điểm 9.5/10 cho độ êm ái và hiệu quả kinh tế.",positive
EVVN-00333,2021-11-20,VinFast,Facebook,"Cảm nhận về chiếc VinFast: khả năng cách âm môi trường và gầm xe tốt hơn mong đợi rất nhiều. Khung gầm đầm chắc chuẩn xe Đức, ôm cua ở tốc độ cao rất vững vàng. Thực sự vượt ngoài mong đợi ban đầu của mình.",positive
EVVN-00334,2021-11-20,BYD,Facebook,"Đối với chiếc BYD, sạc pin ở nhà vào ban đêm rất tiện lợi và kinh tế. Dẫu vậy, độ hoàn thiện dàn nhựa nội thất và các chi tiết cơ khí vẫn cần hãng trau chuốt thêm; nhìn chung chất lượng hoàn thiện tốt trong tầm giá xe nhập khẩu.",neutral
EVVN-00335,2021-11-20,BYD,YouTube,"Sau chuyến phượt Tây Bắc cùng gia đình, các bản cập nhật phần mềm từ xa OTA ngày càng hoàn thiện, xe đi mượt hơn hẳn, kèm theo đó tiền sạc rẻ giật mình, mỗi km tính ra chỉ tốn tầm 400 đến 500 đồng. Một trải nghiệm nâng cấp chất lượng sống cho cả gia đình.",positive
EVVN-00336,2021-11-20,VinFast,Review site,"Sau hơn nửa năm gắn bó, vận hành êm ái tuyệt đối, không rung giật và chấm dứt hẳn mùi xăng khó chịu, đồng thời tiền sạc rẻ giật mình, mỗi km tính ra chỉ tốn tầm 400 đến 500 đồng. Rất đáng tiền trong phân khúc, hài lòng 9/10 điểm.",positive
EVVN-00337,2021-11-21,BYD,Review site,"Đi làm hằng ngày với em nó, các bản cập nhật phần mềm từ xa OTA ngày càng hoàn thiện, xe đi mượt hơn hẳn, song song với đó chi phí sạc điện mỗi tháng chưa tới 800 nghìn, tiết kiệm hơn 70% so với tiền xăng trước kia. Cực kỳ ưng ý và sẽ tiếp tục ủng hộ xu hướng di chuyển xanh.",neutral
EVVN-00338,2021-11-21,BYD,YouTube,"Chạy dịch vụ cày cuốc cả ngày, các bản cập nhật phần mềm từ xa OTA ngày càng hoàn thiện, xe đi mượt hơn hẳn, song song với đó kinh tế nhất là sạc chậm qua đêm tại nhà với giá điện sinh hoạt, sáng ra pin đầy ắp sẵn sàng. Đi rồi mới thấy công nghệ xe điện tiện lợi và sướng hơn hẳn. Chi tiết hơn mời anh em xem trong video trải nghiệm của mình nhé.",positive
EVVN-00339,2021-11-22,BYD,YouTube,"Cần phản ánh nghiêm túc về tình trạng, dịp lễ cao điểm trạm sạc nào cũng quá tải, xếp hàng dài chờ hơn 1 tiếng rưỡi mới đến lượt cắm sạc. Thất vọng hơn là độ hoàn thiện các khe hở thân vỏ không đều, gioăng cao su cửa cách âm kém nghe rõ tiếng gió rít khi lên 100km/h. Quá mệt mỏi vì suốt ngày phải lo nghĩ chuyện sạc pin và lỗi phần mềm.",negative
EVVN-00340,2021-11-22,VinFast,Review site,"Cảm nhận về chiếc VinFast: xe lướt đi êm ru, người nhà ngồi sau trước đây hay say xe giờ đi thoải mái cả hành trình. Khung gầm đầm chắc chuẩn xe Đức, ôm cua ở tốc độ cao rất vững vàng. Chấm điểm 9.5/10 cho độ êm ái và hiệu quả kinh tế.",positive
EVVN-00341,2021-11-22,BYD,YouTube,"Lấy xe từ đợt đầu, điểm cộng là công nghệ pin Blade độc quyền an toàn chống cháy nổ rất yên tâm. Thêm vào đó, màn hình giải trí sắc nét, cảm ứng mượt mà và hỗ trợ kết nối không dây rất tiện. Rất đáng tiền trong phân khúc, hài lòng 9/10 điểm.",positive
EVVN-00342,2021-11-23,BYD,Facebook,"Trải nghiệm cá nhân sau một thời gian cầm lái, xe lái chắc chắn và pin an toàn nhưng bài toán sạc phụ thuộc hoàn toàn vào bên thứ ba. Về cơ bản xe lái đầm chắc, khung gầm dày dặn và nhiều công nghệ an toàn hiện đại, nhưng việc đi xa vẫn cần phải lên kế hoạch lộ trình trạm sạc cẩn thận chứ không tiện như đổ xăng.",neutral
EVVN-00343,2021-11-23,Tesla,Dealer,"Từ xe xăng đổi qua xe điện, điểm cộng là khả năng bứt tốc dính ghế đầy phấn khích không hề có độ trễ. Bên cạnh đó, các bản cập nhật phần mềm từ xa OTA ngày càng hoàn thiện, xe đi mượt hơn hẳn. Thực sự vượt ngoài mong đợi ban đầu của mình.",positive
EVVN-00344,2021-11-23,Tesla,Facebook,"Khen chê rõ ràng cho anh em tham khảo, công nghệ đi trước thời đại nhưng việc sạc và bảo dưỡng xe tư nhân tại VN khá nan giải. Về cơ bản sạc pin ở nhà vào ban đêm rất tiện lợi và kinh tế, nhưng trần kính mùa hè khá nóng nếu không dán thêm phim cách nhiệt xịn và lắp rèm che.",neutral
EVVN-00345,2021-11-24,Kia,Review site,"Cảm nhận về chiếc Kia: xe lướt đi êm ru, người nhà ngồi sau trước đây hay say xe giờ đi thoải mái cả hành trình. EV6 dáng crossover thể thao bắt mắt và khí động học. Một trải nghiệm nâng cấp chất lượng sống cho cả gia đình.",positive
EVVN-00346,2021-11-24,Kia,YouTube,"Gia đình mình sử dụng đi lại hàng ngày, các bản cập nhật phần mềm từ xa OTA ngày càng hoàn thiện, xe đi mượt hơn hẳn, kèm theo đó kinh tế nhất là sạc chậm qua đêm tại nhà với giá điện sinh hoạt, sáng ra pin đầy ắp sẵn sàng. Ai còn phân vân thì nên lái thử một lần, đảm bảo không muốn quay lại xe xăng.",positive
EVVN-00347,2021-11-24,VinFast,Dealer,"Cảm nhận về chiếc VinFast: xe tăng tốc tức thì, vượt xe trên quốc lộ rất tự tin và an toàn. Trợ lý ảo ViVi nhận diện giọng nói tiếng Việt ba miền cực kỳ mượt mà. Rất đáng tiền trong phân khúc, hài lòng 9/10 điểm. (Đánh giá tháng 11/2021).",positive
EVVN-00348,2021-11-26,Tesla,Dealer,"Đi làm hằng ngày với em nó, buổi trưa nằm nghỉ trong xe bật điều hòa thoải mái mà không sợ ngạt khí CO độc hại, song song với đó chi phí sạc điện mỗi tháng chưa tới 800 nghìn, tiết kiệm hơn 70% so với tiền xăng trước kia. Một trải nghiệm nâng cấp chất lượng sống cho cả gia đình.",positive
EVVN-00349,2021-11-26,Kia,Forum,"Đi làm hằng ngày với em nó, điểm cộng là EV6 dáng crossover thể thao bắt mắt và khí động học. Bên cạnh đó, thích nhất tính năng bật điều hòa từ xa trước khi lên xe, mùa hè vào xe mát rượi ngay. Ai còn phân vân thì nên lái thử một lần, đảm bảo không muốn quay lại xe xăng.",neutral
EVVN-00350,2021-11-26,Wuling,Review site,"Khen chê rõ ràng chiếc xe mini nhỏ nhất thị trường, điểm cộng là che nắng che mưa đưa đón con đi học trong phố rất tiện lợi và kinh tế, nhưng bắt buộc gia đình phải có chỗ cắm sạc điện dân dụng 220V riêng. Tóm lại mua để thay xe máy đi phố thì chuẩn bài, còn đi tỉnh thì nên bỏ qua. Cảm nhận thực tế xe Wuling tại Việt Nam.",neutral
EVVN-00351,2021-11-26,VinFast,Forum,"Cảm nhận về chiếc VinFast: xe lướt đi êm ru, người nhà ngồi sau trước đây hay say xe giờ đi thoải mái cả hành trình. Hệ thống trạm sạc V-Green phủ khắp 63 tỉnh thành từ cao tốc tới huyện xã. Chấm điểm 9.5/10 cho độ êm ái và hiệu quả kinh tế.",positive
EVVN-00352,2021-11-26,Kia,Dealer,"Sau thời gian trải nghiệm Kia: vận hành trong đô thị rất nhàn nhã, máy êm, chi phí nuôi xe tiết kiệm thấy rõ, bù lại việc đi xa vẫn cần phải lên kế hoạch lộ trình trạm sạc cẩn thận chứ không tiện như đổ xăng. Xe có ưu nhược điểm riêng, ai chấp nhận được điểm trừ thì dùng rất ổn. Cảm nhận nhanh sau buổi nhận bàn giao xe tại đại lý.",neutral
EVVN-00353,2021-11-26,Tesla,Facebook,"Lên đây cảnh báo cho anh em đang có ý định mua, ra đến trạm sạc cao tốc thì 3 trụ báo lỗi hỏng, trụ duy nhất còn lại thì bị xe xăng đỗ chiếm chỗ vô ý thức. Thất vọng hơn là quãng đường thực tế hao hụt gần 35% so với công bố khi chạy cao tốc kèm bật điều hòa gió lớn. Trải nghiệm chưa xứng đáng với kỳ vọng và số tiền bỏ ra.",negative
EVVN-00354,2021-11-26,MG,Facebook,Bức xúc khi dùng MG: bản cập nhật phần mềm mới làm hao pin hơn hẳn và mất kết nối Bluetooth liên tục. Ngoài ra chất liệu nhựa nội thất chưa thật sự tinh xảo. Mong hãng nghiêm túc lắng nghe phản ánh và sớm có phương án xử lý dứt điểm.,negative
EVVN-00355,2021-11-26,BYD,Facebook,"Cảm nhận về chiếc BYD: vận hành êm ái tuyệt đối, không rung giật và chấm dứt hẳn mùi xăng khó chịu. Thiết kế nội thất phong cách thể thao phá cách và trẻ trung. Cực kỳ ưng ý và sẽ tiếp tục ủng hộ xu hướng di chuyển xanh.",positive
EVVN-00356,2021-11-26,Hyundai,Forum,"Nhận xét thực tế sau chuyến đi dài, chất lượng hoàn thiện chuẩn xe toàn cầu nhưng hạ tầng sạc vẫn là rào cản lớn. Về cơ bản sạc pin ở nhà vào ban đêm rất tiện lợi và kinh tế, nhưng quãng đường chạy đường trường thực tế sẽ hụt bớt khoảng 20-30% nếu đạp thốc ga liên tục.",neutral
EVVN-00357,2021-11-26,Tesla,Forum,"Sau chuyến xuyên Việt vừa rồi, vận hành êm ái tuyệt đối, không rung giật và chấm dứt hẳn mùi xăng khó chịu, và tiền sạc rẻ giật mình, mỗi km tính ra chỉ tốn tầm 400 đến 500 đồng. Chấm điểm 9.5/10 cho độ êm ái và hiệu quả kinh tế.",positive
EVVN-00358,2021-11-26,Hyundai,YouTube,"Trải nghiệm thực tế sau 1 năm, điểm cộng là kiến trúc điện 800V hỗ trợ sạc siêu nhanh hàng đầu phân khúc. Bên cạnh đó, hệ thống kiểm soát hành trình thích ứng và hỗ trợ giữ làn lái rất nhàn trên cao tốc. Thực sự vượt ngoài mong đợi ban đầu của mình. Chi tiết hơn mời anh em xem trong video trải nghiệm của mình nhé.",positive
EVVN-00359,2021-11-27,Tesla,Facebook,"Cảm nhận về chiếc Tesla: trọng tâm pin đặt dưới sàn giúp xe ôm cua cực kỳ đầm chắc, không bị vặn xoắn. Autopilot hỗ trợ tự lái thông minh và giữ làn mượt mà nhất thị trường. Rất đáng tiền trong phân khúc, hài lòng 9/10 điểm.",positive
EVVN-00360,2021-11-27,MG,YouTube,"Sau chuyến xuyên Việt vừa rồi, trọng tâm pin đặt dưới sàn giúp xe ôm cua cực kỳ đầm chắc, không bị vặn xoắn, hơn nữa khoản bảo dưỡng định kỳ rất nhàn, không phải thay dầu máy hay bugi lọc gió phức tạp. Nói chung quyết định chuyển sang xe điện là hoàn toàn sáng suốt.",positive
EVVN-00361,2021-11-27,Kia,Review site,"Thật sự ngán ngẩm với chất lượng hoàn thiện, trải nghiệm thực sự tệ khi độ hoàn thiện các khe hở thân vỏ không đều, gioăng cao su cửa cách âm kém nghe rõ tiếng gió rít khi lên 100km/h. Đáng nói nhất là hạ tầng trạm sạc độc quyền gần như chưa có tại các tỉnh. Không thể chấp nhận một sản phẩm giá tiền tỷ mà lỗi vặt nhiều như thế này.",negative
EVVN-00362,2021-11-27,VinFast,YouTube,"Lấy xe từ đợt đầu, vận hành êm ái tuyệt đối, không rung giật và chấm dứt hẳn mùi xăng khó chịu, hơn nữa khoản bảo dưỡng định kỳ rất nhàn, không phải thay dầu máy hay bugi lọc gió phức tạp. Thực sự vượt ngoài mong đợi ban đầu của mình.",positive
EVVN-00363,2021-11-27,VinFast,Review site,"Sau chuyến phượt Tây Bắc cùng gia đình, các bản cập nhật phần mềm từ xa OTA ngày càng hoàn thiện, xe đi mượt hơn hẳn, kèm theo đó tính bài toán vận hành lâu dài thì kinh tế hơn hẳn các dòng xe xăng cùng tầm giá. Đi rồi mới thấy công nghệ xe điện tiện lợi và sướng hơn hẳn.",positive
EVVN-00364,2021-11-27,Wuling,Dealer,"Chạy được gần 1 vạn km nội thành, bán kính quay đầu nhỏ xoay xở đầu ngõ phố nhẹ tênh, đồng thời cắm sạc trực tiếp ổ điện 220V gia đình qua đêm rất tiện lợi. Đúng là phương tiện hoàn hảo để thay thế xe máy.",positive
EVVN-00365,2021-11-28,VinFast,YouTube,"Góc nhìn trung lập sau 6 tháng sử dụng, cần thêm vài bản cập nhật OTA nữa để phần mềm đạt độ ổn định tuyệt đối. Về cơ bản xe lái đầm chắc, khung gầm dày dặn và nhiều công nghệ an toàn hiện đại, nhưng việc đi xa vẫn cần phải lên kế hoạch lộ trình trạm sạc cẩn thận chứ không tiện như đổ xăng. Chi tiết hơn mời anh em xem trong video trải nghiệm của mình nhé.",neutral
EVVN-00366,2021-11-28,Kia,Review site,"Sau thời gian trải nghiệm Kia: vận hành trong đô thị rất nhàn nhã, máy êm, chi phí nuôi xe tiết kiệm thấy rõ, bù lại việc đi xa vẫn cần phải lên kế hoạch lộ trình trạm sạc cẩn thận chứ không tiện như đổ xăng. Bác nào ở nhà đất có chỗ cắm sạc thì nên mua, còn ở chung cư thì nên tính toán thêm.",neutral
EVVN-00367,2021-11-28,Kia,Facebook,"Lúc đầu cũng đắn đo nhưng chốt xe xong thấy, hệ thống kiểm soát hành trình thích ứng và hỗ trợ giữ làn lái rất nhàn trên cao tốc, song song với đó tính bài toán vận hành lâu dài thì kinh tế hơn hẳn các dòng xe xăng cùng tầm giá. Đi rồi mới thấy công nghệ xe điện tiện lợi và sướng hơn hẳn. Mình chia sẻ lên nhóm để anh em cùng thảo luận.",positive
EVVN-00368,2021-11-29,VinFast,Forum,"Đổi từ sedan Nhật sang xe điện, điểm cộng là trợ lý ảo ViVi nhận diện giọng nói tiếng Việt ba miền cực kỳ mượt mà. Bên cạnh đó, màn hình giải trí sắc nét, cảm ứng mượt mà và hỗ trợ kết nối không dây rất tiện. Thực sự vượt ngoài mong đợi ban đầu của mình. Bác nào đang chạy dòng này vào chia sẻ thêm kinh nghiệm nhé.",positive
EVVN-00369,2021-11-29,VinFast,YouTube,"Sau thời gian trải nghiệm VinFast: ưu điểm là xe chạy cực kỳ êm ái, bốc ga nhanh và chi phí tiền điện hàng tháng rất rẻ, bù lại việc đi xa vẫn cần phải lên kế hoạch lộ trình trạm sạc cẩn thận chứ không tiện như đổ xăng. Bác nào ở nhà đất có chỗ cắm sạc thì nên mua, còn ở chung cư thì nên tính toán thêm.",neutral
EVVN-00370,2021-11-29,BYD,YouTube,"Chia sẻ trải nghiệm không mấy vui vẻ sau 2 tháng, ở chung cư không có trụ sạc AC, đi làm về mệt mỏi lại phải lang thang tìm trụ sạc nhanh rất bất tiện. Thất vọng hơn là trần kính toàn cảnh vào mùa hè Hà Nội nắng 40 độ hấp nhiệt nóng rát đỉnh đầu, bật điều hòa max vẫn toát mồ hôi. Thực sự thất vọng, khuyên thật lòng anh em nên cân nhắc kỹ trước khi xuống tiền.",negative
EVVN-00371,2021-11-29,Tesla,Facebook,"Trải nghiệm cá nhân sau một thời gian cầm lái, vận hành trong đô thị rất nhàn nhã, máy êm, chi phí nuôi xe tiết kiệm thấy rõ, nhưng phần mềm thỉnh thoảng vẫn dính lỗi vặt linh tinh và cần khởi động lại. Đánh giá ở mức 7/10 điểm, cần thêm thời gian để hoàn thiện hạ tầng và phần mềm.",neutral
EVVN-00372,2021-11-29,Wuling,YouTube,"Trải nghiệm thực tế sau nửa năm đi lại trong đô thị, chở 2 mẹ con che nắng mưa mùa đông hè rất tiện, kèm theo đó tiền điện sạc tại nhà mỗi tháng chỉ tầm 200 đến 300 nghìn, rẻ ngang xe máy số. Đúng là phương tiện hoàn hảo để thay thế xe máy.",positive
EVVN-00373,2021-11-29,BYD,YouTube,"Trải nghiệm thực tế sau 1 năm, điểm cộng là màn hình xoay 15.6 inch sắc nét và độ phản hồi cảm ứng rất nhanh. Thêm vào đó, thích nhất tính năng bật điều hòa từ xa trước khi lên xe, mùa hè vào xe mát rượi ngay. Thực sự vượt ngoài mong đợi ban đầu của mình. Chi tiết hơn mời anh em xem trong video trải nghiệm của mình nhé.",positive
EVVN-00374,2021-11-29,VinFast,Facebook,"Dùng được vài tuần bắt đầu phát sinh nhiều vấn đề, dọc đường miền núi trạm sạc quá thưa thớt, vừa đi vừa run sợ hết pin giữa đèo, chưa kể phần mềm liên tục báo lỗi ảo và cảnh báo pin ảo khiến người lái hoang mang. Thực sự thất vọng, khuyên thật lòng anh em nên cân nhắc kỹ trước khi xuống tiền. Mình chia sẻ lên nhóm để anh em cùng thảo luận.",negative
EVVN-00375,2021-11-30,VinFast,Review site,"Gặp sự cố giữa đường mới thấy, ra đến trạm sạc cao tốc thì 3 trụ báo lỗi hỏng, trụ duy nhất còn lại thì bị xe xăng đỗ chiếm chỗ vô ý thức, thêm vào đó hệ thống nhận diện giọng nói ngô nghê, gọi mãi không hiểu khẩu lệnh cơ bản. Thực sự thất vọng, khuyên thật lòng anh em nên cân nhắc kỹ trước khi xuống tiền.",negative
EVVN-00376,2021-11-30,BYD,Forum,"Nhiều lúc ức chế phát khóc, trải nghiệm thực sự tệ khi quãng đường thực tế hao hụt gần 35% so với công bố khi chạy cao tốc kèm bật điều hòa gió lớn. Đáng nói nhất là giá phụ tùng linh kiện nhập khẩu còn tương đối cao. Đang tính chuyện bán lỗ để quay về xe xăng cho đỡ đau đầu.",negative
EVVN-00377,2021-11-30,Tesla,Forum,"Dưới góc nhìn người dùng thực tế, ưu điểm là xe chạy cực kỳ êm ái, bốc ga nhanh và chi phí tiền điện hàng tháng rất rẻ, nhưng hạ tầng trạm sạc công cộng dịp lễ đông đúc phải chờ đợi khá sốt ruột. Bác nào ở nhà đất có chỗ cắm sạc thì nên mua, còn ở chung cư thì nên tính toán thêm.",neutral
EVVN-00378,2021-11-30,Tesla,YouTube,"Đối với chiếc Tesla, sạc pin ở nhà vào ban đêm rất tiện lợi và kinh tế. Dẫu vậy, hạ tầng trạm sạc công cộng dịp lễ đông đúc phải chờ đợi khá sốt ruột; nhìn chung công nghệ đi trước thời đại nhưng việc sạc và bảo dưỡng xe tư nhân tại VN khá nan giải.",neutral
EVVN-00379,2021-12-01,Hyundai,Review site,"Cảm nhận về chiếc Hyundai: phanh tái sinh chỉnh mức vừa đi rất mượt, đi trong phố đông gần như chỉ cần dùng một bàn đạp. Không gian cabin phẳng rộng rãi như phòng khách gia đình. Thực sự vượt ngoài mong đợi ban đầu của mình.",positive
EVVN-00380,2021-12-01,VinFast,YouTube,"Sau thời gian trải nghiệm VinFast: xe lái đầm chắc, khung gầm dày dặn và nhiều công nghệ an toàn hiện đại, bù lại việc đi xa vẫn cần phải lên kế hoạch lộ trình trạm sạc cẩn thận chứ không tiện như đổ xăng. Đánh giá ở mức 7/10 điểm, cần thêm thời gian để hoàn thiện hạ tầng và phần mềm.",neutral
EVVN-00381,2021-12-01,MG,Facebook,"Cảm nhận về chiếc MG: vận hành êm ái tuyệt đối, không rung giật và chấm dứt hẳn mùi xăng khó chịu. MG4 EV dẫn động cầu sau lái phấn khích và linh hoạt trong cua. Chấm điểm 9.5/10 cho độ êm ái và hiệu quả kinh tế.",positive
EVVN-00382,2021-12-01,VinFast,Facebook,"Cần phản ánh nghiêm túc về tình trạng, dịp lễ cao điểm trạm sạc nào cũng quá tải, xếp hàng dài chờ hơn 1 tiếng rưỡi mới đến lượt cắm sạc. Thất vọng hơn là khoang hành lý quá chật hẹp, không thể nhét vừa hai chiếc vali cỡ trung cho chuyến đi xa. Không thể chấp nhận một sản phẩm giá tiền tỷ mà lỗi vặt nhiều như thế này.",negative
EVVN-00383,2021-12-02,BYD,Dealer,"Sau chuyến về quê dịp lễ vừa qua, dọc đường miền núi trạm sạc quá thưa thớt, vừa đi vừa run sợ hết pin giữa đèo, thêm vào đó màn hình trung tâm thỉnh thoảng bị đơ đen sì khi đang chạy, camera lùi bị giật lag nghiêm trọng. Mong hãng nghiêm túc lắng nghe phản ánh và sớm có phương án xử lý dứt điểm.",negative
EVVN-00384,2021-12-02,Wuling,YouTube,"Cảm nhận thật lòng sau vài tháng đón con đi học, tầm nhìn thoáng căn chỉnh xe rất dễ dàng, đồng thời cắm sạc trực tiếp ổ điện 220V gia đình qua đêm rất tiện lợi. Đúng là phương tiện hoàn hảo để thay thế xe máy.",positive
EVVN-00385,2021-12-03,VinFast,Forum,"Cảm nhận về chiếc VinFast: vận hành êm ái tuyệt đối, không rung giật và chấm dứt hẳn mùi xăng khó chịu. Hệ thống trạm sạc V-Green phủ khắp 63 tỉnh thành từ cao tốc tới huyện xã. Đi rồi mới thấy công nghệ xe điện tiện lợi và sướng hơn hẳn.",positive
EVVN-00386,2021-12-04,Kia,Facebook,"Đối với chiếc Kia, vận hành trong đô thị rất nhàn nhã, máy êm, chi phí nuôi xe tiết kiệm thấy rõ. Dẫu vậy, độ hoàn thiện dàn nhựa nội thất và các chi tiết cơ khí vẫn cần hãng trau chuốt thêm; nhìn chung chạy phố rất nổi bật nhưng đi xa phải tính toán kỹ.",negative
EVVN-00387,2021-12-04,BYD,Facebook,"Khen chê rõ ràng cho anh em tham khảo, chất lượng hoàn thiện tốt trong tầm giá xe nhập khẩu. Về cơ bản ưu điểm là xe chạy cực kỳ êm ái, bốc ga nhanh và chi phí tiền điện hàng tháng rất rẻ, nhưng trần kính mùa hè khá nóng nếu không dán thêm phim cách nhiệt xịn và lắp rèm che.",neutral
EVVN-00388,2021-12-04,Hyundai,Forum,"Cân nhắc kỹ lưỡng ưu và nhược điểm, xe lái đầm chắc, khung gầm dày dặn và nhiều công nghệ an toàn hiện đại, nhưng quãng đường chạy đường trường thực tế sẽ hụt bớt khoảng 20-30% nếu đạp thốc ga liên tục. Bác nào ở nhà đất có chỗ cắm sạc thì nên mua, còn ở chung cư thì nên tính toán thêm.",neutral
EVVN-00389,2021-12-04,BYD,Dealer,"Chạy thử cả phố lẫn đường trường, điểm cộng là công nghệ pin Blade độc quyền an toàn chống cháy nổ rất yên tâm. Thêm vào đó, hệ thống kiểm soát hành trình thích ứng và hỗ trợ giữ làn lái rất nhàn trên cao tốc. Rất đáng tiền trong phân khúc, hài lòng 9/10 điểm.",neutral
EVVN-00390,2021-12-04,Kia,Review site,"Khen chê rõ ràng cho anh em tham khảo, vận hành trong đô thị rất nhàn nhã, máy êm, chi phí nuôi xe tiết kiệm thấy rõ, nhưng độ hoàn thiện dàn nhựa nội thất và các chi tiết cơ khí vẫn cần hãng trau chuốt thêm. Đánh giá ở mức 7/10 điểm, cần thêm thời gian để hoàn thiện hạ tầng và phần mềm.",neutral
EVVN-00391,2021-12-04,MG,Facebook,"Đi làm hằng ngày với em nó, xe lướt đi êm ru, người nhà ngồi sau trước đây hay say xe giờ đi thoải mái cả hành trình, đồng thời kinh tế nhất là sạc chậm qua đêm tại nhà với giá điện sinh hoạt, sáng ra pin đầy ắp sẵn sàng. Ai còn phân vân thì nên lái thử một lần, đảm bảo không muốn quay lại xe xăng.",positive
EVVN-00392,2021-12-05,Hyundai,Facebook,"Đối với chiếc Hyundai, xe lái đầm chắc, khung gầm dày dặn và nhiều công nghệ an toàn hiện đại. Dẫu vậy, trần kính mùa hè khá nóng nếu không dán thêm phim cách nhiệt xịn và lắp rèm che; nhìn chung chất lượng hoàn thiện chuẩn xe toàn cầu nhưng hạ tầng sạc vẫn là rào cản lớn.",neutral
EVVN-00393,2021-12-05,MG,YouTube,"Sau 15.000 km lăn bánh, điểm cộng là mức giá tiếp cận hợp lý so với công năng xe điện mang lại. Thêm vào đó, buổi trưa nằm nghỉ trong xe bật điều hòa thoải mái mà không sợ ngạt khí CO độc hại. Ai còn phân vân thì nên lái thử một lần, đảm bảo không muốn quay lại xe xăng.",positive
EVVN-00394,2021-12-05,Hyundai,Dealer,"Vừa bực vừa ức chế, dịp lễ cao điểm trạm sạc nào cũng quá tải, xếp hàng dài chờ hơn 1 tiếng rưỡi mới đến lượt cắm sạc, thêm vào đó phần mềm liên tục báo lỗi ảo và cảnh báo pin ảo khiến người lái hoang mang. Đang tính chuyện bán lỗ để quay về xe xăng cho đỡ đau đầu.",negative
EVVN-00395,2021-12-05,VinFast,Dealer,"Thất vọng toàn tập với chuyến đi vừa rồi, nhiều điểm trạm sạc ngoài trời không có mái che, trời mưa bão cắm sạc vừa ướt vừa bất an, thêm vào đó cảm biến va chạm và radar hú còi loạn xạ dù đường hoàn toàn thông thoáng. Trải nghiệm chưa xứng đáng với kỳ vọng và số tiền bỏ ra.",neutral
EVVN-00396,2021-12-06,BYD,YouTube,"Đối với chiếc BYD, vận hành trong đô thị rất nhàn nhã, máy êm, chi phí nuôi xe tiết kiệm thấy rõ. Dẫu vậy, độ hoàn thiện dàn nhựa nội thất và các chi tiết cơ khí vẫn cần hãng trau chuốt thêm; nhìn chung chất lượng hoàn thiện tốt trong tầm giá xe nhập khẩu.",neutral
EVVN-00397,2021-12-06,Wuling,Forum,"Lấy xe chủ yếu che nắng che mưa, chở 2 mẹ con che nắng mưa mùa đông hè rất tiện, hơn nữa tiền điện sạc tại nhà mỗi tháng chỉ tầm 200 đến 300 nghìn, rẻ ngang xe máy số. Đi lại quãng ngắn trong thành phố thì không có gì để chê.",positive
EVVN-00398,2021-12-06,VinFast,Forum,Bức xúc khi dùng VinFast: phần mềm liên tục báo lỗi ảo và cảnh báo pin ảo khiến người lái hoang mang. Ngoài ra phần mềm thỉnh thoảng báo lỗi ảo rùa vàng phải tắt máy chờ một lúc mới khởi động lại được. Quá mệt mỏi vì suốt ngày phải lo nghĩ chuyện sạc pin và lỗi phần mềm.,negative
EVVN-00399,2021-12-06,MG,YouTube,"Sau chuyến phượt Tây Bắc cùng gia đình, vận hành êm ái tuyệt đối, không rung giật và chấm dứt hẳn mùi xăng khó chịu, đồng thời khoản bảo dưỡng định kỳ rất nhàn, không phải thay dầu máy hay bugi lọc gió phức tạp. Một trải nghiệm nâng cấp chất lượng sống cho cả gia đình.",positive
EVVN-00400,2021-12-06,Kia,Dealer,"Lần đầu đi phượt đèo dốc bằng xe điện, phanh tái sinh chỉnh mức vừa đi rất mượt, đi trong phố đông gần như chỉ cần dùng một bàn đạp, hơn nữa khoản bảo dưỡng định kỳ rất nhàn, không phải thay dầu máy hay bugi lọc gió phức tạp. Một trải nghiệm nâng cấp chất lượng sống cho cả gia đình. Cảm nhận nhanh sau buổi nhận bàn giao xe tại đại lý.",positive
EVVN-00401,2021-12-06,BYD,Dealer,"Có cả điểm cộng lẫn điểm trừ, ưu điểm là xe chạy cực kỳ êm ái, bốc ga nhanh và chi phí tiền điện hàng tháng rất rẻ, nhưng phần mềm thỉnh thoảng vẫn dính lỗi vặt linh tinh và cần khởi động lại. Bác nào ở nhà đất có chỗ cắm sạc thì nên mua, còn ở chung cư thì nên tính toán thêm.",neutral
EVVN-00402,2021-12-06,BYD,Dealer,"Bức xúc khi dùng BYD: màn hình trung tâm thỉnh thoảng bị đơ đen sì khi đang chạy, camera lùi bị giật lag nghiêm trọng. Ngoài ra hãng chưa có trạm sạc riêng tại VN nên phải tìm trạm tư nhân bên thứ 3 khá bất tiện. Đang tính chuyện bán lỗ để quay về xe xăng cho đỡ đau đầu.",negative
EVVN-00403,2021-12-07,Hyundai,Facebook,"Chia sẻ công tâm sau thời gian trải nghiệm, chất lượng hoàn thiện chuẩn xe toàn cầu nhưng hạ tầng sạc vẫn là rào cản lớn. Về cơ bản ưu điểm là xe chạy cực kỳ êm ái, bốc ga nhanh và chi phí tiền điện hàng tháng rất rẻ, nhưng độ hoàn thiện dàn nhựa nội thất và các chi tiết cơ khí vẫn cần hãng trau chuốt thêm.",neutral
EVVN-00404,2021-12-07,MG,Review site,"Đã gắn bó từ những ngày đầu nhận xe, phanh tái sinh chỉnh mức vừa đi rất mượt, đi trong phố đông gần như chỉ cần dùng một bàn đạp, hơn nữa tính bài toán vận hành lâu dài thì kinh tế hơn hẳn các dòng xe xăng cùng tầm giá. Cực kỳ ưng ý và sẽ tiếp tục ủng hộ xu hướng di chuyển xanh.",positive
EVVN-00405,2021-12-07,VinFast,Dealer,"Đối với chiếc VinFast, ưu điểm là xe chạy cực kỳ êm ái, bốc ga nhanh và chi phí tiền điện hàng tháng rất rẻ. Dẫu vậy, việc đi xa vẫn cần phải lên kế hoạch lộ trình trạm sạc cẩn thận chứ không tiện như đổ xăng; nhìn chung cần thêm vài bản cập nhật OTA nữa để phần mềm đạt độ ổn định tuyệt đối.",neutral
EVVN-00406,2021-12-07,MG,Forum,"Cân nhắc kỹ lưỡng ưu và nhược điểm, lựa chọn kinh tế cho người mua xe điện lần đầu muốn trải nghiệm. Về cơ bản điểm cộng lớn nhất là khả năng tăng tốc mượt mà, không mùi khí thải và không gian cabin thoáng đãng, nhưng phần mềm thỉnh thoảng vẫn dính lỗi vặt linh tinh và cần khởi động lại.",neutral
EVVN-00407,2021-12-08,Wuling,Facebook,"Nhiều lúc ức chế phát bực vì, trang bị an toàn nghèo nàn, bản thấp thậm chí không có túi khí bảo vệ. Điểm trừ nữa là giảm xóc sau khá cứng đi qua gờ giảm tốc nảy tưng tưng. Trải nghiệm chưa xứng đáng với kỳ vọng ban đầu. Mình chia sẻ lên nhóm để anh em cùng thảo luận.",neutral
EVVN-00408,2021-12-08,Hyundai,Forum,"Sau thời gian trải nghiệm Hyundai: xe lái đầm chắc, khung gầm dày dặn và nhiều công nghệ an toàn hiện đại, bù lại độ hoàn thiện dàn nhựa nội thất và các chi tiết cơ khí vẫn cần hãng trau chuốt thêm. Bác nào ở nhà đất có chỗ cắm sạc thì nên mua, còn ở chung cư thì nên tính toán thêm.",neutral
EVVN-00409,2021-12-08,Wuling,Review site,"Chạy được gần 1 vạn km nội thành, bán kính quay đầu nhỏ xoay xở đầu ngõ phố nhẹ tênh, hơn nữa cắm sạc trực tiếp ổ điện 220V gia đình qua đêm rất tiện lợi. Chấm 9/10 cho sự tiện dụng và tiết kiệm.",neutral
EVVN-00410,2021-12-08,Tesla,Review site,"Đã gắn bó từ những ngày đầu nhận xe, xe lướt đi êm ru, người nhà ngồi sau trước đây hay say xe giờ đi thoải mái cả hành trình, đồng thời tính bài toán vận hành lâu dài thì kinh tế hơn hẳn các dòng xe xăng cùng tầm giá. Nói chung quyết định chuyển sang xe điện là hoàn toàn sáng suốt.",positive
EVVN-00411,2021-12-08,VinFast,Dealer,"Chờ đợi mòn mỏi ở xưởng dịch vụ, ra đến trạm sạc cao tốc thì 3 trụ báo lỗi hỏng, trụ duy nhất còn lại thì bị xe xăng đỗ chiếm chỗ vô ý thức, thêm vào đó phần mềm liên tục báo lỗi ảo và cảnh báo pin ảo khiến người lái hoang mang. Thực sự thất vọng, khuyên thật lòng anh em nên cân nhắc kỹ trước khi xuống tiền.",negative
EVVN-00412,2021-12-08,Kia,Forum,"Lần đầu đi phượt đèo dốc bằng xe điện, xe lướt đi êm ru, người nhà ngồi sau trước đây hay say xe giờ đi thoải mái cả hành trình, đồng thời tiền sạc rẻ giật mình, mỗi km tính ra chỉ tốn tầm 400 đến 500 đồng. Cực kỳ ưng ý và sẽ tiếp tục ủng hộ xu hướng di chuyển xanh.",positive
EVVN-00413,2021-12-08,BYD,Review site,"Chạy được gần 2 vạn km rồi mới dám lên bài, buổi trưa nằm nghỉ trong xe bật điều hòa thoải mái mà không sợ ngạt khí CO độc hại, kèm theo đó khoản bảo dưỡng định kỳ rất nhàn, không phải thay dầu máy hay bugi lọc gió phức tạp. Rất đáng tiền trong phân khúc, hài lòng 9/10 điểm.",positive
EVVN-00414,2021-12-09,Tesla,Dealer,"Cân nhắc kỹ lưỡng ưu và nhược điểm, công nghệ đi trước thời đại nhưng việc sạc và bảo dưỡng xe tư nhân tại VN khá nan giải. Về cơ bản vận hành trong đô thị rất nhàn nhã, máy êm, chi phí nuôi xe tiết kiệm thấy rõ, nhưng quãng đường chạy đường trường thực tế sẽ hụt bớt khoảng 20-30% nếu đạp thốc ga liên tục.",neutral
EVVN-00415,2021-12-09,Hyundai,Forum,"Bức xúc khi dùng Hyundai: hệ thống nhận diện giọng nói ngô nghê, gọi mãi không hiểu khẩu lệnh cơ bản. Ngoài ra khoang lái ít phím bấm vật lý đôi khi thao tác chưa thật sự quen tay. Mong hãng nghiêm túc lắng nghe phản ánh và sớm có phương án xử lý dứt điểm.",negative
EVVN-00416,2021-12-09,Kia,Facebook,"Không tâng bốc cũng không dìm hàng, sạc pin ở nhà vào ban đêm rất tiện lợi và kinh tế, nhưng việc đi xa vẫn cần phải lên kế hoạch lộ trình trạm sạc cẩn thận chứ không tiện như đổ xăng. Đánh giá ở mức 7/10 điểm, cần thêm thời gian để hoàn thiện hạ tầng và phần mềm.",neutral
EVVN-00417,2021-12-10,MG,Dealer,"Chờ đợi mòn mỏi ở xưởng dịch vụ, trải nghiệm thực sự tệ khi khoang hành lý quá chật hẹp, không thể nhét vừa hai chiếc vali cỡ trung cho chuyến đi xa. Đáng nói nhất là thương hiệu còn làm nhiều người mua đắn đo. Mong hãng nghiêm túc lắng nghe phản ánh và sớm có phương án xử lý dứt điểm.",negative
EVVN-00418,2021-12-10,Tesla,YouTube,"Sau chuyến xuyên Việt vừa rồi, xe tăng tốc tức thì, vượt xe trên quốc lộ rất tự tin và an toàn, hơn nữa tiền sạc rẻ giật mình, mỗi km tính ra chỉ tốn tầm 400 đến 500 đồng. Cực kỳ ưng ý và sẽ tiếp tục ủng hộ xu hướng di chuyển xanh.",positive
EVVN-00419,2021-12-10,Tesla,Forum,"Lấy xe từ đợt đầu, trọng tâm pin đặt dưới sàn giúp xe ôm cua cực kỳ đầm chắc, không bị vặn xoắn, và khoản bảo dưỡng định kỳ rất nhàn, không phải thay dầu máy hay bugi lọc gió phức tạp. Nói chung quyết định chuyển sang xe điện là hoàn toàn sáng suốt.",positive
EVVN-00420,2021-12-10,BYD,Dealer,"Lần đầu đi phượt đèo dốc bằng xe điện, vận hành êm ái tuyệt đối, không rung giật và chấm dứt hẳn mùi xăng khó chịu, và kinh tế nhất là sạc chậm qua đêm tại nhà với giá điện sinh hoạt, sáng ra pin đầy ắp sẵn sàng. Nói chung quyết định chuyển sang xe điện là hoàn toàn sáng suốt.",positive
EVVN-00421,2021-12-10,Hyundai,Forum,"Vừa hoàn thành chuyến về quê 500km, khả năng cách âm môi trường và gầm xe tốt hơn mong đợi rất nhiều, đồng thời kinh tế nhất là sạc chậm qua đêm tại nhà với giá điện sinh hoạt, sáng ra pin đầy ắp sẵn sàng. Một trải nghiệm nâng cấp chất lượng sống cho cả gia đình.",positive
EVVN-00422,2021-12-10,VinFast,YouTube,"Lần đầu đi phượt đèo dốc bằng xe điện, trọng tâm pin đặt dưới sàn giúp xe ôm cua cực kỳ đầm chắc, không bị vặn xoắn, đồng thời khoản bảo dưỡng định kỳ rất nhàn, không phải thay dầu máy hay bugi lọc gió phức tạp. Cực kỳ ưng ý và sẽ tiếp tục ủng hộ xu hướng di chuyển xanh.",positive
EVVN-00423,2021-12-10,VinFast,Dealer,"Cảm nhận về chiếc VinFast: xe lướt đi êm ru, người nhà ngồi sau trước đây hay say xe giờ đi thoải mái cả hành trình. Khung gầm đầm chắc chuẩn xe Đức, ôm cua ở tốc độ cao rất vững vàng. Đi rồi mới thấy công nghệ xe điện tiện lợi và sướng hơn hẳn.",positive
EVVN-00424,2021-12-11,VinFast,Facebook,"Nhận xét thực tế sau chuyến đi dài, cần thêm vài bản cập nhật OTA nữa để phần mềm đạt độ ổn định tuyệt đối. Về cơ bản sạc pin ở nhà vào ban đêm rất tiện lợi và kinh tế, nhưng độ hoàn thiện dàn nhựa nội thất và các chi tiết cơ khí vẫn cần hãng trau chuốt thêm.",neutral
EVVN-00425,2021-12-11,Tesla,Review site,"Nhà mình chạy được 1 vạn km, các bản cập nhật phần mềm từ xa OTA ngày càng hoàn thiện, xe đi mượt hơn hẳn, song song với đó chi phí sạc điện mỗi tháng chưa tới 800 nghìn, tiết kiệm hơn 70% so với tiền xăng trước kia. Chấm điểm 9.5/10 cho độ êm ái và hiệu quả kinh tế.",positive
EVVN-00426,2021-12-11,Tesla,Dealer,"Đối với chiếc Tesla, xe lái đầm chắc, khung gầm dày dặn và nhiều công nghệ an toàn hiện đại. Dẫu vậy, phần mềm thỉnh thoảng vẫn dính lỗi vặt linh tinh và cần khởi động lại; nhìn chung xe rất hợp cho người đam mê công nghệ và có sẵn chỗ sạc tại nhà.",neutral
EVVN-00427,2021-12-11,BYD,Facebook,Bức xúc khi dùng BYD: bản cập nhật phần mềm mới làm hao pin hơn hẳn và mất kết nối Bluetooth liên tục. Ngoài ra nhiều chi tiết đèn viền và cửa gió thiết kế hơi rườm rà sến sẩm. Không thể chấp nhận một sản phẩm giá tiền tỷ mà lỗi vặt nhiều như thế này.,negative
EVVN-00428,2021-12-11,Wuling,YouTube,"Chia sẻ công tâm sau thời gian sử dụng Wuling, điểm cộng là che nắng che mưa đưa đón con đi học trong phố rất tiện lợi và kinh tế, nhưng bắt buộc gia đình phải có chỗ cắm sạc điện dân dụng 220V riêng. Tóm lại mua để thay xe máy đi phố thì chuẩn bài, còn đi tỉnh thì nên bỏ qua.",neutral
EVVN-00429,2021-12-11,BYD,YouTube,"Sau thời gian trải nghiệm BYD: sạc pin ở nhà vào ban đêm rất tiện lợi và kinh tế, bù lại hạ tầng trạm sạc công cộng dịp lễ đông đúc phải chờ đợi khá sốt ruột. Đánh giá ở mức 7/10 điểm, cần thêm thời gian để hoàn thiện hạ tầng và phần mềm.",neutral
EVVN-00430,2021-12-11,VinFast,Dealer,"Chạy được gần 2 vạn km rồi mới dám lên bài, vận hành êm ái tuyệt đối, không rung giật và chấm dứt hẳn mùi xăng khó chịu, và tiền sạc rẻ giật mình, mỗi km tính ra chỉ tốn tầm 400 đến 500 đồng. Thực sự vượt ngoài mong đợi ban đầu của mình.",positive
EVVN-00431,2021-12-11,BYD,YouTube,"Chạy thử nhiều mẫu xe rồi mới chốt em này, buổi trưa nằm nghỉ trong xe bật điều hòa thoải mái mà không sợ ngạt khí CO độc hại, kèm theo đó tiền sạc rẻ giật mình, mỗi km tính ra chỉ tốn tầm 400 đến 500 đồng. Ai còn phân vân thì nên lái thử một lần, đảm bảo không muốn quay lại xe xăng.",positive
EVVN-00432,2021-12-11,Tesla,YouTube,"Sau 15.000 km lăn bánh, vận hành êm ái tuyệt đối, không rung giật và chấm dứt hẳn mùi xăng khó chịu, đồng thời tính bài toán vận hành lâu dài thì kinh tế hơn hẳn các dòng xe xăng cùng tầm giá. Ai còn phân vân thì nên lái thử một lần, đảm bảo không muốn quay lại xe xăng.",positive
EVVN-00433,2021-12-12,VinFast,Review site,"Thật sự ngán ngẩm với chất lượng hoàn thiện, trải nghiệm thực sự tệ khi khoang hành lý quá chật hẹp, không thể nhét vừa hai chiếc vali cỡ trung cho chuyến đi xa. Đáng nói nhất là phần mềm thỉnh thoảng báo lỗi ảo rùa vàng phải tắt máy chờ một lúc mới khởi động lại được. Không thể chấp nhận một sản phẩm giá tiền tỷ mà lỗi vặt nhiều như thế này.",negative
EVVN-00434,2021-12-12,VinFast,Forum,Bức xúc khi dùng VinFast: phần mềm liên tục báo lỗi ảo và cảnh báo pin ảo khiến người lái hoang mang. Ngoài ra phần mềm thỉnh thoảng báo lỗi ảo rùa vàng phải tắt máy chờ một lúc mới khởi động lại được. Nếu được chọn lại chắc chắn mình sẽ trung thành với xe xăng truyền thống.,negative
EVVN-00435,2021-12-12,VinFast,Dealer,"Lên đây cảnh báo cho anh em đang có ý định mua, ở chung cư không có trụ sạc AC, đi làm về mệt mỏi lại phải lang thang tìm trụ sạc nhanh rất bất tiện, thêm vào đó bản cập nhật phần mềm mới làm hao pin hơn hẳn và mất kết nối Bluetooth liên tục. Nếu được chọn lại chắc chắn mình sẽ trung thành với xe xăng truyền thống. Cảm nhận nhanh sau buổi nhận bàn giao xe tại đại lý.",negative
EVVN-00436,2021-12-13,Kia,Dealer,"Sau hơn nửa năm gắn bó, các bản cập nhật phần mềm từ xa OTA ngày càng hoàn thiện, xe đi mượt hơn hẳn, song song với đó tính bài toán vận hành lâu dài thì kinh tế hơn hẳn các dòng xe xăng cùng tầm giá. Thực sự vượt ngoài mong đợi ban đầu của mình.",positive
EVVN-00437,2021-12-13,BYD,Dealer,"Có cả điểm cộng lẫn điểm trừ, chất lượng hoàn thiện tốt trong tầm giá xe nhập khẩu. Về cơ bản ưu điểm là xe chạy cực kỳ êm ái, bốc ga nhanh và chi phí tiền điện hàng tháng rất rẻ, nhưng hạ tầng trạm sạc công cộng dịp lễ đông đúc phải chờ đợi khá sốt ruột.",neutral
EVVN-00438,2021-12-13,Tesla,YouTube,"Cảm nhận về chiếc Tesla: xe tăng tốc tức thì, vượt xe trên quốc lộ rất tự tin và an toàn. Hệ điều hành điều khiển mượt mà như một chiếc máy tính bảng cao cấp. Ai còn phân vân thì nên lái thử một lần, đảm bảo không muốn quay lại xe xăng.",positive
EVVN-00439,2021-12-13,MG,Review site,"Nhận xét thực tế sau chuyến đi dài, xe lái hay và giá mềm nhưng hệ sinh thái trạm sạc còn cần nhiều thời gian để hoàn thiện. Về cơ bản ưu điểm là xe chạy cực kỳ êm ái, bốc ga nhanh và chi phí tiền điện hàng tháng rất rẻ, nhưng trần kính mùa hè khá nóng nếu không dán thêm phim cách nhiệt xịn và lắp rèm che.",neutral
EVVN-00440,2021-12-13,VinFast,Dealer,"Chia sẻ trải nghiệm không mấy vui vẻ sau 2 tháng, dọc đường miền núi trạm sạc quá thưa thớt, vừa đi vừa run sợ hết pin giữa đèo. Thất vọng hơn là chất liệu nhựa nội thất ọp ẹp, đi vào đường xấu phát ra tiếng kêu cọt kẹt rất khó chịu. Nếu được chọn lại chắc chắn mình sẽ trung thành với xe xăng truyền thống.",negative
EVVN-00441,2021-12-14,VinFast,Dealer,"Lần đầu đi phượt đèo dốc bằng xe điện, buổi trưa nằm nghỉ trong xe bật điều hòa thoải mái mà không sợ ngạt khí CO độc hại, song song với đó tính bài toán vận hành lâu dài thì kinh tế hơn hẳn các dòng xe xăng cùng tầm giá. Rất đáng tiền trong phân khúc, hài lòng 9/10 điểm.",positive
EVVN-00442,2021-12-14,Hyundai,Review site,"Đối với chiếc Hyundai, điểm cộng lớn nhất là khả năng tăng tốc mượt mà, không mùi khí thải và không gian cabin thoáng đãng. Dẫu vậy, quãng đường chạy đường trường thực tế sẽ hụt bớt khoảng 20-30% nếu đạp thốc ga liên tục; nhìn chung xe đẹp và sang trọng nhưng chỉ phù hợp gia đình có gara riêng.",neutral
EVVN-00443,2021-12-14,MG,YouTube,"Bức xúc khi dùng MG: lỗi ắc quy 12V tụt áp bất thình lình làm xe không khởi động được, phải gọi xe cứu hộ kéo về. Ngoài ra chất liệu nhựa nội thất chưa thật sự tinh xảo. Trải nghiệm chưa xứng đáng với kỳ vọng và số tiền bỏ ra.",negative
EVVN-00444,2021-12-14,BYD,Forum,"Mua xe cho vợ đi làm hàng ngày, hệ thống kiểm soát hành trình thích ứng và hỗ trợ giữ làn lái rất nhàn trên cao tốc, song song với đó tính bài toán vận hành lâu dài thì kinh tế hơn hẳn các dòng xe xăng cùng tầm giá. Cực kỳ ưng ý và sẽ tiếp tục ủng hộ xu hướng di chuyển xanh.",positive
EVVN-00445,2021-12-14,Kia,YouTube,"Quá mệt mỏi sau chuyến đi tỉnh cuối tuần, trải nghiệm thực sự tệ khi độ hoàn thiện các khe hở thân vỏ không đều, gioăng cao su cửa cách âm kém nghe rõ tiếng gió rít khi lên 100km/h. Đáng nói nhất là số lượng xe lăn bánh trên đường còn quá hiếm nên tìm phụ tùng khó. Quá mệt mỏi vì suốt ngày phải lo nghĩ chuyện sạc pin và lỗi phần mềm.",neutral
EVVN-00446,2021-12-15,BYD,Facebook,"Hôm qua suýt nằm đường vì, trải nghiệm thực sự tệ khi chất liệu nhựa nội thất ọp ẹp, đi vào đường xấu phát ra tiếng kêu cọt kẹt rất khó chịu. Đáng nói nhất là nhiều chi tiết đèn viền và cửa gió thiết kế hơi rườm rà sến sẩm. Mong hãng nghiêm túc lắng nghe phản ánh và sớm có phương án xử lý dứt điểm.",negative
EVVN-00447,2021-12-15,VinFast,Facebook,"Không tâng bốc cũng không dìm hàng, cần thêm vài bản cập nhật OTA nữa để phần mềm đạt độ ổn định tuyệt đối. Về cơ bản ưu điểm là xe chạy cực kỳ êm ái, bốc ga nhanh và chi phí tiền điện hàng tháng rất rẻ, nhưng việc đi xa vẫn cần phải lên kế hoạch lộ trình trạm sạc cẩn thận chứ không tiện như đổ xăng.",neutral
EVVN-00448,2021-12-15,BYD,Dealer,"Đối với chiếc BYD, điểm cộng lớn nhất là khả năng tăng tốc mượt mà, không mùi khí thải và không gian cabin thoáng đãng. Dẫu vậy, việc đi xa vẫn cần phải lên kế hoạch lộ trình trạm sạc cẩn thận chứ không tiện như đổ xăng; nhìn chung chất lượng hoàn thiện tốt trong tầm giá xe nhập khẩu. Cảm nhận nhanh sau buổi nhận bàn giao xe tại đại lý.",neutral
EVVN-00449,2021-12-15,BYD,Facebook,"Nhiều lúc ức chế phát khóc, dọc đường miền núi trạm sạc quá thưa thớt, vừa đi vừa run sợ hết pin giữa đèo, chưa kể cảm biến va chạm và radar hú còi loạn xạ dù đường hoàn toàn thông thoáng. Đang tính chuyện bán lỗ để quay về xe xăng cho đỡ đau đầu.",neutral
EVVN-00450,2021-12-16,VinFast,Forum,"Sau gần 8 tháng sử dụng liên tục, khả năng cách âm môi trường và gầm xe tốt hơn mong đợi rất nhiều, hơn nữa chi phí sạc điện mỗi tháng chưa tới 800 nghìn, tiết kiệm hơn 70% so với tiền xăng trước kia. Đi rồi mới thấy công nghệ xe điện tiện lợi và sướng hơn hẳn.",positive
EVVN-00451,2021-12-16,MG,YouTube,"Sau chuyến về quê dịp lễ vừa qua, tốc độ sạc bị bóp công suất tụt thảm hại khi có nhiều xe cùng cắm sạc một lúc. Thất vọng hơn là chất liệu nhựa nội thất ọp ẹp, đi vào đường xấu phát ra tiếng kêu cọt kẹt rất khó chịu. Nếu được chọn lại chắc chắn mình sẽ trung thành với xe xăng truyền thống.",negative
EVVN-00452,2021-12-16,BYD,YouTube,"Không tâng bốc cũng không dìm hàng, xe lái chắc chắn và pin an toàn nhưng bài toán sạc phụ thuộc hoàn toàn vào bên thứ ba. Về cơ bản sạc pin ở nhà vào ban đêm rất tiện lợi và kinh tế, nhưng độ hoàn thiện dàn nhựa nội thất và các chi tiết cơ khí vẫn cần hãng trau chuốt thêm.",neutral
EVVN-00453,2021-12-16,VinFast,Dealer,"Lúc đầu cũng đắn đo nhưng chốt xe xong thấy, vận hành êm ái tuyệt đối, không rung giật và chấm dứt hẳn mùi xăng khó chịu, và kinh tế nhất là sạc chậm qua đêm tại nhà với giá điện sinh hoạt, sáng ra pin đầy ắp sẵn sàng. Rất đáng tiền trong phân khúc, hài lòng 9/10 điểm.",positive
EVVN-00454,2021-12-17,Tesla,Dealer,"Ấn tượng nhất sau thời gian dài sử dụng là điểm cộng là hệ điều hành điều khiển mượt mà như một chiếc máy tính bảng cao cấp. Thêm vào đó, hệ thống kiểm soát hành trình thích ứng và hỗ trợ giữ làn lái rất nhàn trên cao tốc. Ai còn phân vân thì nên lái thử một lần, đảm bảo không muốn quay lại xe xăng.",neutral
EVVN-00455,2021-12-17,VinFast,Forum,"Bức xúc khi dùng VinFast: màn hình trung tâm thỉnh thoảng bị đơ đen sì khi đang chạy, camera lùi bị giật lag nghiêm trọng. Ngoài ra màn hình giải trí đôi khi khởi động lại bất thình lình khi xe đang chạy. Không thể chấp nhận một sản phẩm giá tiền tỷ mà lỗi vặt nhiều như thế này.",negative
EVVN-00456,2021-12-17,VinFast,Forum,"Chia sẻ công tâm sau thời gian trải nghiệm, lợi thế hệ thống trạm sạc VinFast tại Việt Nam áp đảo hoàn toàn so với mọi đối thủ. Về cơ bản xe lái đầm chắc, khung gầm dày dặn và nhiều công nghệ an toàn hiện đại, nhưng quãng đường chạy đường trường thực tế sẽ hụt bớt khoảng 20-30% nếu đạp thốc ga liên tục. Bác nào đang chạy dòng này vào chia sẻ thêm kinh nghiệm nhé.",neutral
EVVN-00457,2021-12-18,Tesla,YouTube,"Vừa hoàn thành chuyến về quê 500km, màn hình giải trí sắc nét, cảm ứng mượt mà và hỗ trợ kết nối không dây rất tiện, kèm theo đó tiền sạc rẻ giật mình, mỗi km tính ra chỉ tốn tầm 400 đến 500 đồng. Thực sự vượt ngoài mong đợi ban đầu của mình.",positive
EVVN-00458,2021-12-18,Kia,Forum,"Trải nghiệm thực tế quá khác xa so với quảng cáo, trải nghiệm thực sự tệ khi giảm xóc sau quá cứng, đi qua gờ giảm tốc người ngồi hàng hai nảy tưng tưng rất ê mông. Đáng nói nhất là số lượng xe lăn bánh trên đường còn quá hiếm nên tìm phụ tùng khó. Không thể chấp nhận một sản phẩm giá tiền tỷ mà lỗi vặt nhiều như thế này. Bác nào đang chạy dòng này vào chia sẻ thêm kinh nghiệm nhé.",negative
EVVN-00459,2021-12-18,Hyundai,Dealer,"Bức xúc khi dùng Hyundai: lỗi ắc quy 12V tụt áp bất thình lình làm xe không khởi động được, phải gọi xe cứu hộ kéo về. Ngoài ra mạng lưới trụ sạc công cộng của Hyundai ở Việt Nam còn quá ít ỏi. Không thể chấp nhận một sản phẩm giá tiền tỷ mà lỗi vặt nhiều như thế này.",negative
EVVN-00460,2021-12-18,Tesla,Forum,"Lần đầu đi phượt đèo dốc bằng xe điện, điểm cộng là khả năng bứt tốc dính ghế đầy phấn khích không hề có độ trễ. Thêm vào đó, các bản cập nhật phần mềm từ xa OTA ngày càng hoàn thiện, xe đi mượt hơn hẳn. Thực sự vượt ngoài mong đợi ban đầu của mình. Bác nào đang chạy dòng này vào chia sẻ thêm kinh nghiệm nhé.",positive
EVVN-00461,2021-12-18,VinFast,Review site,"Test thử cao tốc đợt cuối tuần, điểm cộng là hệ thống trạm sạc V-Green phủ khắp 63 tỉnh thành từ cao tốc tới huyện xã. Bên cạnh đó, hệ thống kiểm soát hành trình thích ứng và hỗ trợ giữ làn lái rất nhàn trên cao tốc. Nói chung quyết định chuyển sang xe điện là hoàn toàn sáng suốt.",positive
EVVN-00462,2021-12-18,Hyundai,Facebook,"Chia sẻ công tâm sau thời gian trải nghiệm, sạc pin ở nhà vào ban đêm rất tiện lợi và kinh tế, nhưng việc đi xa vẫn cần phải lên kế hoạch lộ trình trạm sạc cẩn thận chứ không tiện như đổ xăng. Tùy vào nhu cầu sử dụng của mỗi gia đình mà cân nhắc cho phù hợp.",neutral
EVVN-00463,2021-12-19,Hyundai,Dealer,"Nhiều lúc ức chế phát khóc, trải nghiệm thực sự tệ khi trần kính toàn cảnh vào mùa hè Hà Nội nắng 40 độ hấp nhiệt nóng rát đỉnh đầu, bật điều hòa max vẫn toát mồ hôi. Đáng nói nhất là mức giá niêm yết khá cao so với mặt bằng thu nhập số đông. Thực sự thất vọng, khuyên thật lòng anh em nên cân nhắc kỹ trước khi xuống tiền.",negative
EVVN-00464,2021-12-19,Hyundai,Review site,"Chạy được gần 2 vạn km rồi mới dám lên bài, hệ thống kiểm soát hành trình thích ứng và hỗ trợ giữ làn lái rất nhàn trên cao tốc, song song với đó khoản bảo dưỡng định kỳ rất nhàn, không phải thay dầu máy hay bugi lọc gió phức tạp. Chấm điểm 9.5/10 cho độ êm ái và hiệu quả kinh tế.",positive
EVVN-00465,2021-12-19,BYD,Dealer,"Cảm nhận thật lòng sau 3 tháng sử dụng, điểm cộng là thiết kế nội thất phong cách thể thao phá cách và trẻ trung. Bên cạnh đó, các bản cập nhật phần mềm từ xa OTA ngày càng hoàn thiện, xe đi mượt hơn hẳn. Rất đáng tiền trong phân khúc, hài lòng 9/10 điểm.",positive
EVVN-00466,2021-12-19,VinFast,Dealer,"Đã gắn bó từ những ngày đầu nhận xe, xe tăng tốc tức thì, vượt xe trên quốc lộ rất tự tin và an toàn, đồng thời tính bài toán vận hành lâu dài thì kinh tế hơn hẳn các dòng xe xăng cùng tầm giá. Cực kỳ ưng ý và sẽ tiếp tục ủng hộ xu hướng di chuyển xanh.",positive
EVVN-00467,2021-12-19,MG,Facebook,"Hôm qua suýt nằm đường vì, dịp lễ cao điểm trạm sạc nào cũng quá tải, xếp hàng dài chờ hơn 1 tiếng rưỡi mới đến lượt cắm sạc, thêm vào đó màn hình trung tâm thỉnh thoảng bị đơ đen sì khi đang chạy, camera lùi bị giật lag nghiêm trọng. Thực sự thất vọng, khuyên thật lòng anh em nên cân nhắc kỹ trước khi xuống tiền.",negative
EVVN-00468,2021-12-20,Tesla,Review site,"Lên đây cảnh báo cho anh em đang có ý định mua, trải nghiệm thực sự tệ khi quãng đường thực tế hao hụt gần 35% so với công bố khi chạy cao tốc kèm bật điều hòa gió lớn. Đáng nói nhất là khe hở thân vỏ gia công chưa thật sự khít và đồng đều. Không thể chấp nhận một sản phẩm giá tiền tỷ mà lỗi vặt nhiều như thế này.",negative
EVVN-00469,2021-12-20,MG,YouTube,"Thất vọng toàn tập với chuyến đi vừa rồi, nhiều điểm trạm sạc ngoài trời không có mái che, trời mưa bão cắm sạc vừa ướt vừa bất an. Thất vọng hơn là chất liệu nhựa nội thất ọp ẹp, đi vào đường xấu phát ra tiếng kêu cọt kẹt rất khó chịu. Nếu được chọn lại chắc chắn mình sẽ trung thành với xe xăng truyền thống.",negative
EVVN-00470,2021-12-20,VinFast,Review site,"Đối với chiếc VinFast, xe lái đầm chắc, khung gầm dày dặn và nhiều công nghệ an toàn hiện đại. Dẫu vậy, độ hoàn thiện dàn nhựa nội thất và các chi tiết cơ khí vẫn cần hãng trau chuốt thêm; nhìn chung lợi thế hệ thống trạm sạc VinFast tại Việt Nam áp đảo hoàn toàn so với mọi đối thủ.",neutral
EVVN-00471,2021-12-20,BYD,YouTube,"Gặp sự cố giữa đường mới thấy, trải nghiệm thực sự tệ khi quãng đường thực tế hao hụt gần 35% so với công bố khi chạy cao tốc kèm bật điều hòa gió lớn. Đáng nói nhất là hãng chưa có trạm sạc riêng tại VN nên phải tìm trạm tư nhân bên thứ 3 khá bất tiện. Trải nghiệm chưa xứng đáng với kỳ vọng và số tiền bỏ ra.",negative
EVVN-00472,2021-12-20,Hyundai,Facebook,"Sau 15.000 km lăn bánh, điểm cộng là kiến trúc điện 800V hỗ trợ sạc siêu nhanh hàng đầu phân khúc. Thêm vào đó, các bản cập nhật phần mềm từ xa OTA ngày càng hoàn thiện, xe đi mượt hơn hẳn. Cực kỳ ưng ý và sẽ tiếp tục ủng hộ xu hướng di chuyển xanh.",positive
EVVN-00473,2021-12-20,Tesla,Review site,"Vừa hoàn thành chuyến về quê 500km, buổi trưa nằm nghỉ trong xe bật điều hòa thoải mái mà không sợ ngạt khí CO độc hại, song song với đó khoản bảo dưỡng định kỳ rất nhàn, không phải thay dầu máy hay bugi lọc gió phức tạp. Chấm điểm 9.5/10 cho độ êm ái và hiệu quả kinh tế.",neutral
EVVN-00474,2021-12-20,BYD,Forum,"Đối với chiếc BYD, xe lái đầm chắc, khung gầm dày dặn và nhiều công nghệ an toàn hiện đại. Dẫu vậy, quãng đường chạy đường trường thực tế sẽ hụt bớt khoảng 20-30% nếu đạp thốc ga liên tục; nhìn chung xe lái chắc chắn và pin an toàn nhưng bài toán sạc phụ thuộc hoàn toàn vào bên thứ ba.",neutral
EVVN-00475,2021-12-21,Tesla,Facebook,"Sau thời gian trải nghiệm Tesla: vận hành trong đô thị rất nhàn nhã, máy êm, chi phí nuôi xe tiết kiệm thấy rõ, bù lại trần kính mùa hè khá nóng nếu không dán thêm phim cách nhiệt xịn và lắp rèm che. Đánh giá ở mức 7/10 điểm, cần thêm thời gian để hoàn thiện hạ tầng và phần mềm. Mình chia sẻ lên nhóm để anh em cùng thảo luận.",positive
EVVN-00476,2021-12-21,VinFast,Dealer,"Quá mệt mỏi sau chuyến đi tỉnh cuối tuần, tốc độ sạc bị bóp công suất tụt thảm hại khi có nhiều xe cùng cắm sạc một lúc. Thất vọng hơn là quãng đường thực tế hao hụt gần 35% so với công bố khi chạy cao tốc kèm bật điều hòa gió lớn. Quá mệt mỏi vì suốt ngày phải lo nghĩ chuyện sạc pin và lỗi phần mềm.",negative
EVVN-00477,2021-12-21,VinFast,Forum,"Sau 15.000 km lăn bánh, khả năng cách âm môi trường và gầm xe tốt hơn mong đợi rất nhiều, hơn nữa kinh tế nhất là sạc chậm qua đêm tại nhà với giá điện sinh hoạt, sáng ra pin đầy ắp sẵn sàng. Thực sự vượt ngoài mong đợi ban đầu của mình.",positive
EVVN-00478,2021-12-21,MG,YouTube,"Cảm nhận về chiếc MG: vận hành êm ái tuyệt đối, không rung giật và chấm dứt hẳn mùi xăng khó chịu. Mức giá tiếp cận hợp lý so với công năng xe điện mang lại. Cực kỳ ưng ý và sẽ tiếp tục ủng hộ xu hướng di chuyển xanh.",positive
EVVN-00479,2021-12-21,VinFast,Dealer,"Chạy thử cả phố lẫn đường trường, khả năng cách âm môi trường và gầm xe tốt hơn mong đợi rất nhiều, và khoản bảo dưỡng định kỳ rất nhàn, không phải thay dầu máy hay bugi lọc gió phức tạp. Thực sự vượt ngoài mong đợi ban đầu của mình.",positive
EVVN-00480,2021-12-21,VinFast,Review site,"Ấn tượng nhất sau thời gian dài sử dụng là điểm cộng là trợ lý ảo ViVi nhận diện giọng nói tiếng Việt ba miền cực kỳ mượt mà. Bên cạnh đó, buổi trưa nằm nghỉ trong xe bật điều hòa thoải mái mà không sợ ngạt khí CO độc hại. Ai còn phân vân thì nên lái thử một lần, đảm bảo không muốn quay lại xe xăng.",positive
EVVN-00481,2021-12-22,Kia,Dealer,"Vừa bực vừa ức chế, tốc độ sạc bị bóp công suất tụt thảm hại khi có nhiều xe cùng cắm sạc một lúc, thêm vào đó phần mềm liên tục báo lỗi ảo và cảnh báo pin ảo khiến người lái hoang mang. Đang tính chuyện bán lỗ để quay về xe xăng cho đỡ đau đầu.",negative
EVVN-00482,2021-12-22,BYD,Review site,"Vừa bực vừa ức chế, dịp lễ cao điểm trạm sạc nào cũng quá tải, xếp hàng dài chờ hơn 1 tiếng rưỡi mới đến lượt cắm sạc, chưa kể hệ thống nhận diện giọng nói ngô nghê, gọi mãi không hiểu khẩu lệnh cơ bản. Mong hãng nghiêm túc lắng nghe phản ánh và sớm có phương án xử lý dứt điểm.",negative
EVVN-00483,2021-12-23,VinFast,Dealer,"Cảm nhận thật lòng sau 3 tháng sử dụng, thích nhất tính năng bật điều hòa từ xa trước khi lên xe, mùa hè vào xe mát rượi ngay, kèm theo đó khoản bảo dưỡng định kỳ rất nhàn, không phải thay dầu máy hay bugi lọc gió phức tạp. Một trải nghiệm nâng cấp chất lượng sống cho cả gia đình.",positive
EVVN-00484,2021-12-23,VinFast,Dealer,"Sau hơn nửa năm gắn bó, điểm cộng là hệ thống trạm sạc V-Green phủ khắp 63 tỉnh thành từ cao tốc tới huyện xã. Bên cạnh đó, buổi trưa nằm nghỉ trong xe bật điều hòa thoải mái mà không sợ ngạt khí CO độc hại. Nói chung quyết định chuyển sang xe điện là hoàn toàn sáng suốt.",positive
EVVN-00485,2021-12-24,BYD,Facebook,"Nhiều lúc ức chế phát khóc, ra đến trạm sạc cao tốc thì 3 trụ báo lỗi hỏng, trụ duy nhất còn lại thì bị xe xăng đỗ chiếm chỗ vô ý thức, chưa kể màn hình trung tâm thỉnh thoảng bị đơ đen sì khi đang chạy, camera lùi bị giật lag nghiêm trọng. Không thể chấp nhận một sản phẩm giá tiền tỷ mà lỗi vặt nhiều như thế này. Mình chia sẻ lên nhóm để anh em cùng thảo luận.",negative
EVVN-00486,2021-12-24,VinFast,YouTube,"Hôm qua suýt nằm đường vì, dịp lễ cao điểm trạm sạc nào cũng quá tải, xếp hàng dài chờ hơn 1 tiếng rưỡi mới đến lượt cắm sạc, chưa kể cảm biến va chạm và radar hú còi loạn xạ dù đường hoàn toàn thông thoáng. Quá mệt mỏi vì suốt ngày phải lo nghĩ chuyện sạc pin và lỗi phần mềm. Chi tiết hơn mời anh em xem trong video trải nghiệm của mình nhé.",negative
EVVN-00487,2021-12-24,MG,YouTube,"Chạy thử cả phố lẫn đường trường, màn hình giải trí sắc nét, cảm ứng mượt mà và hỗ trợ kết nối không dây rất tiện, kèm theo đó tính bài toán vận hành lâu dài thì kinh tế hơn hẳn các dòng xe xăng cùng tầm giá. Nói chung quyết định chuyển sang xe điện là hoàn toàn sáng suốt.",positive
EVVN-00488,2021-12-24,VinFast,Forum,"Chạy dịch vụ cày cuốc cả ngày, hệ thống kiểm soát hành trình thích ứng và hỗ trợ giữ làn lái rất nhàn trên cao tốc, song song với đó tính bài toán vận hành lâu dài thì kinh tế hơn hẳn các dòng xe xăng cùng tầm giá. Một trải nghiệm nâng cấp chất lượng sống cho cả gia đình.",positive
EVVN-00489,2021-12-24,BYD,Forum,"Chạy thử nhiều mẫu xe rồi mới chốt em này, điểm cộng là thiết kế nội thất phong cách thể thao phá cách và trẻ trung. Bên cạnh đó, thích nhất tính năng bật điều hòa từ xa trước khi lên xe, mùa hè vào xe mát rượi ngay. Rất đáng tiền trong phân khúc, hài lòng 9/10 điểm.",positive
EVVN-00490,2021-12-24,VinFast,YouTube,"Đi phố mỗi ngày vào giờ cao điểm mới thấy, điểm cộng là chính sách cứu hộ pin 24/7 và xưởng dịch vụ lưu động khắp cả nước rất an tâm. Thêm vào đó, buổi trưa nằm nghỉ trong xe bật điều hòa thoải mái mà không sợ ngạt khí CO độc hại. Đi rồi mới thấy công nghệ xe điện tiện lợi và sướng hơn hẳn.",positive
EVVN-00491,2021-12-24,BYD,Facebook,"Ấn tượng nhất sau thời gian dài sử dụng là thích nhất tính năng bật điều hòa từ xa trước khi lên xe, mùa hè vào xe mát rượi ngay, kèm theo đó chi phí sạc điện mỗi tháng chưa tới 800 nghìn, tiết kiệm hơn 70% so với tiền xăng trước kia. Đi rồi mới thấy công nghệ xe điện tiện lợi và sướng hơn hẳn.",positive
EVVN-00492,2021-12-24,Wuling,Review site,"Lấy xe chủ yếu che nắng che mưa, tầm nhìn thoáng căn chỉnh xe rất dễ dàng, kèm theo đó cắm sạc trực tiếp ổ điện 220V gia đình qua đêm rất tiện lợi. Đi lại quãng ngắn trong thành phố thì không có gì để chê.",positive
EVVN-00493,2021-12-24,VinFast,Facebook,"Chia sẻ trải nghiệm không mấy vui vẻ sau 2 tháng, trải nghiệm thực sự tệ khi quãng đường thực tế hao hụt gần 35% so với công bố khi chạy cao tốc kèm bật điều hòa gió lớn. Đáng nói nhất là phần mềm thỉnh thoảng báo lỗi ảo rùa vàng phải tắt máy chờ một lúc mới khởi động lại được. Mong hãng nghiêm túc lắng nghe phản ánh và sớm có phương án xử lý dứt điểm.",negative
EVVN-00494,2021-12-25,VinFast,Review site,"Lần đầu đi phượt đèo dốc bằng xe điện, vận hành êm ái tuyệt đối, không rung giật và chấm dứt hẳn mùi xăng khó chịu, đồng thời tính bài toán vận hành lâu dài thì kinh tế hơn hẳn các dòng xe xăng cùng tầm giá. Ai còn phân vân thì nên lái thử một lần, đảm bảo không muốn quay lại xe xăng.",positive
EVVN-00495,2021-12-25,Tesla,Facebook,"Sau thời gian trải nghiệm Tesla: vận hành trong đô thị rất nhàn nhã, máy êm, chi phí nuôi xe tiết kiệm thấy rõ, bù lại hạ tầng trạm sạc công cộng dịp lễ đông đúc phải chờ đợi khá sốt ruột. Tùy vào nhu cầu sử dụng của mỗi gia đình mà cân nhắc cho phù hợp. Mình chia sẻ lên nhóm để anh em cùng thảo luận.",neutral
EVVN-00496,2021-12-25,MG,Facebook,"Sau thời gian trải nghiệm MG: điểm cộng lớn nhất là khả năng tăng tốc mượt mà, không mùi khí thải và không gian cabin thoáng đãng, bù lại độ hoàn thiện dàn nhựa nội thất và các chi tiết cơ khí vẫn cần hãng trau chuốt thêm. Bác nào ở nhà đất có chỗ cắm sạc thì nên mua, còn ở chung cư thì nên tính toán thêm.",neutral
EVVN-00497,2021-12-25,Hyundai,Dealer,"Sau thời gian trải nghiệm Hyundai: vận hành trong đô thị rất nhàn nhã, máy êm, chi phí nuôi xe tiết kiệm thấy rõ, bù lại việc đi xa vẫn cần phải lên kế hoạch lộ trình trạm sạc cẩn thận chứ không tiện như đổ xăng. Xe có ưu nhược điểm riêng, ai chấp nhận được điểm trừ thì dùng rất ổn.",neutral
EVVN-00498,2021-12-25,Kia,Dealer,"Nhận xét thực tế sau chuyến đi dài, ưu điểm là xe chạy cực kỳ êm ái, bốc ga nhanh và chi phí tiền điện hàng tháng rất rẻ, nhưng việc đi xa vẫn cần phải lên kế hoạch lộ trình trạm sạc cẩn thận chứ không tiện như đổ xăng. Bác nào ở nhà đất có chỗ cắm sạc thì nên mua, còn ở chung cư thì nên tính toán thêm.",neutral
EVVN-00499,2021-12-25,BYD,YouTube,"Chạy thử cả phố lẫn đường trường, xe tăng tốc tức thì, vượt xe trên quốc lộ rất tự tin và an toàn, và tiền sạc rẻ giật mình, mỗi km tính ra chỉ tốn tầm 400 đến 500 đồng. Ai còn phân vân thì nên lái thử một lần, đảm bảo không muốn quay lại xe xăng.",positive
EVVN-00500,2021-12-25,VinFast,YouTube,"Đi phố mỗi ngày vào giờ cao điểm mới thấy, khả năng cách âm môi trường và gầm xe tốt hơn mong đợi rất nhiều, đồng thời tính bài toán vận hành lâu dài thì kinh tế hơn hẳn các dòng xe xăng cùng tầm giá. Nói chung quyết định chuyển sang xe điện là hoàn toàn sáng suốt.",positive
EVVN-00501,2021-12-26,BYD,Facebook,"Sau thời gian trải nghiệm BYD: ưu điểm là xe chạy cực kỳ êm ái, bốc ga nhanh và chi phí tiền điện hàng tháng rất rẻ, bù lại việc đi xa vẫn cần phải lên kế hoạch lộ trình trạm sạc cẩn thận chứ không tiện như đổ xăng. Tùy vào nhu cầu sử dụng của mỗi gia đình mà cân nhắc cho phù hợp.",neutral
EVVN-00502,2021-12-26,BYD,Facebook,"Cảm nhận về chiếc BYD: phanh tái sinh chỉnh mức vừa đi rất mượt, đi trong phố đông gần như chỉ cần dùng một bàn đạp. Màn hình xoay 15.6 inch sắc nét và độ phản hồi cảm ứng rất nhanh. Cực kỳ ưng ý và sẽ tiếp tục ủng hộ xu hướng di chuyển xanh.",positive
EVVN-00503,2021-12-26,VinFast,Review site,"Đi phố mỗi ngày vào giờ cao điểm mới thấy, điểm cộng là chính sách cứu hộ pin 24/7 và xưởng dịch vụ lưu động khắp cả nước rất an tâm. Thêm vào đó, các bản cập nhật phần mềm từ xa OTA ngày càng hoàn thiện, xe đi mượt hơn hẳn. Cực kỳ ưng ý và sẽ tiếp tục ủng hộ xu hướng di chuyển xanh.",neutral
EVVN-00504,2021-12-26,Tesla,YouTube,"Sau chuyến về quê dịp lễ vừa qua, dịp lễ cao điểm trạm sạc nào cũng quá tải, xếp hàng dài chờ hơn 1 tiếng rưỡi mới đến lượt cắm sạc. Thất vọng hơn là quãng đường thực tế hao hụt gần 35% so với công bố khi chạy cao tốc kèm bật điều hòa gió lớn. Quá mệt mỏi vì suốt ngày phải lo nghĩ chuyện sạc pin và lỗi phần mềm. Chi tiết hơn mời anh em xem trong video trải nghiệm của mình nhé.",negative
EVVN-00505,2021-12-26,Kia,YouTube,"Chia sẻ công tâm sau thời gian trải nghiệm, ưu điểm là xe chạy cực kỳ êm ái, bốc ga nhanh và chi phí tiền điện hàng tháng rất rẻ, nhưng độ hoàn thiện dàn nhựa nội thất và các chi tiết cơ khí vẫn cần hãng trau chuốt thêm. Xe có ưu nhược điểm riêng, ai chấp nhận được điểm trừ thì dùng rất ổn.",neutral
EVVN-00506,2021-12-26,Hyundai,Forum,"Lúc đầu cũng đắn đo nhưng chốt xe xong thấy, phanh tái sinh chỉnh mức vừa đi rất mượt, đi trong phố đông gần như chỉ cần dùng một bàn đạp, và tiền sạc rẻ giật mình, mỗi km tính ra chỉ tốn tầm 400 đến 500 đồng. Nói chung quyết định chuyển sang xe điện là hoàn toàn sáng suốt.",positive
EVVN-00507,2021-12-26,BYD,Review site,"Sau hơn nửa năm gắn bó, điểm cộng là màn hình xoay 15.6 inch sắc nét và độ phản hồi cảm ứng rất nhanh. Bên cạnh đó, các bản cập nhật phần mềm từ xa OTA ngày càng hoàn thiện, xe đi mượt hơn hẳn. Cực kỳ ưng ý và sẽ tiếp tục ủng hộ xu hướng di chuyển xanh.",positive
EVVN-00508,2021-12-26,Tesla,Review site,"Bức xúc khi dùng Tesla: hệ thống nhận diện giọng nói ngô nghê, gọi mãi không hiểu khẩu lệnh cơ bản. Ngoài ra phụ tùng thay thế hiếm, hỏng hóc phải chờ đặt từ nước ngoài về cả tháng. Đang tính chuyện bán lỗ để quay về xe xăng cho đỡ đau đầu.",negative
EVVN-00509,2021-12-26,Kia,Forum,"Đối với chiếc Kia, ưu điểm là xe chạy cực kỳ êm ái, bốc ga nhanh và chi phí tiền điện hàng tháng rất rẻ. Dẫu vậy, trần kính mùa hè khá nóng nếu không dán thêm phim cách nhiệt xịn và lắp rèm che; nhìn chung thiết kế và vận hành rất tốt nhưng cần Kia mở rộng liên kết trạm sạc tại VN.",neutral
EVVN-00510,2021-12-27,BYD,Facebook,"Đi làm hằng ngày với em nó, điểm cộng là màn hình xoay 15.6 inch sắc nét và độ phản hồi cảm ứng rất nhanh. Bên cạnh đó, buổi trưa nằm nghỉ trong xe bật điều hòa thoải mái mà không sợ ngạt khí CO độc hại. Thực sự vượt ngoài mong đợi ban đầu của mình.",positive
EVVN-00511,2021-12-27,Kia,Review site,"Cảm nhận về chiếc Kia: xe tăng tốc tức thì, vượt xe trên quốc lộ rất tự tin và an toàn. EV6 dáng crossover thể thao bắt mắt và khí động học. Chấm điểm 9.5/10 cho độ êm ái và hiệu quả kinh tế.",positive
EVVN-00512,2021-12-27,Tesla,Review site,"Thất vọng toàn tập với chuyến đi vừa rồi, trải nghiệm thực sự tệ khi trần kính toàn cảnh vào mùa hè Hà Nội nắng 40 độ hấp nhiệt nóng rát đỉnh đầu, bật điều hòa max vẫn toát mồ hôi. Đáng nói nhất là chưa có showroom và trạm sạc Supercharger chính hãng tại VN, phải mua cổng chuyển CCS2 đắt đỏ. Quá mệt mỏi vì suốt ngày phải lo nghĩ chuyện sạc pin và lỗi phần mềm.",negative
EVVN-00513,2021-12-28,Wuling,Facebook,"Lấy xe chủ yếu che nắng che mưa, chở 2 mẹ con che nắng mưa mùa đông hè rất tiện, kèm theo đó cắm sạc trực tiếp ổ điện 220V gia đình qua đêm rất tiện lợi. Rất ưng ý với số tiền bỏ ra, phù hợp nhu cầu gia đình nhỏ.",positive
EVVN-00514,2021-12-28,VinFast,Forum,"Ấn tượng nhất sau thời gian dài sử dụng là điểm cộng là khung gầm đầm chắc chuẩn xe Đức, ôm cua ở tốc độ cao rất vững vàng. Bên cạnh đó, các bản cập nhật phần mềm từ xa OTA ngày càng hoàn thiện, xe đi mượt hơn hẳn. Đi rồi mới thấy công nghệ xe điện tiện lợi và sướng hơn hẳn.",positive
EVVN-00515,2021-12-28,Tesla,Forum,"Bức xúc khi dùng Tesla: màn hình trung tâm thỉnh thoảng bị đơ đen sì khi đang chạy, camera lùi bị giật lag nghiêm trọng. Ngoài ra khe hở thân vỏ gia công chưa thật sự khít và đồng đều. Mong hãng nghiêm túc lắng nghe phản ánh và sớm có phương án xử lý dứt điểm.",negative
EVVN-00516,2021-12-28,VinFast,Dealer,"Trải nghiệm thực tế quá khác xa so với quảng cáo, trải nghiệm thực sự tệ khi giảm xóc sau quá cứng, đi qua gờ giảm tốc người ngồi hàng hai nảy tưng tưng rất ê mông. Đáng nói nhất là màn hình giải trí đôi khi khởi động lại bất thình lình khi xe đang chạy. Quá mệt mỏi vì suốt ngày phải lo nghĩ chuyện sạc pin và lỗi phần mềm.",negative
EVVN-00517,2021-12-28,MG,Review site,"Sau thời gian trải nghiệm MG: vận hành trong đô thị rất nhàn nhã, máy êm, chi phí nuôi xe tiết kiệm thấy rõ, bù lại việc đi xa vẫn cần phải lên kế hoạch lộ trình trạm sạc cẩn thận chứ không tiện như đổ xăng. Tóm lại xe rất hợp đi phố hàng ngày, còn đi phượt xa thì cần tính toán kỹ thời gian.",neutral
EVVN-00518,2021-12-29,Tesla,Review site,"Cảm nhận về chiếc Tesla: phanh tái sinh chỉnh mức vừa đi rất mượt, đi trong phố đông gần như chỉ cần dùng một bàn đạp. Autopilot hỗ trợ tự lái thông minh và giữ làn mượt mà nhất thị trường. Đi rồi mới thấy công nghệ xe điện tiện lợi và sướng hơn hẳn.",positive
EVVN-00519,2021-12-29,VinFast,Dealer,"Cân nhắc kỹ lưỡng ưu và nhược điểm, sạc pin ở nhà vào ban đêm rất tiện lợi và kinh tế, nhưng hạ tầng trạm sạc công cộng dịp lễ đông đúc phải chờ đợi khá sốt ruột. Tùy vào nhu cầu sử dụng của mỗi gia đình mà cân nhắc cho phù hợp. Cảm nhận nhanh sau buổi nhận bàn giao xe tại đại lý.",neutral
EVVN-00520,2021-12-30,VinFast,YouTube,"Khen chê rõ ràng cho anh em tham khảo, cần thêm vài bản cập nhật OTA nữa để phần mềm đạt độ ổn định tuyệt đối. Về cơ bản vận hành trong đô thị rất nhàn nhã, máy êm, chi phí nuôi xe tiết kiệm thấy rõ, nhưng độ hoàn thiện dàn nhựa nội thất và các chi tiết cơ khí vẫn cần hãng trau chuốt thêm.",neutral
EVVN-00521,2021-12-30,VinFast,Facebook,"Tổng kết khách quan cho bác nào đang tìm hiểu, lợi thế hệ thống trạm sạc VinFast tại Việt Nam áp đảo hoàn toàn so với mọi đối thủ. Về cơ bản xe lái đầm chắc, khung gầm dày dặn và nhiều công nghệ an toàn hiện đại, nhưng việc đi xa vẫn cần phải lên kế hoạch lộ trình trạm sạc cẩn thận chứ không tiện như đổ xăng. Mình chia sẻ lên nhóm để anh em cùng thảo luận.",neutral
EVVN-00522,2021-12-30,BYD,Dealer,"Cảm nhận về chiếc BYD: phanh tái sinh chỉnh mức vừa đi rất mượt, đi trong phố đông gần như chỉ cần dùng một bàn đạp. Màn hình xoay 15.6 inch sắc nét và độ phản hồi cảm ứng rất nhanh. Thực sự vượt ngoài mong đợi ban đầu của mình.",positive
EVVN-00523,2021-12-30,VinFast,Facebook,"Sau thời gian trải nghiệm VinFast: sạc pin ở nhà vào ban đêm rất tiện lợi và kinh tế, bù lại phần mềm thỉnh thoảng vẫn dính lỗi vặt linh tinh và cần khởi động lại. Đánh giá ở mức 7/10 điểm, cần thêm thời gian để hoàn thiện hạ tầng và phần mềm. Mình chia sẻ lên nhóm để anh em cùng thảo luận.",neutral
EVVN-00524,2021-12-30,VinFast,Dealer,"Dưới góc nhìn người dùng thực tế, ưu điểm là xe chạy cực kỳ êm ái, bốc ga nhanh và chi phí tiền điện hàng tháng rất rẻ, nhưng việc đi xa vẫn cần phải lên kế hoạch lộ trình trạm sạc cẩn thận chứ không tiện như đổ xăng. Xe có ưu nhược điểm riêng, ai chấp nhận được điểm trừ thì dùng rất ổn.",neutral
EVVN-00525,2021-12-31,BYD,Forum,"Chạy thử nhiều mẫu xe rồi mới chốt em này, xe lướt đi êm ru, người nhà ngồi sau trước đây hay say xe giờ đi thoải mái cả hành trình, đồng thời chi phí sạc điện mỗi tháng chưa tới 800 nghìn, tiết kiệm hơn 70% so với tiền xăng trước kia. Nói chung quyết định chuyển sang xe điện là hoàn toàn sáng suốt.",positive
EVVN-00526,2021-12-31,VinFast,Facebook,"Cảm nhận về chiếc VinFast: xe lướt đi êm ru, người nhà ngồi sau trước đây hay say xe giờ đi thoải mái cả hành trình. Hệ thống trạm sạc V-Green phủ khắp 63 tỉnh thành từ cao tốc tới huyện xã. Một trải nghiệm nâng cấp chất lượng sống cho cả gia đình.",positive
EVVN-00527,2021-12-31,BYD,Forum,"Cảm nhận về chiếc BYD: vận hành êm ái tuyệt đối, không rung giật và chấm dứt hẳn mùi xăng khó chịu. Màn hình xoay 15.6 inch sắc nét và độ phản hồi cảm ứng rất nhanh. Nói chung quyết định chuyển sang xe điện là hoàn toàn sáng suốt.",positive
EVVN-00528,2021-12-31,VinFast,Facebook,"Chia sẻ trải nghiệm không mấy vui vẻ sau 2 tháng, trải nghiệm thực sự tệ khi giảm xóc sau quá cứng, đi qua gờ giảm tốc người ngồi hàng hai nảy tưng tưng rất ê mông. Đáng nói nhất là chính sách gói cước và thuê pin thay đổi khiến nhiều chủ xe đời đầu hơi hụt hẫng. Nếu được chọn lại chắc chắn mình sẽ trung thành với xe xăng truyền thống.",negative
EVVN-00529,2022-01-01,VinFast,Forum,"Sau thời gian trải nghiệm VinFast: ưu điểm là xe chạy cực kỳ êm ái, bốc ga nhanh và chi phí tiền điện hàng tháng rất rẻ, bù lại quãng đường chạy đường trường thực tế sẽ hụt bớt khoảng 20-30% nếu đạp thốc ga liên tục. Bác nào ở nhà đất có chỗ cắm sạc thì nên mua, còn ở chung cư thì nên tính toán thêm.",neutral
EVVN-00530,2022-01-01,VinFast,Review site,Bức xúc khi dùng VinFast: cảm biến va chạm và radar hú còi loạn xạ dù đường hoàn toàn thông thoáng. Ngoài ra phần mềm thỉnh thoảng báo lỗi ảo rùa vàng phải tắt máy chờ một lúc mới khởi động lại được. Quá mệt mỏi vì suốt ngày phải lo nghĩ chuyện sạc pin và lỗi phần mềm.,negative
EVVN-00531,2022-01-03,Hyundai,Review site,"Sau thời gian trải nghiệm Hyundai: điểm cộng lớn nhất là khả năng tăng tốc mượt mà, không mùi khí thải và không gian cabin thoáng đãng, bù lại trần kính mùa hè khá nóng nếu không dán thêm phim cách nhiệt xịn và lắp rèm che. Tóm lại xe rất hợp đi phố hàng ngày, còn đi phượt xa thì cần tính toán kỹ thời gian.",neutral
EVVN-00532,2022-01-03,Tesla,Review site,Cảm nhận về chiếc Tesla: khả năng cách âm môi trường và gầm xe tốt hơn mong đợi rất nhiều. Autopilot hỗ trợ tự lái thông minh và giữ làn mượt mà nhất thị trường. Nói chung quyết định chuyển sang xe điện là hoàn toàn sáng suốt.,positive
EVVN-00533,2022-01-03,BYD,Facebook,"Đối với chiếc BYD, điểm cộng lớn nhất là khả năng tăng tốc mượt mà, không mùi khí thải và không gian cabin thoáng đãng. Dẫu vậy, trần kính mùa hè khá nóng nếu không dán thêm phim cách nhiệt xịn và lắp rèm che; nhìn chung chất lượng hoàn thiện tốt trong tầm giá xe nhập khẩu.",neutral
EVVN-00534,2022-01-03,BYD,Forum,"Vừa bực vừa ức chế, trải nghiệm thực sự tệ khi độ hoàn thiện các khe hở thân vỏ không đều, gioăng cao su cửa cách âm kém nghe rõ tiếng gió rít khi lên 100km/h. Đáng nói nhất là nhiều chi tiết đèn viền và cửa gió thiết kế hơi rườm rà sến sẩm. Quá mệt mỏi vì suốt ngày phải lo nghĩ chuyện sạc pin và lỗi phần mềm.",negative
EVVN-00535,2022-01-03,VinFast,Dealer,"Bức xúc khi dùng VinFast: hệ thống nhận diện giọng nói ngô nghê, gọi mãi không hiểu khẩu lệnh cơ bản. Ngoài ra màn hình giải trí đôi khi khởi động lại bất thình lình khi xe đang chạy. Đang tính chuyện bán lỗ để quay về xe xăng cho đỡ đau đầu.",negative
EVVN-00536,2022-01-04,Kia,Forum,"Cảm nhận về chiếc Kia: trọng tâm pin đặt dưới sàn giúp xe ôm cua cực kỳ đầm chắc, không bị vặn xoắn. Công nghệ pin sạc nhanh tiên tiến và trang bị tiện nghi dồi dào. Thực sự vượt ngoài mong đợi ban đầu của mình.",positive
EVVN-00537,2022-01-04,Kia,Dealer,"Cảm nhận về chiếc Kia: vận hành êm ái tuyệt đối, không rung giật và chấm dứt hẳn mùi xăng khó chịu. Công nghệ pin sạc nhanh tiên tiến và trang bị tiện nghi dồi dào. Cực kỳ ưng ý và sẽ tiếp tục ủng hộ xu hướng di chuyển xanh.",positive
EVVN-00538,2022-01-04,Tesla,Forum,"Đổi từ sedan Nhật sang xe điện, các bản cập nhật phần mềm từ xa OTA ngày càng hoàn thiện, xe đi mượt hơn hẳn, song song với đó kinh tế nhất là sạc chậm qua đêm tại nhà với giá điện sinh hoạt, sáng ra pin đầy ắp sẵn sàng. Ai còn phân vân thì nên lái thử một lần, đảm bảo không muốn quay lại xe xăng.",positive
EVVN-00539,2022-01-05,VinFast,YouTube,"Cảm nhận về chiếc VinFast: khả năng cách âm môi trường và gầm xe tốt hơn mong đợi rất nhiều. Trợ lý ảo ViVi nhận diện giọng nói tiếng Việt ba miền cực kỳ mượt mà. Rất đáng tiền trong phân khúc, hài lòng 9/10 điểm. Chi tiết hơn mời anh em xem trong video trải nghiệm của mình nhé.",positive
EVVN-00540,2022-01-05,VinFast,Dealer,"Cân nhắc kỹ lưỡng ưu và nhược điểm, xe lái đầm chắc, khung gầm dày dặn và nhiều công nghệ an toàn hiện đại, nhưng độ hoàn thiện dàn nhựa nội thất và các chi tiết cơ khí vẫn cần hãng trau chuốt thêm. Xe có ưu nhược điểm riêng, ai chấp nhận được điểm trừ thì dùng rất ổn.",neutral
EVVN-00541,2022-01-06,Tesla,Dealer,"Sau gần 8 tháng sử dụng liên tục, hệ thống kiểm soát hành trình thích ứng và hỗ trợ giữ làn lái rất nhàn trên cao tốc, kèm theo đó khoản bảo dưỡng định kỳ rất nhàn, không phải thay dầu máy hay bugi lọc gió phức tạp. Nói chung quyết định chuyển sang xe điện là hoàn toàn sáng suốt.",positive
EVVN-00542,2022-01-08,Tesla,Review site,Cảm nhận về chiếc Tesla: khả năng cách âm môi trường và gầm xe tốt hơn mong đợi rất nhiều. Hệ điều hành điều khiển mượt mà như một chiếc máy tính bảng cao cấp. Cực kỳ ưng ý và sẽ tiếp tục ủng hộ xu hướng di chuyển xanh.,positive
EVVN-00543,2022-01-08,Hyundai,Forum,"Lần đầu đi phượt đèo dốc bằng xe điện, điểm cộng là kiến trúc điện 800V hỗ trợ sạc siêu nhanh hàng đầu phân khúc. Bên cạnh đó, buổi trưa nằm nghỉ trong xe bật điều hòa thoải mái mà không sợ ngạt khí CO độc hại. Nói chung quyết định chuyển sang xe điện là hoàn toàn sáng suốt.",positive
EVVN-00544,2022-01-09,BYD,YouTube,"Sau thời gian trải nghiệm BYD: vận hành trong đô thị rất nhàn nhã, máy êm, chi phí nuôi xe tiết kiệm thấy rõ, bù lại độ hoàn thiện dàn nhựa nội thất và các chi tiết cơ khí vẫn cần hãng trau chuốt thêm. Bác nào ở nhà đất có chỗ cắm sạc thì nên mua, còn ở chung cư thì nên tính toán thêm.",neutral
EVVN-00545,2022-01-10,VinFast,Dealer,"Nhà mình chạy được 1 vạn km, thích nhất tính năng bật điều hòa từ xa trước khi lên xe, mùa hè vào xe mát rượi ngay, song song với đó chi phí sạc điện mỗi tháng chưa tới 800 nghìn, tiết kiệm hơn 70% so với tiền xăng trước kia. Thực sự vượt ngoài mong đợi ban đầu của mình.",positive
EVVN-00546,2022-01-10,MG,Dealer,"Sau 15.000 km lăn bánh, buổi trưa nằm nghỉ trong xe bật điều hòa thoải mái mà không sợ ngạt khí CO độc hại, kèm theo đó khoản bảo dưỡng định kỳ rất nhàn, không phải thay dầu máy hay bugi lọc gió phức tạp. Nói chung quyết định chuyển sang xe điện là hoàn toàn sáng suốt.",positive
EVVN-00547,2022-01-10,BYD,YouTube,"Chạy dịch vụ cày cuốc cả ngày, điểm cộng là màn hình xoay 15.6 inch sắc nét và độ phản hồi cảm ứng rất nhanh. Thêm vào đó, các bản cập nhật phần mềm từ xa OTA ngày càng hoàn thiện, xe đi mượt hơn hẳn. Ai còn phân vân thì nên lái thử một lần, đảm bảo không muốn quay lại xe xăng.",positive
EVVN-00548,2022-01-10,Tesla,Forum,"Lúc đầu cũng đắn đo nhưng chốt xe xong thấy, màn hình giải trí sắc nét, cảm ứng mượt mà và hỗ trợ kết nối không dây rất tiện, kèm theo đó tiền sạc rẻ giật mình, mỗi km tính ra chỉ tốn tầm 400 đến 500 đồng. Đi rồi mới thấy công nghệ xe điện tiện lợi và sướng hơn hẳn.",neutral
EVVN-00549,2022-01-11,VinFast,Facebook,"Chia sẻ công tâm sau thời gian trải nghiệm, xe lái đầm chắc, khung gầm dày dặn và nhiều công nghệ an toàn hiện đại, nhưng phần mềm thỉnh thoảng vẫn dính lỗi vặt linh tinh và cần khởi động lại. Xe có ưu nhược điểm riêng, ai chấp nhận được điểm trừ thì dùng rất ổn.",neutral
EVVN-00550,2022-01-11,Wuling,Facebook,"Chia sẻ trải nghiệm không mấy vui vẻ sau 2 tháng, trang bị an toàn nghèo nàn, bản thấp thậm chí không có túi khí bảo vệ. Điểm trừ nữa là nội thất nhựa thô ráp dễ trầy xước. Đang tính chuyện bán đổi sang xe xăng cũ cho lành. Mình chia sẻ lên nhóm để anh em cùng thảo luận.",negative
EVVN-00551,2022-01-12,BYD,Dealer,"Sau thời gian trải nghiệm BYD: xe lái đầm chắc, khung gầm dày dặn và nhiều công nghệ an toàn hiện đại, bù lại việc đi xa vẫn cần phải lên kế hoạch lộ trình trạm sạc cẩn thận chứ không tiện như đổ xăng. Bác nào ở nhà đất có chỗ cắm sạc thì nên mua, còn ở chung cư thì nên tính toán thêm.",neutral
EVVN-00552,2022-01-14,Kia,Forum,"Chạy dịch vụ cày cuốc cả ngày, khả năng cách âm môi trường và gầm xe tốt hơn mong đợi rất nhiều, và kinh tế nhất là sạc chậm qua đêm tại nhà với giá điện sinh hoạt, sáng ra pin đầy ắp sẵn sàng. Đi rồi mới thấy công nghệ xe điện tiện lợi và sướng hơn hẳn.",positive
EVVN-00553,2022-01-14,VinFast,Dealer,"Mua xe cho vợ đi làm hàng ngày, hệ thống kiểm soát hành trình thích ứng và hỗ trợ giữ làn lái rất nhàn trên cao tốc, kèm theo đó tính bài toán vận hành lâu dài thì kinh tế hơn hẳn các dòng xe xăng cùng tầm giá. Đi rồi mới thấy công nghệ xe điện tiện lợi và sướng hơn hẳn.",positive
EVVN-00554,2022-01-14,BYD,Facebook,"Sau chuyến về quê dịp lễ vừa qua, trải nghiệm thực sự tệ khi trần kính toàn cảnh vào mùa hè Hà Nội nắng 40 độ hấp nhiệt nóng rát đỉnh đầu, bật điều hòa max vẫn toát mồ hôi. Đáng nói nhất là hãng chưa có trạm sạc riêng tại VN nên phải tìm trạm tư nhân bên thứ 3 khá bất tiện. Không thể chấp nhận một sản phẩm giá tiền tỷ mà lỗi vặt nhiều như thế này.",negative
EVVN-00555,2022-01-14,BYD,Review site,"Hôm qua suýt nằm đường vì, dịp lễ cao điểm trạm sạc nào cũng quá tải, xếp hàng dài chờ hơn 1 tiếng rưỡi mới đến lượt cắm sạc. Thất vọng hơn là độ hoàn thiện các khe hở thân vỏ không đều, gioăng cao su cửa cách âm kém nghe rõ tiếng gió rít khi lên 100km/h. Nếu được chọn lại chắc chắn mình sẽ trung thành với xe xăng truyền thống.",negative
EVVN-00556,2022-01-14,Tesla,Facebook,"Bức xúc khi dùng Tesla: cảm biến va chạm và radar hú còi loạn xạ dù đường hoàn toàn thông thoáng. Ngoài ra phụ tùng thay thế hiếm, hỏng hóc phải chờ đặt từ nước ngoài về cả tháng. Không thể chấp nhận một sản phẩm giá tiền tỷ mà lỗi vặt nhiều như thế này.",negative
EVVN-00557,2022-01-15,BYD,Dealer,Bức xúc khi dùng BYD: phần mềm liên tục báo lỗi ảo và cảnh báo pin ảo khiến người lái hoang mang. Ngoài ra nhiều chi tiết đèn viền và cửa gió thiết kế hơi rườm rà sến sẩm. Trải nghiệm chưa xứng đáng với kỳ vọng và số tiền bỏ ra. Góc nhìn chân thực từ thành viên Dealer.,negative
EVVN-00558,2022-01-15,VinFast,Review site,"Gia đình mình sử dụng đi lại hàng ngày, điểm cộng là khung gầm đầm chắc chuẩn xe Đức, ôm cua ở tốc độ cao rất vững vàng. Thêm vào đó, thích nhất tính năng bật điều hòa từ xa trước khi lên xe, mùa hè vào xe mát rượi ngay. Ai còn phân vân thì nên lái thử một lần, đảm bảo không muốn quay lại xe xăng.",positive
EVVN-00559,2022-01-15,BYD,YouTube,"Chờ đợi mòn mỏi ở xưởng dịch vụ, ra đến trạm sạc cao tốc thì 3 trụ báo lỗi hỏng, trụ duy nhất còn lại thì bị xe xăng đỗ chiếm chỗ vô ý thức, chưa kể màn hình trung tâm thỉnh thoảng bị đơ đen sì khi đang chạy, camera lùi bị giật lag nghiêm trọng. Quá mệt mỏi vì suốt ngày phải lo nghĩ chuyện sạc pin và lỗi phần mềm.",negative
EVVN-00560,2022-01-17,VinFast,Dealer,"Sau thời gian trải nghiệm VinFast: xe lái đầm chắc, khung gầm dày dặn và nhiều công nghệ an toàn hiện đại, bù lại việc đi xa vẫn cần phải lên kế hoạch lộ trình trạm sạc cẩn thận chứ không tiện như đổ xăng. Đánh giá ở mức 7/10 điểm, cần thêm thời gian để hoàn thiện hạ tầng và phần mềm. Cảm nhận thực tế xe VinFast tại Việt Nam.",neutral
EVVN-00561,2022-01-18,Hyundai,Forum,"Sau thời gian trải nghiệm Hyundai: sạc pin ở nhà vào ban đêm rất tiện lợi và kinh tế, bù lại việc đi xa vẫn cần phải lên kế hoạch lộ trình trạm sạc cẩn thận chứ không tiện như đổ xăng. Tóm lại xe rất hợp đi phố hàng ngày, còn đi phượt xa thì cần tính toán kỹ thời gian.",neutral
EVVN-00562,2022-01-18,BYD,Review site,"Sau chuyến về quê dịp lễ vừa qua, dọc đường miền núi trạm sạc quá thưa thớt, vừa đi vừa run sợ hết pin giữa đèo. Thất vọng hơn là trần kính toàn cảnh vào mùa hè Hà Nội nắng 40 độ hấp nhiệt nóng rát đỉnh đầu, bật điều hòa max vẫn toát mồ hôi. Đang tính chuyện bán lỗ để quay về xe xăng cho đỡ đau đầu.",negative
EVVN-00563,2022-01-18,BYD,Dealer,"Chạy được gần 2 vạn km rồi mới dám lên bài, các bản cập nhật phần mềm từ xa OTA ngày càng hoàn thiện, xe đi mượt hơn hẳn, song song với đó chi phí sạc điện mỗi tháng chưa tới 800 nghìn, tiết kiệm hơn 70% so với tiền xăng trước kia. Đi rồi mới thấy công nghệ xe điện tiện lợi và sướng hơn hẳn.",positive
EVVN-00564,2022-01-19,MG,YouTube,"Lúc đầu cũng đắn đo nhưng chốt xe xong thấy, hệ thống kiểm soát hành trình thích ứng và hỗ trợ giữ làn lái rất nhàn trên cao tốc, song song với đó chi phí sạc điện mỗi tháng chưa tới 800 nghìn, tiết kiệm hơn 70% so với tiền xăng trước kia. Đi rồi mới thấy công nghệ xe điện tiện lợi và sướng hơn hẳn.",positive
EVVN-00565,2022-01-20,BYD,Facebook,"Hôm qua suýt nằm đường vì, ở chung cư không có trụ sạc AC, đi làm về mệt mỏi lại phải lang thang tìm trụ sạc nhanh rất bất tiện, thêm vào đó lỗi ắc quy 12V tụt áp bất thình lình làm xe không khởi động được, phải gọi xe cứu hộ kéo về. Không thể chấp nhận một sản phẩm giá tiền tỷ mà lỗi vặt nhiều như thế này.",negative
EVVN-00566,2022-01-21,VinFast,Forum,"Dưới góc nhìn người dùng thực tế, vận hành trong đô thị rất nhàn nhã, máy êm, chi phí nuôi xe tiết kiệm thấy rõ, nhưng việc đi xa vẫn cần phải lên kế hoạch lộ trình trạm sạc cẩn thận chứ không tiện như đổ xăng. Tùy vào nhu cầu sử dụng của mỗi gia đình mà cân nhắc cho phù hợp. Bác nào đang chạy dòng này vào chia sẻ thêm kinh nghiệm nhé.",neutral
EVVN-00567,2022-01-21,BYD,YouTube,"Tổng kết khách quan cho bác nào đang tìm hiểu, chất lượng hoàn thiện tốt trong tầm giá xe nhập khẩu. Về cơ bản sạc pin ở nhà vào ban đêm rất tiện lợi và kinh tế, nhưng phần mềm thỉnh thoảng vẫn dính lỗi vặt linh tinh và cần khởi động lại.",neutral
EVVN-00568,2022-01-22,BYD,YouTube,"Cảm nhận thật lòng sau 3 tháng sử dụng, xe tăng tốc tức thì, vượt xe trên quốc lộ rất tự tin và an toàn, đồng thời tính bài toán vận hành lâu dài thì kinh tế hơn hẳn các dòng xe xăng cùng tầm giá. Đi rồi mới thấy công nghệ xe điện tiện lợi và sướng hơn hẳn.",positive
EVVN-00569,2022-01-23,VinFast,Forum,"Sau thời gian trải nghiệm VinFast: xe lái đầm chắc, khung gầm dày dặn và nhiều công nghệ an toàn hiện đại, bù lại trần kính mùa hè khá nóng nếu không dán thêm phim cách nhiệt xịn và lắp rèm che. Tùy vào nhu cầu sử dụng của mỗi gia đình mà cân nhắc cho phù hợp.",neutral
EVVN-00570,2022-01-24,Wuling,Dealer,"Chạy được gần 1 vạn km nội thành, tầm nhìn thoáng căn chỉnh xe rất dễ dàng, kèm theo đó tiền điện sạc tại nhà mỗi tháng chỉ tầm 200 đến 300 nghìn, rẻ ngang xe máy số. Đúng là phương tiện hoàn hảo để thay thế xe máy.",positive
EVVN-00571,2022-01-26,BYD,YouTube,"Trải nghiệm thực tế quá khác xa so với quảng cáo, ra đến trạm sạc cao tốc thì 3 trụ báo lỗi hỏng, trụ duy nhất còn lại thì bị xe xăng đỗ chiếm chỗ vô ý thức, thêm vào đó hệ thống nhận diện giọng nói ngô nghê, gọi mãi không hiểu khẩu lệnh cơ bản. Trải nghiệm chưa xứng đáng với kỳ vọng và số tiền bỏ ra.",negative
EVVN-00572,2022-01-28,VinFast,Dealer,"Có cả điểm cộng lẫn điểm trừ, ưu điểm là xe chạy cực kỳ êm ái, bốc ga nhanh và chi phí tiền điện hàng tháng rất rẻ, nhưng việc đi xa vẫn cần phải lên kế hoạch lộ trình trạm sạc cẩn thận chứ không tiện như đổ xăng. Bác nào ở nhà đất có chỗ cắm sạc thì nên mua, còn ở chung cư thì nên tính toán thêm.",neutral
EVVN-00573,2022-01-28,VinFast,Dealer,"Lần đầu đi phượt đèo dốc bằng xe điện, điểm cộng là chính sách cứu hộ pin 24/7 và xưởng dịch vụ lưu động khắp cả nước rất an tâm. Thêm vào đó, màn hình giải trí sắc nét, cảm ứng mượt mà và hỗ trợ kết nối không dây rất tiện. Thực sự vượt ngoài mong đợi ban đầu của mình.",positive
EVVN-00574,2022-01-28,VinFast,Forum,"Quá mệt mỏi sau chuyến đi tỉnh cuối tuần, ở chung cư không có trụ sạc AC, đi làm về mệt mỏi lại phải lang thang tìm trụ sạc nhanh rất bất tiện. Thất vọng hơn là khoang hành lý quá chật hẹp, không thể nhét vừa hai chiếc vali cỡ trung cho chuyến đi xa. Quá mệt mỏi vì suốt ngày phải lo nghĩ chuyện sạc pin và lỗi phần mềm.",negative
EVVN-00575,2022-01-30,Hyundai,Dealer,"Bức xúc khi dùng Hyundai: lỗi ắc quy 12V tụt áp bất thình lình làm xe không khởi động được, phải gọi xe cứu hộ kéo về. Ngoài ra khoang lái ít phím bấm vật lý đôi khi thao tác chưa thật sự quen tay. Thực sự thất vọng, khuyên thật lòng anh em nên cân nhắc kỹ trước khi xuống tiền.",negative
EVVN-00576,2022-01-30,VinFast,YouTube,"Cảm nhận về chiếc VinFast: xe tăng tốc tức thì, vượt xe trên quốc lộ rất tự tin và an toàn. Khung gầm đầm chắc chuẩn xe Đức, ôm cua ở tốc độ cao rất vững vàng. Nói chung quyết định chuyển sang xe điện là hoàn toàn sáng suốt.",positive
EVVN-00577,2022-01-31,VinFast,YouTube,"Nhà mình chạy được 1 vạn km, các bản cập nhật phần mềm từ xa OTA ngày càng hoàn thiện, xe đi mượt hơn hẳn, kèm theo đó chi phí sạc điện mỗi tháng chưa tới 800 nghìn, tiết kiệm hơn 70% so với tiền xăng trước kia. Cực kỳ ưng ý và sẽ tiếp tục ủng hộ xu hướng di chuyển xanh. Chi tiết hơn mời anh em xem trong video trải nghiệm của mình nhé.",positive
EVVN-00578,2022-01-31,Kia,Dealer,"Cảm nhận về chiếc Kia: xe lướt đi êm ru, người nhà ngồi sau trước đây hay say xe giờ đi thoải mái cả hành trình. Công nghệ pin sạc nhanh tiên tiến và trang bị tiện nghi dồi dào. Chấm điểm 9.5/10 cho độ êm ái và hiệu quả kinh tế.",positive
EVVN-00579,2022-02-01,MG,Review site,"Sau thời gian trải nghiệm MG: vận hành trong đô thị rất nhàn nhã, máy êm, chi phí nuôi xe tiết kiệm thấy rõ, bù lại quãng đường chạy đường trường thực tế sẽ hụt bớt khoảng 20-30% nếu đạp thốc ga liên tục. Tùy vào nhu cầu sử dụng của mỗi gia đình mà cân nhắc cho phù hợp.",neutral
EVVN-00580,2022-02-01,Hyundai,Dealer,"Đi phố mỗi ngày vào giờ cao điểm mới thấy, điểm cộng là không gian cabin phẳng rộng rãi như phòng khách gia đình. Bên cạnh đó, màn hình giải trí sắc nét, cảm ứng mượt mà và hỗ trợ kết nối không dây rất tiện. Chấm điểm 9.5/10 cho độ êm ái và hiệu quả kinh tế.",positive
EVVN-00581,2022-02-02,VinFast,Facebook,"Tổng kết khách quan cho bác nào đang tìm hiểu, sạc pin ở nhà vào ban đêm rất tiện lợi và kinh tế, nhưng quãng đường chạy đường trường thực tế sẽ hụt bớt khoảng 20-30% nếu đạp thốc ga liên tục. Đánh giá ở mức 7/10 điểm, cần thêm thời gian để hoàn thiện hạ tầng và phần mềm. Mình chia sẻ lên nhóm để anh em cùng thảo luận.",negative
EVVN-00582,2022-02-02,BYD,Forum,"Cảm nhận về chiếc BYD: trọng tâm pin đặt dưới sàn giúp xe ôm cua cực kỳ đầm chắc, không bị vặn xoắn. Thiết kế nội thất phong cách thể thao phá cách và trẻ trung. Thực sự vượt ngoài mong đợi ban đầu của mình. Bác nào đang chạy dòng này vào chia sẻ thêm kinh nghiệm nhé.",positive
EVVN-00583,2022-02-03,BYD,Review site,"Đối với chiếc BYD, xe lái đầm chắc, khung gầm dày dặn và nhiều công nghệ an toàn hiện đại. Dẫu vậy, phần mềm thỉnh thoảng vẫn dính lỗi vặt linh tinh và cần khởi động lại; nhìn chung chất lượng hoàn thiện tốt trong tầm giá xe nhập khẩu.",neutral
EVVN-00584,2022-02-05,Wuling,YouTube,"Lấy xe chủ yếu che nắng che mưa, bán kính quay đầu nhỏ xoay xở đầu ngõ phố nhẹ tênh, hơn nữa cắm sạc trực tiếp ổ điện 220V gia đình qua đêm rất tiện lợi. Đi lại quãng ngắn trong thành phố thì không có gì để chê.",positive
EVVN-00585,2022-02-06,BYD,Review site,"Dùng được vài tuần bắt đầu phát sinh nhiều vấn đề, trải nghiệm thực sự tệ khi khoang hành lý quá chật hẹp, không thể nhét vừa hai chiếc vali cỡ trung cho chuyến đi xa. Đáng nói nhất là hãng chưa có trạm sạc riêng tại VN nên phải tìm trạm tư nhân bên thứ 3 khá bất tiện. Không thể chấp nhận một sản phẩm giá tiền tỷ mà lỗi vặt nhiều như thế này.",neutral
EVVN-00586,2022-02-06,MG,YouTube,"Sau thời gian trải nghiệm MG: sạc pin ở nhà vào ban đêm rất tiện lợi và kinh tế, bù lại quãng đường chạy đường trường thực tế sẽ hụt bớt khoảng 20-30% nếu đạp thốc ga liên tục. Đánh giá ở mức 7/10 điểm, cần thêm thời gian để hoàn thiện hạ tầng và phần mềm.",neutral
EVVN-00587,2022-02-06,Kia,Dealer,"Tổng kết khách quan cho bác nào đang tìm hiểu, thiết kế và vận hành rất tốt nhưng cần Kia mở rộng liên kết trạm sạc tại VN. Về cơ bản vận hành trong đô thị rất nhàn nhã, máy êm, chi phí nuôi xe tiết kiệm thấy rõ, nhưng độ hoàn thiện dàn nhựa nội thất và các chi tiết cơ khí vẫn cần hãng trau chuốt thêm.",negative
EVVN-00588,2022-02-09,Wuling,Dealer,"Lấy xe chủ yếu che nắng che mưa, chở 2 mẹ con che nắng mưa mùa đông hè rất tiện, hơn nữa cắm sạc trực tiếp ổ điện 220V gia đình qua đêm rất tiện lợi. Chấm 9/10 cho sự tiện dụng và tiết kiệm.",positive
EVVN-00589,2022-02-09,BYD,Forum,"Nhiều lúc ức chế phát khóc, trải nghiệm thực sự tệ khi quãng đường thực tế hao hụt gần 35% so với công bố khi chạy cao tốc kèm bật điều hòa gió lớn. Đáng nói nhất là nhiều chi tiết đèn viền và cửa gió thiết kế hơi rườm rà sến sẩm. Thực sự thất vọng, khuyên thật lòng anh em nên cân nhắc kỹ trước khi xuống tiền.",negative
EVVN-00590,2022-02-09,Tesla,Forum,"Dùng được vài tuần bắt đầu phát sinh nhiều vấn đề, tốc độ sạc bị bóp công suất tụt thảm hại khi có nhiều xe cùng cắm sạc một lúc, chưa kể lỗi ắc quy 12V tụt áp bất thình lình làm xe không khởi động được, phải gọi xe cứu hộ kéo về. Trải nghiệm chưa xứng đáng với kỳ vọng và số tiền bỏ ra.",negative
EVVN-00591,2022-02-09,VinFast,Review site,"Dùng được vài tuần bắt đầu phát sinh nhiều vấn đề, trải nghiệm thực sự tệ khi chất liệu nhựa nội thất ọp ẹp, đi vào đường xấu phát ra tiếng kêu cọt kẹt rất khó chịu. Đáng nói nhất là xưởng dịch vụ nhiều đợt đông nghẹt xe taxi vào sửa chữa nên khách cá nhân phải chờ lâu. Mong hãng nghiêm túc lắng nghe phản ánh và sớm có phương án xử lý dứt điểm.",negative
EVVN-00592,2022-02-10,Tesla,Forum,"Sau thời gian trải nghiệm Tesla: điểm cộng lớn nhất là khả năng tăng tốc mượt mà, không mùi khí thải và không gian cabin thoáng đãng, bù lại hạ tầng trạm sạc công cộng dịp lễ đông đúc phải chờ đợi khá sốt ruột. Nhìn chung là sản phẩm dùng được nhưng chưa thực sự hoàn hảo.",neutral
EVVN-00593,2022-02-10,BYD,Review site,"Sau thời gian trải nghiệm BYD: sạc pin ở nhà vào ban đêm rất tiện lợi và kinh tế, bù lại trần kính mùa hè khá nóng nếu không dán thêm phim cách nhiệt xịn và lắp rèm che. Tóm lại xe rất hợp đi phố hàng ngày, còn đi phượt xa thì cần tính toán kỹ thời gian.",neutral
EVVN-00594,2022-02-10,Tesla,Facebook,"Bỏ ra số tiền không nhỏ mà nhận lại, trải nghiệm thực sự tệ khi độ hoàn thiện các khe hở thân vỏ không đều, gioăng cao su cửa cách âm kém nghe rõ tiếng gió rít khi lên 100km/h. Đáng nói nhất là chưa có showroom và trạm sạc Supercharger chính hãng tại VN, phải mua cổng chuyển CCS2 đắt đỏ. Không thể chấp nhận một sản phẩm giá tiền tỷ mà lỗi vặt nhiều như thế này.",negative
EVVN-00595,2022-02-10,Wuling,Forum,"Lên đây cảnh báo thực tế cho anh em đang có ý định mua, khoang xe chật chội, chở đủ 4 người lớn thì gầm xệ và máy khá ì. Điểm trừ nữa là giảm xóc sau khá cứng đi qua gờ giảm tốc nảy tưng tưng. Khuyên thật lòng ai ở chung cư hoặc muốn đi xa thì tuyệt đối không nên mua.",negative
EVVN-00596,2022-02-11,MG,Dealer,"Gia đình mình sử dụng đi lại hàng ngày, màn hình giải trí sắc nét, cảm ứng mượt mà và hỗ trợ kết nối không dây rất tiện, kèm theo đó kinh tế nhất là sạc chậm qua đêm tại nhà với giá điện sinh hoạt, sáng ra pin đầy ắp sẵn sàng. Chấm điểm 9.5/10 cho độ êm ái và hiệu quả kinh tế.",positive
EVVN-00597,2022-02-11,Tesla,Forum,"Chờ đợi mòn mỏi ở xưởng dịch vụ, dịp lễ cao điểm trạm sạc nào cũng quá tải, xếp hàng dài chờ hơn 1 tiếng rưỡi mới đến lượt cắm sạc, chưa kể màn hình trung tâm thỉnh thoảng bị đơ đen sì khi đang chạy, camera lùi bị giật lag nghiêm trọng. Không thể chấp nhận một sản phẩm giá tiền tỷ mà lỗi vặt nhiều như thế này. Bác nào đang chạy dòng này vào chia sẻ thêm kinh nghiệm nhé.",negative
EVVN-00598,2022-02-11,Tesla,Forum,"Đi phố mỗi ngày vào giờ cao điểm mới thấy, vận hành êm ái tuyệt đối, không rung giật và chấm dứt hẳn mùi xăng khó chịu, và chi phí sạc điện mỗi tháng chưa tới 800 nghìn, tiết kiệm hơn 70% so với tiền xăng trước kia. Đi rồi mới thấy công nghệ xe điện tiện lợi và sướng hơn hẳn.",positive
EVVN-00599,2022-02-12,BYD,Dealer,"Đi phố mỗi ngày vào giờ cao điểm mới thấy, xe lướt đi êm ru, người nhà ngồi sau trước đây hay say xe giờ đi thoải mái cả hành trình, và chi phí sạc điện mỗi tháng chưa tới 800 nghìn, tiết kiệm hơn 70% so với tiền xăng trước kia. Nói chung quyết định chuyển sang xe điện là hoàn toàn sáng suốt.",positive
EVVN-00600,2022-02-12,Wuling,Dealer,"Góc nhìn thực tế về xe điện mini trong phố, vận hành đô thị linh hoạt, bán kính quay đầu nhỏ và máy chạy êm, đổi lại trang bị an toàn ở mức tối thiểu và khoang chở đồ rất hạn chế. Đánh giá ở mức 7/10 điểm, đúng công năng cho người cần xe phụ đi chợ đi làm.",neutral
EVVN-00601,2022-02-13,Hyundai,YouTube,"Chia sẻ trải nghiệm không mấy vui vẻ sau 2 tháng, ở chung cư không có trụ sạc AC, đi làm về mệt mỏi lại phải lang thang tìm trụ sạc nhanh rất bất tiện. Thất vọng hơn là trần kính toàn cảnh vào mùa hè Hà Nội nắng 40 độ hấp nhiệt nóng rát đỉnh đầu, bật điều hòa max vẫn toát mồ hôi. Nếu được chọn lại chắc chắn mình sẽ trung thành với xe xăng truyền thống.",negative
EVVN-00602,2022-02-14,VinFast,Facebook,Cảm nhận về chiếc VinFast: khả năng cách âm môi trường và gầm xe tốt hơn mong đợi rất nhiều. Chính sách cứu hộ pin 24/7 và xưởng dịch vụ lưu động khắp cả nước rất an tâm. Đi rồi mới thấy công nghệ xe điện tiện lợi và sướng hơn hẳn.,positive
EVVN-00603,2022-02-14,BYD,YouTube,"Cân nhắc kỹ lưỡng ưu và nhược điểm, xe lái chắc chắn và pin an toàn nhưng bài toán sạc phụ thuộc hoàn toàn vào bên thứ ba. Về cơ bản xe lái đầm chắc, khung gầm dày dặn và nhiều công nghệ an toàn hiện đại, nhưng hạ tầng trạm sạc công cộng dịp lễ đông đúc phải chờ đợi khá sốt ruột.",negative
EVVN-00604,2022-02-14,Wuling,Forum,"Sau chuyến thử đi ra ngoại thành mới thấy, khoang xe chật chội, chở đủ 4 người lớn thì gầm xệ và máy khá ì. Điểm trừ nữa là cách âm gầm và lốp kém khi đi qua đoạn đường nhám. Đang tính chuyện bán đổi sang xe xăng cũ cho lành.",negative
EVVN-00605,2022-02-14,Tesla,YouTube,"Thất vọng toàn tập với chuyến đi vừa rồi, ở chung cư không có trụ sạc AC, đi làm về mệt mỏi lại phải lang thang tìm trụ sạc nhanh rất bất tiện, thêm vào đó phần mềm liên tục báo lỗi ảo và cảnh báo pin ảo khiến người lái hoang mang. Mong hãng nghiêm túc lắng nghe phản ánh và sớm có phương án xử lý dứt điểm.",negative
EVVN-00606,2022-02-15,Wuling,Review site,"Chia sẻ công tâm sau thời gian sử dụng Wuling, vận hành đô thị linh hoạt, bán kính quay đầu nhỏ và máy chạy êm, đổi lại trang bị an toàn ở mức tối thiểu và khoang chở đồ rất hạn chế. Tùy vào nhu cầu thực tế và điều kiện chỗ sạc tại nhà của mỗi người.",positive
EVVN-00607,2022-02-15,VinFast,YouTube,"Thất vọng toàn tập với chuyến đi vừa rồi, nhiều điểm trạm sạc ngoài trời không có mái che, trời mưa bão cắm sạc vừa ướt vừa bất an. Thất vọng hơn là độ hoàn thiện các khe hở thân vỏ không đều, gioăng cao su cửa cách âm kém nghe rõ tiếng gió rít khi lên 100km/h. Trải nghiệm chưa xứng đáng với kỳ vọng và số tiền bỏ ra.",negative
EVVN-00608,2022-02-17,Kia,Dealer,"Sau thời gian trải nghiệm Kia: ưu điểm là xe chạy cực kỳ êm ái, bốc ga nhanh và chi phí tiền điện hàng tháng rất rẻ, bù lại hạ tầng trạm sạc công cộng dịp lễ đông đúc phải chờ đợi khá sốt ruột. Xe có ưu nhược điểm riêng, ai chấp nhận được điểm trừ thì dùng rất ổn.",neutral
EVVN-00609,2022-02-18,Wuling,Review site,"Khen chê rõ ràng chiếc xe mini nhỏ nhất thị trường, điểm cộng là che nắng che mưa đưa đón con đi học trong phố rất tiện lợi và kinh tế, đổi lại trang bị an toàn ở mức tối thiểu và khoang chở đồ rất hạn chế. Đánh giá ở mức 7/10 điểm, đúng công năng cho người cần xe phụ đi chợ đi làm.",neutral
EVVN-00610,2022-02-19,Wuling,Forum,"Chạy được gần 1 vạn km nội thành, bán kính quay đầu nhỏ xoay xở đầu ngõ phố nhẹ tênh, kèm theo đó chi phí bảo dưỡng định kỳ hầu như không đáng kể. Rất ưng ý với số tiền bỏ ra, phù hợp nhu cầu gia đình nhỏ.",positive
EVVN-00611,2022-02-19,Tesla,Dealer,"Đi phố mỗi ngày vào giờ cao điểm mới thấy, thích nhất tính năng bật điều hòa từ xa trước khi lên xe, mùa hè vào xe mát rượi ngay, kèm theo đó kinh tế nhất là sạc chậm qua đêm tại nhà với giá điện sinh hoạt, sáng ra pin đầy ắp sẵn sàng. Ai còn phân vân thì nên lái thử một lần, đảm bảo không muốn quay lại xe xăng.",neutral
EVVN-00612,2022-02-20,VinFast,YouTube,"Trải nghiệm thực tế sau 1 năm, khả năng cách âm môi trường và gầm xe tốt hơn mong đợi rất nhiều, và tiền sạc rẻ giật mình, mỗi km tính ra chỉ tốn tầm 400 đến 500 đồng. Cực kỳ ưng ý và sẽ tiếp tục ủng hộ xu hướng di chuyển xanh.",positive
EVVN-00613,2022-02-20,MG,YouTube,"Lên đây cảnh báo cho anh em đang có ý định mua, tốc độ sạc bị bóp công suất tụt thảm hại khi có nhiều xe cùng cắm sạc một lúc, chưa kể lỗi ắc quy 12V tụt áp bất thình lình làm xe không khởi động được, phải gọi xe cứu hộ kéo về. Không thể chấp nhận một sản phẩm giá tiền tỷ mà lỗi vặt nhiều như thế này.",negative
EVVN-00614,2022-02-20,Tesla,Review site,"Đối với chiếc Tesla, ưu điểm là xe chạy cực kỳ êm ái, bốc ga nhanh và chi phí tiền điện hàng tháng rất rẻ. Dẫu vậy, việc đi xa vẫn cần phải lên kế hoạch lộ trình trạm sạc cẩn thận chứ không tiện như đổ xăng; nhìn chung công nghệ đi trước thời đại nhưng việc sạc và bảo dưỡng xe tư nhân tại VN khá nan giải.",negative
EVVN-00615,2022-02-21,Kia,YouTube,"Cảm nhận về chiếc Kia: phanh tái sinh chỉnh mức vừa đi rất mượt, đi trong phố đông gần như chỉ cần dùng một bàn đạp. Cảm giác đánh lái thể thao và độ bám đường chuẩn xác. Rất đáng tiền trong phân khúc, hài lòng 9/10 điểm.",positive
EVVN-00616,2022-02-21,Tesla,YouTube,"Dùng được vài tuần bắt đầu phát sinh nhiều vấn đề, dịp lễ cao điểm trạm sạc nào cũng quá tải, xếp hàng dài chờ hơn 1 tiếng rưỡi mới đến lượt cắm sạc, chưa kể màn hình trung tâm thỉnh thoảng bị đơ đen sì khi đang chạy, camera lùi bị giật lag nghiêm trọng. Mong hãng nghiêm túc lắng nghe phản ánh và sớm có phương án xử lý dứt điểm.",negative
EVVN-00617,2022-02-21,MG,YouTube,"Sau gần 8 tháng sử dụng liên tục, điểm cộng là khung gầm đầm chắc chuẩn phong cách xe châu Âu. Bên cạnh đó, hệ thống kiểm soát hành trình thích ứng và hỗ trợ giữ làn lái rất nhàn trên cao tốc. Một trải nghiệm nâng cấp chất lượng sống cho cả gia đình.",positive
EVVN-00618,2022-02-21,VinFast,Facebook,"Thật sự ngán ngẩm với chất lượng hoàn thiện, ra đến trạm sạc cao tốc thì 3 trụ báo lỗi hỏng, trụ duy nhất còn lại thì bị xe xăng đỗ chiếm chỗ vô ý thức, thêm vào đó màn hình trung tâm thỉnh thoảng bị đơ đen sì khi đang chạy, camera lùi bị giật lag nghiêm trọng. Đang tính chuyện bán lỗ để quay về xe xăng cho đỡ đau đầu. Mình chia sẻ lên nhóm để anh em cùng thảo luận.",negative
EVVN-00619,2022-02-21,VinFast,Review site,"Dùng được vài tuần bắt đầu phát sinh nhiều vấn đề, trải nghiệm thực sự tệ khi quãng đường thực tế hao hụt gần 35% so với công bố khi chạy cao tốc kèm bật điều hòa gió lớn. Đáng nói nhất là xưởng dịch vụ nhiều đợt đông nghẹt xe taxi vào sửa chữa nên khách cá nhân phải chờ lâu. Đang tính chuyện bán lỗ để quay về xe xăng cho đỡ đau đầu.",negative
EVVN-00620,2022-02-21,VinFast,YouTube,"Từ xe xăng đổi qua xe điện, vận hành êm ái tuyệt đối, không rung giật và chấm dứt hẳn mùi xăng khó chịu, đồng thời chi phí sạc điện mỗi tháng chưa tới 800 nghìn, tiết kiệm hơn 70% so với tiền xăng trước kia. Cực kỳ ưng ý và sẽ tiếp tục ủng hộ xu hướng di chuyển xanh.",positive
EVVN-00621,2022-02-21,VinFast,Facebook,"Trải nghiệm thực tế sau 1 năm, phanh tái sinh chỉnh mức vừa đi rất mượt, đi trong phố đông gần như chỉ cần dùng một bàn đạp, và chi phí sạc điện mỗi tháng chưa tới 800 nghìn, tiết kiệm hơn 70% so với tiền xăng trước kia. Một trải nghiệm nâng cấp chất lượng sống cho cả gia đình.",positive
EVVN-00622,2022-02-22,VinFast,Facebook,"Tổng kết khách quan cho bác nào đang tìm hiểu, sạc pin ở nhà vào ban đêm rất tiện lợi và kinh tế, nhưng trần kính mùa hè khá nóng nếu không dán thêm phim cách nhiệt xịn và lắp rèm che. Xe có ưu nhược điểm riêng, ai chấp nhận được điểm trừ thì dùng rất ổn.",neutral
EVVN-00623,2022-02-23,Tesla,Forum,"Ấn tượng nhất sau thời gian dài sử dụng là các bản cập nhật phần mềm từ xa OTA ngày càng hoàn thiện, xe đi mượt hơn hẳn, song song với đó tính bài toán vận hành lâu dài thì kinh tế hơn hẳn các dòng xe xăng cùng tầm giá. Nói chung quyết định chuyển sang xe điện là hoàn toàn sáng suốt.",positive
EVVN-00624,2022-02-23,Kia,Facebook,"Góc nhìn trung lập sau 6 tháng sử dụng, chạy phố rất nổi bật nhưng đi xa phải tính toán kỹ. Về cơ bản vận hành trong đô thị rất nhàn nhã, máy êm, chi phí nuôi xe tiết kiệm thấy rõ, nhưng quãng đường chạy đường trường thực tế sẽ hụt bớt khoảng 20-30% nếu đạp thốc ga liên tục.",neutral
EVVN-00625,2022-02-23,VinFast,Review site,"Gia đình mình sử dụng đi lại hàng ngày, điểm cộng là chính sách cứu hộ pin 24/7 và xưởng dịch vụ lưu động khắp cả nước rất an tâm. Bên cạnh đó, các bản cập nhật phần mềm từ xa OTA ngày càng hoàn thiện, xe đi mượt hơn hẳn. Cực kỳ ưng ý và sẽ tiếp tục ủng hộ xu hướng di chuyển xanh.",positive
EVVN-00626,2022-02-23,MG,YouTube,"Chạy dịch vụ cày cuốc cả ngày, điểm cộng là MG4 EV dẫn động cầu sau lái phấn khích và linh hoạt trong cua. Thêm vào đó, thích nhất tính năng bật điều hòa từ xa trước khi lên xe, mùa hè vào xe mát rượi ngay. Chấm điểm 9.5/10 cho độ êm ái và hiệu quả kinh tế.",positive
EVVN-00627,2022-02-25,Tesla,Forum,"Sau thời gian trải nghiệm Tesla: vận hành trong đô thị rất nhàn nhã, máy êm, chi phí nuôi xe tiết kiệm thấy rõ, bù lại trần kính mùa hè khá nóng nếu không dán thêm phim cách nhiệt xịn và lắp rèm che. Đánh giá ở mức 7/10 điểm, cần thêm thời gian để hoàn thiện hạ tầng và phần mềm.",neutral
EVVN-00628,2022-02-25,VinFast,Facebook,"Ấn tượng nhất sau thời gian dài sử dụng là điểm cộng là hệ thống trạm sạc V-Green phủ khắp 63 tỉnh thành từ cao tốc tới huyện xã. Bên cạnh đó, các bản cập nhật phần mềm từ xa OTA ngày càng hoàn thiện, xe đi mượt hơn hẳn. Một trải nghiệm nâng cấp chất lượng sống cho cả gia đình.",positive
EVVN-00629,2022-02-25,Hyundai,Facebook,"Trải nghiệm thực tế sau 1 năm, buổi trưa nằm nghỉ trong xe bật điều hòa thoải mái mà không sợ ngạt khí CO độc hại, kèm theo đó tiền sạc rẻ giật mình, mỗi km tính ra chỉ tốn tầm 400 đến 500 đồng. Rất đáng tiền trong phân khúc, hài lòng 9/10 điểm.",neutral
EVVN-00630,2022-02-26,VinFast,Facebook,"Cảm nhận thật lòng sau 3 tháng sử dụng, điểm cộng là trợ lý ảo ViVi nhận diện giọng nói tiếng Việt ba miền cực kỳ mượt mà. Bên cạnh đó, các bản cập nhật phần mềm từ xa OTA ngày càng hoàn thiện, xe đi mượt hơn hẳn. Đi rồi mới thấy công nghệ xe điện tiện lợi và sướng hơn hẳn.",positive
EVVN-00631,2022-02-26,Tesla,Dealer,"Sau thời gian trải nghiệm Tesla: xe lái đầm chắc, khung gầm dày dặn và nhiều công nghệ an toàn hiện đại, bù lại quãng đường chạy đường trường thực tế sẽ hụt bớt khoảng 20-30% nếu đạp thốc ga liên tục. Tùy vào nhu cầu sử dụng của mỗi gia đình mà cân nhắc cho phù hợp.",neutral
EVVN-00632,2022-02-26,BYD,YouTube,"Không tâng bốc cũng không dìm hàng, chất lượng hoàn thiện tốt trong tầm giá xe nhập khẩu. Về cơ bản vận hành trong đô thị rất nhàn nhã, máy êm, chi phí nuôi xe tiết kiệm thấy rõ, nhưng việc đi xa vẫn cần phải lên kế hoạch lộ trình trạm sạc cẩn thận chứ không tiện như đổ xăng.",neutral
EVVN-00633,2022-02-28,Kia,Facebook,"Ấn tượng nhất sau thời gian dài sử dụng là thích nhất tính năng bật điều hòa từ xa trước khi lên xe, mùa hè vào xe mát rượi ngay, song song với đó chi phí sạc điện mỗi tháng chưa tới 800 nghìn, tiết kiệm hơn 70% so với tiền xăng trước kia. Đi rồi mới thấy công nghệ xe điện tiện lợi và sướng hơn hẳn.",positive
EVVN-00634,2022-02-28,Kia,YouTube,"Sau hơn nửa năm gắn bó, điểm cộng là cảm giác đánh lái thể thao và độ bám đường chuẩn xác. Bên cạnh đó, màn hình giải trí sắc nét, cảm ứng mượt mà và hỗ trợ kết nối không dây rất tiện. Chấm điểm 9.5/10 cho độ êm ái và hiệu quả kinh tế.",positive
EVVN-00635,2022-02-28,VinFast,Forum,"Cảm nhận về chiếc VinFast: vận hành êm ái tuyệt đối, không rung giật và chấm dứt hẳn mùi xăng khó chịu. Chính sách cứu hộ pin 24/7 và xưởng dịch vụ lưu động khắp cả nước rất an tâm. Nói chung quyết định chuyển sang xe điện là hoàn toàn sáng suốt.",positive
EVVN-00636,2022-02-28,VinFast,YouTube,"Dùng được vài tuần bắt đầu phát sinh nhiều vấn đề, trải nghiệm thực sự tệ khi trần kính toàn cảnh vào mùa hè Hà Nội nắng 40 độ hấp nhiệt nóng rát đỉnh đầu, bật điều hòa max vẫn toát mồ hôi. Đáng nói nhất là xưởng dịch vụ nhiều đợt đông nghẹt xe taxi vào sửa chữa nên khách cá nhân phải chờ lâu. Mong hãng nghiêm túc lắng nghe phản ánh và sớm có phương án xử lý dứt điểm. Chi tiết hơn mời anh em xem trong video trải nghiệm của mình nhé.",negative
EVVN-00637,2022-02-28,Kia,Review site,"Đối với chiếc Kia, sạc pin ở nhà vào ban đêm rất tiện lợi và kinh tế. Dẫu vậy, việc đi xa vẫn cần phải lên kế hoạch lộ trình trạm sạc cẩn thận chứ không tiện như đổ xăng; nhìn chung chạy phố rất nổi bật nhưng đi xa phải tính toán kỹ.",neutral
EVVN-00638,2022-03-02,VinFast,YouTube,"Nhà mình chạy được 1 vạn km, trọng tâm pin đặt dưới sàn giúp xe ôm cua cực kỳ đầm chắc, không bị vặn xoắn, và tính bài toán vận hành lâu dài thì kinh tế hơn hẳn các dòng xe xăng cùng tầm giá. Đi rồi mới thấy công nghệ xe điện tiện lợi và sướng hơn hẳn. Chi tiết hơn mời anh em xem trong video trải nghiệm của mình nhé.",positive
EVVN-00639,2022-03-05,Tesla,Dealer,"Có cả điểm cộng lẫn điểm trừ, vận hành trong đô thị rất nhàn nhã, máy êm, chi phí nuôi xe tiết kiệm thấy rõ, nhưng việc đi xa vẫn cần phải lên kế hoạch lộ trình trạm sạc cẩn thận chứ không tiện như đổ xăng. Nhìn chung là sản phẩm dùng được nhưng chưa thực sự hoàn hảo.",neutral
EVVN-00640,2022-03-05,Wuling,YouTube,"Chia sẻ công tâm sau thời gian sử dụng Wuling, vận hành đô thị linh hoạt, bán kính quay đầu nhỏ và máy chạy êm, tuy nhiên tốc độ thấp và tầm hoạt động ngắn nên không thể đi phượt hay chạy xa. Tùy vào nhu cầu thực tế và điều kiện chỗ sạc tại nhà của mỗi người.",neutral
EVVN-00641,2022-03-05,Wuling,Review site,"Trải nghiệm thực tế sau nửa năm đi lại trong đô thị, tầm nhìn thoáng căn chỉnh xe rất dễ dàng, kèm theo đó chi phí bảo dưỡng định kỳ hầu như không đáng kể. Đúng là phương tiện hoàn hảo để thay thế xe máy.",positive
EVVN-00642,2022-03-05,VinFast,Review site,"Đối với chiếc VinFast, vận hành trong đô thị rất nhàn nhã, máy êm, chi phí nuôi xe tiết kiệm thấy rõ. Dẫu vậy, độ hoàn thiện dàn nhựa nội thất và các chi tiết cơ khí vẫn cần hãng trau chuốt thêm; nhìn chung cần thêm vài bản cập nhật OTA nữa để phần mềm đạt độ ổn định tuyệt đối.",neutral
EVVN-00643,2022-03-06,Kia,Dealer,"Cảm nhận về chiếc Kia: xe tăng tốc tức thì, vượt xe trên quốc lộ rất tự tin và an toàn. EV6 dáng crossover thể thao bắt mắt và khí động học. Nói chung quyết định chuyển sang xe điện là hoàn toàn sáng suốt.",positive
EVVN-00644,2022-03-07,VinFast,Review site,"Chạy dịch vụ cày cuốc cả ngày, thích nhất tính năng bật điều hòa từ xa trước khi lên xe, mùa hè vào xe mát rượi ngay, song song với đó tiền sạc rẻ giật mình, mỗi km tính ra chỉ tốn tầm 400 đến 500 đồng. Một trải nghiệm nâng cấp chất lượng sống cho cả gia đình.",positive
EVVN-00645,2022-03-07,MG,Forum,"Cảm nhận về chiếc MG: xe tăng tốc tức thì, vượt xe trên quốc lộ rất tự tin và an toàn. Khung gầm đầm chắc chuẩn phong cách xe châu Âu. Thực sự vượt ngoài mong đợi ban đầu của mình.",neutral
EVVN-00646,2022-03-08,Tesla,Dealer,"Lấy xe từ đợt đầu, buổi trưa nằm nghỉ trong xe bật điều hòa thoải mái mà không sợ ngạt khí CO độc hại, song song với đó chi phí sạc điện mỗi tháng chưa tới 800 nghìn, tiết kiệm hơn 70% so với tiền xăng trước kia. Đi rồi mới thấy công nghệ xe điện tiện lợi và sướng hơn hẳn. Cảm nhận nhanh sau buổi nhận bàn giao xe tại đại lý.",positive
EVVN-00647,2022-03-09,Kia,Forum,"Trải nghiệm thực tế quá khác xa so với quảng cáo, ở chung cư không có trụ sạc AC, đi làm về mệt mỏi lại phải lang thang tìm trụ sạc nhanh rất bất tiện. Thất vọng hơn là quãng đường thực tế hao hụt gần 35% so với công bố khi chạy cao tốc kèm bật điều hòa gió lớn. Đang tính chuyện bán lỗ để quay về xe xăng cho đỡ đau đầu.",negative
EVVN-00648,2022-03-09,BYD,Dealer,"Khen chê rõ ràng cho anh em tham khảo, xe lái chắc chắn và pin an toàn nhưng bài toán sạc phụ thuộc hoàn toàn vào bên thứ ba. Về cơ bản ưu điểm là xe chạy cực kỳ êm ái, bốc ga nhanh và chi phí tiền điện hàng tháng rất rẻ, nhưng độ hoàn thiện dàn nhựa nội thất và các chi tiết cơ khí vẫn cần hãng trau chuốt thêm.",negative
EVVN-00649,2022-03-09,VinFast,Review site,"Dùng được vài tuần bắt đầu phát sinh nhiều vấn đề, trải nghiệm thực sự tệ khi độ hoàn thiện các khe hở thân vỏ không đều, gioăng cao su cửa cách âm kém nghe rõ tiếng gió rít khi lên 100km/h. Đáng nói nhất là phần mềm thỉnh thoảng báo lỗi ảo rùa vàng phải tắt máy chờ một lúc mới khởi động lại được. Quá mệt mỏi vì suốt ngày phải lo nghĩ chuyện sạc pin và lỗi phần mềm.",negative
EVVN-00650,2022-03-10,VinFast,Facebook,"Sau thời gian trải nghiệm VinFast: điểm cộng lớn nhất là khả năng tăng tốc mượt mà, không mùi khí thải và không gian cabin thoáng đãng, bù lại trần kính mùa hè khá nóng nếu không dán thêm phim cách nhiệt xịn và lắp rèm che. Đánh giá ở mức 7/10 điểm, cần thêm thời gian để hoàn thiện hạ tầng và phần mềm.",neutral
EVVN-00651,2022-03-11,Hyundai,Review site,"Sau 15.000 km lăn bánh, điểm cộng là kiến trúc điện 800V hỗ trợ sạc siêu nhanh hàng đầu phân khúc. Bên cạnh đó, hệ thống kiểm soát hành trình thích ứng và hỗ trợ giữ làn lái rất nhàn trên cao tốc. Cực kỳ ưng ý và sẽ tiếp tục ủng hộ xu hướng di chuyển xanh.",positive
EVVN-00652,2022-03-11,BYD,YouTube,"Chờ đợi mòn mỏi ở xưởng dịch vụ, ra đến trạm sạc cao tốc thì 3 trụ báo lỗi hỏng, trụ duy nhất còn lại thì bị xe xăng đỗ chiếm chỗ vô ý thức, thêm vào đó phần mềm liên tục báo lỗi ảo và cảnh báo pin ảo khiến người lái hoang mang. Quá mệt mỏi vì suốt ngày phải lo nghĩ chuyện sạc pin và lỗi phần mềm.",negative
EVVN-00653,2022-03-11,VinFast,Review site,"Cảm nhận về chiếc VinFast: vận hành êm ái tuyệt đối, không rung giật và chấm dứt hẳn mùi xăng khó chịu. Chính sách cứu hộ pin 24/7 và xưởng dịch vụ lưu động khắp cả nước rất an tâm. Một trải nghiệm nâng cấp chất lượng sống cho cả gia đình.",positive
EVVN-00654,2022-03-12,VinFast,YouTube,"Từ xe xăng đổi qua xe điện, điểm cộng là trợ lý ảo ViVi nhận diện giọng nói tiếng Việt ba miền cực kỳ mượt mà. Thêm vào đó, hệ thống kiểm soát hành trình thích ứng và hỗ trợ giữ làn lái rất nhàn trên cao tốc. Một trải nghiệm nâng cấp chất lượng sống cho cả gia đình.",positive
EVVN-00655,2022-03-13,VinFast,Dealer,"Góc nhìn trung lập sau 6 tháng sử dụng, ưu điểm là xe chạy cực kỳ êm ái, bốc ga nhanh và chi phí tiền điện hàng tháng rất rẻ, nhưng quãng đường chạy đường trường thực tế sẽ hụt bớt khoảng 20-30% nếu đạp thốc ga liên tục. Tùy vào nhu cầu sử dụng của mỗi gia đình mà cân nhắc cho phù hợp.",neutral
EVVN-00656,2022-03-14,BYD,Facebook,"Trải nghiệm thực tế sau 1 năm, điểm cộng là công nghệ pin Blade độc quyền an toàn chống cháy nổ rất yên tâm. Thêm vào đó, các bản cập nhật phần mềm từ xa OTA ngày càng hoàn thiện, xe đi mượt hơn hẳn. Một trải nghiệm nâng cấp chất lượng sống cho cả gia đình.",positive
EVVN-00657,2022-03-14,VinFast,Dealer,"Vừa bực vừa ức chế, trải nghiệm thực sự tệ khi quãng đường thực tế hao hụt gần 35% so với công bố khi chạy cao tốc kèm bật điều hòa gió lớn. Đáng nói nhất là chính sách gói cước và thuê pin thay đổi khiến nhiều chủ xe đời đầu hơi hụt hẫng. Nếu được chọn lại chắc chắn mình sẽ trung thành với xe xăng truyền thống. Cảm nhận nhanh sau buổi nhận bàn giao xe tại đại lý.",negative
EVVN-00658,2022-03-14,Wuling,Forum,"Lấy xe chủ yếu che nắng che mưa, chở 2 mẹ con che nắng mưa mùa đông hè rất tiện, hơn nữa cắm sạc trực tiếp ổ điện 220V gia đình qua đêm rất tiện lợi. Đúng là phương tiện hoàn hảo để thay thế xe máy.",positive
EVVN-00659,2022-03-15,Hyundai,Dealer,"Sau 15.000 km lăn bánh, phanh tái sinh chỉnh mức vừa đi rất mượt, đi trong phố đông gần như chỉ cần dùng một bàn đạp, đồng thời tính bài toán vận hành lâu dài thì kinh tế hơn hẳn các dòng xe xăng cùng tầm giá. Rất đáng tiền trong phân khúc, hài lòng 9/10 điểm.",positive
EVVN-00660,2022-03-15,Kia,Review site,"Lần đầu đi phượt đèo dốc bằng xe điện, trọng tâm pin đặt dưới sàn giúp xe ôm cua cực kỳ đầm chắc, không bị vặn xoắn, đồng thời khoản bảo dưỡng định kỳ rất nhàn, không phải thay dầu máy hay bugi lọc gió phức tạp. Chấm điểm 9.5/10 cho độ êm ái và hiệu quả kinh tế.",positive
EVVN-00661,2022-03-16,Kia,Facebook,"Sau chuyến về quê dịp lễ vừa qua, ở chung cư không có trụ sạc AC, đi làm về mệt mỏi lại phải lang thang tìm trụ sạc nhanh rất bất tiện, thêm vào đó bản cập nhật phần mềm mới làm hao pin hơn hẳn và mất kết nối Bluetooth liên tục. Quá mệt mỏi vì suốt ngày phải lo nghĩ chuyện sạc pin và lỗi phần mềm. Mình chia sẻ lên nhóm để anh em cùng thảo luận.",negative
EVVN-00662,2022-03-16,BYD,Forum,"Gặp sự cố giữa đường mới thấy, ra đến trạm sạc cao tốc thì 3 trụ báo lỗi hỏng, trụ duy nhất còn lại thì bị xe xăng đỗ chiếm chỗ vô ý thức. Thất vọng hơn là giảm xóc sau quá cứng, đi qua gờ giảm tốc người ngồi hàng hai nảy tưng tưng rất ê mông. Đang tính chuyện bán lỗ để quay về xe xăng cho đỡ đau đầu.",negative
EVVN-00663,2022-03-16,VinFast,Forum,"Chờ đợi mòn mỏi ở xưởng dịch vụ, ở chung cư không có trụ sạc AC, đi làm về mệt mỏi lại phải lang thang tìm trụ sạc nhanh rất bất tiện, chưa kể màn hình trung tâm thỉnh thoảng bị đơ đen sì khi đang chạy, camera lùi bị giật lag nghiêm trọng. Trải nghiệm chưa xứng đáng với kỳ vọng và số tiền bỏ ra.",negative
EVVN-00664,2022-03-16,Hyundai,Dealer,"Sau thời gian trải nghiệm Hyundai: vận hành trong đô thị rất nhàn nhã, máy êm, chi phí nuôi xe tiết kiệm thấy rõ, bù lại phần mềm thỉnh thoảng vẫn dính lỗi vặt linh tinh và cần khởi động lại. Tùy vào nhu cầu sử dụng của mỗi gia đình mà cân nhắc cho phù hợp.",neutral
EVVN-00665,2022-03-17,BYD,Facebook,"Sau hơn nửa năm gắn bó, điểm cộng là màn hình xoay 15.6 inch sắc nét và độ phản hồi cảm ứng rất nhanh. Thêm vào đó, màn hình giải trí sắc nét, cảm ứng mượt mà và hỗ trợ kết nối không dây rất tiện. Ai còn phân vân thì nên lái thử một lần, đảm bảo không muốn quay lại xe xăng.",positive
EVVN-00666,2022-03-18,BYD,YouTube,"Trải nghiệm cá nhân sau một thời gian cầm lái, vận hành trong đô thị rất nhàn nhã, máy êm, chi phí nuôi xe tiết kiệm thấy rõ, nhưng quãng đường chạy đường trường thực tế sẽ hụt bớt khoảng 20-30% nếu đạp thốc ga liên tục. Xe có ưu nhược điểm riêng, ai chấp nhận được điểm trừ thì dùng rất ổn.",neutral
EVVN-00667,2022-03-18,Kia,YouTube,"Cảm nhận thật lòng sau 3 tháng sử dụng, điểm cộng là EV6 dáng crossover thể thao bắt mắt và khí động học. Bên cạnh đó, màn hình giải trí sắc nét, cảm ứng mượt mà và hỗ trợ kết nối không dây rất tiện. Đi rồi mới thấy công nghệ xe điện tiện lợi và sướng hơn hẳn.",neutral
EVVN-00668,2022-03-19,Kia,Dealer,"Đi phố mỗi ngày vào giờ cao điểm mới thấy, khả năng cách âm môi trường và gầm xe tốt hơn mong đợi rất nhiều, hơn nữa khoản bảo dưỡng định kỳ rất nhàn, không phải thay dầu máy hay bugi lọc gió phức tạp. Ai còn phân vân thì nên lái thử một lần, đảm bảo không muốn quay lại xe xăng.",positive
EVVN-00669,2022-03-19,MG,Facebook,"Bức xúc khi dùng MG: hệ thống nhận diện giọng nói ngô nghê, gọi mãi không hiểu khẩu lệnh cơ bản. Ngoài ra chất liệu nhựa nội thất chưa thật sự tinh xảo. Thực sự thất vọng, khuyên thật lòng anh em nên cân nhắc kỹ trước khi xuống tiền.",negative
EVVN-00670,2022-03-20,MG,Review site,"Chờ đợi mòn mỏi ở xưởng dịch vụ, tốc độ sạc bị bóp công suất tụt thảm hại khi có nhiều xe cùng cắm sạc một lúc, thêm vào đó phần mềm liên tục báo lỗi ảo và cảnh báo pin ảo khiến người lái hoang mang. Nếu được chọn lại chắc chắn mình sẽ trung thành với xe xăng truyền thống.",negative
EVVN-00671,2022-03-20,Hyundai,Forum,"Sau hơn nửa năm gắn bó, điểm cộng là Ioniq 5 thiết kế phong cách Pixel retro tương lai cực kỳ ấn tượng. Bên cạnh đó, hệ thống kiểm soát hành trình thích ứng và hỗ trợ giữ làn lái rất nhàn trên cao tốc. Ai còn phân vân thì nên lái thử một lần, đảm bảo không muốn quay lại xe xăng.",neutral
EVVN-00672,2022-03-21,Hyundai,YouTube,"Cân nhắc kỹ lưỡng ưu và nhược điểm, sạc pin ở nhà vào ban đêm rất tiện lợi và kinh tế, nhưng việc đi xa vẫn cần phải lên kế hoạch lộ trình trạm sạc cẩn thận chứ không tiện như đổ xăng. Đánh giá ở mức 7/10 điểm, cần thêm thời gian để hoàn thiện hạ tầng và phần mềm.",positive
EVVN-00673,2022-03-22,BYD,Forum,"Đi phố mỗi ngày vào giờ cao điểm mới thấy, trọng tâm pin đặt dưới sàn giúp xe ôm cua cực kỳ đầm chắc, không bị vặn xoắn, hơn nữa tiền sạc rẻ giật mình, mỗi km tính ra chỉ tốn tầm 400 đến 500 đồng. Thực sự vượt ngoài mong đợi ban đầu của mình.",positive
EVVN-00674,2022-03-22,Hyundai,Forum,"Chạy thử cả phố lẫn đường trường, phanh tái sinh chỉnh mức vừa đi rất mượt, đi trong phố đông gần như chỉ cần dùng một bàn đạp, đồng thời tiền sạc rẻ giật mình, mỗi km tính ra chỉ tốn tầm 400 đến 500 đồng. Chấm điểm 9.5/10 cho độ êm ái và hiệu quả kinh tế.",positive
EVVN-00675,2022-03-22,VinFast,Facebook,"Hôm qua suýt nằm đường vì, trải nghiệm thực sự tệ khi khoang hành lý quá chật hẹp, không thể nhét vừa hai chiếc vali cỡ trung cho chuyến đi xa. Đáng nói nhất là xưởng dịch vụ nhiều đợt đông nghẹt xe taxi vào sửa chữa nên khách cá nhân phải chờ lâu. Thực sự thất vọng, khuyên thật lòng anh em nên cân nhắc kỹ trước khi xuống tiền.",negative
EVVN-00676,2022-03-22,VinFast,Forum,"Sau chuyến phượt Tây Bắc cùng gia đình, khả năng cách âm môi trường và gầm xe tốt hơn mong đợi rất nhiều, hơn nữa khoản bảo dưỡng định kỳ rất nhàn, không phải thay dầu máy hay bugi lọc gió phức tạp. Một trải nghiệm nâng cấp chất lượng sống cho cả gia đình.",positive
EVVN-00677,2022-03-23,BYD,Forum,"Không tâng bốc cũng không dìm hàng, xe lái chắc chắn và pin an toàn nhưng bài toán sạc phụ thuộc hoàn toàn vào bên thứ ba. Về cơ bản vận hành trong đô thị rất nhàn nhã, máy êm, chi phí nuôi xe tiết kiệm thấy rõ, nhưng trần kính mùa hè khá nóng nếu không dán thêm phim cách nhiệt xịn và lắp rèm che.",negative
EVVN-00678,2022-03-23,Hyundai,Facebook,"Lấy xe từ đợt đầu, khả năng cách âm môi trường và gầm xe tốt hơn mong đợi rất nhiều, đồng thời tiền sạc rẻ giật mình, mỗi km tính ra chỉ tốn tầm 400 đến 500 đồng. Đi rồi mới thấy công nghệ xe điện tiện lợi và sướng hơn hẳn.",positive
EVVN-00679,2022-03-24,VinFast,Forum,"Gặp sự cố giữa đường mới thấy, trải nghiệm thực sự tệ khi quãng đường thực tế hao hụt gần 35% so với công bố khi chạy cao tốc kèm bật điều hòa gió lớn. Đáng nói nhất là xưởng dịch vụ nhiều đợt đông nghẹt xe taxi vào sửa chữa nên khách cá nhân phải chờ lâu. Không thể chấp nhận một sản phẩm giá tiền tỷ mà lỗi vặt nhiều như thế này.",negative
EVVN-00680,2022-03-24,VinFast,YouTube,"Cảm nhận về chiếc VinFast: khả năng cách âm môi trường và gầm xe tốt hơn mong đợi rất nhiều. Khung gầm đầm chắc chuẩn xe Đức, ôm cua ở tốc độ cao rất vững vàng. Một trải nghiệm nâng cấp chất lượng sống cho cả gia đình.",positive
EVVN-00681,2022-03-24,BYD,Dealer,"Sau chuyến phượt Tây Bắc cùng gia đình, các bản cập nhật phần mềm từ xa OTA ngày càng hoàn thiện, xe đi mượt hơn hẳn, song song với đó tính bài toán vận hành lâu dài thì kinh tế hơn hẳn các dòng xe xăng cùng tầm giá. Rất đáng tiền trong phân khúc, hài lòng 9/10 điểm. (Cập nhật ODO vạn km đợt 2022).",positive
EVVN-00682,2022-03-25,Tesla,YouTube,"Cân nhắc kỹ lưỡng ưu và nhược điểm, xe rất hợp cho người đam mê công nghệ và có sẵn chỗ sạc tại nhà. Về cơ bản xe lái đầm chắc, khung gầm dày dặn và nhiều công nghệ an toàn hiện đại, nhưng trần kính mùa hè khá nóng nếu không dán thêm phim cách nhiệt xịn và lắp rèm che. Chi tiết hơn mời anh em xem trong video trải nghiệm của mình nhé.",neutral
EVVN-00683,2022-03-25,Hyundai,Dealer,"Cảm nhận về chiếc Hyundai: vận hành êm ái tuyệt đối, không rung giật và chấm dứt hẳn mùi xăng khó chịu. Ioniq 5 thiết kế phong cách Pixel retro tương lai cực kỳ ấn tượng. Thực sự vượt ngoài mong đợi ban đầu của mình.",positive
EVVN-00684,2022-03-25,MG,Facebook,"Chờ đợi mòn mỏi ở xưởng dịch vụ, trải nghiệm thực sự tệ khi khoang hành lý quá chật hẹp, không thể nhét vừa hai chiếc vali cỡ trung cho chuyến đi xa. Đáng nói nhất là chưa phát triển hệ sinh thái trạm sạc công cộng tại các tỉnh thành. Thực sự thất vọng, khuyên thật lòng anh em nên cân nhắc kỹ trước khi xuống tiền.",neutral
EVVN-00685,2022-03-26,BYD,Dealer,"Cân nhắc kỹ lưỡng ưu và nhược điểm, chất lượng hoàn thiện tốt trong tầm giá xe nhập khẩu. Về cơ bản sạc pin ở nhà vào ban đêm rất tiện lợi và kinh tế, nhưng phần mềm thỉnh thoảng vẫn dính lỗi vặt linh tinh và cần khởi động lại.",neutral
EVVN-00686,2022-03-26,Kia,Forum,"Từ xe xăng đổi qua xe điện, điểm cộng là công nghệ pin sạc nhanh tiên tiến và trang bị tiện nghi dồi dào. Thêm vào đó, hệ thống kiểm soát hành trình thích ứng và hỗ trợ giữ làn lái rất nhàn trên cao tốc. Đi rồi mới thấy công nghệ xe điện tiện lợi và sướng hơn hẳn.",positive
EVVN-00687,2022-03-26,Kia,YouTube,Bức xúc khi dùng Kia: bản cập nhật phần mềm mới làm hao pin hơn hẳn và mất kết nối Bluetooth liên tục. Ngoài ra giá lăn bánh còn cao so với các đối thủ cùng tầm. Đang tính chuyện bán lỗ để quay về xe xăng cho đỡ đau đầu.,negative
EVVN-00688,2022-03-27,VinFast,Dealer,Cảm nhận về chiếc VinFast: khả năng cách âm môi trường và gầm xe tốt hơn mong đợi rất nhiều. Trợ lý ảo ViVi nhận diện giọng nói tiếng Việt ba miền cực kỳ mượt mà. Một trải nghiệm nâng cấp chất lượng sống cho cả gia đình.,positive
EVVN-00689,2022-03-27,VinFast,Dealer,"Trải nghiệm thực tế quá khác xa so với quảng cáo, trải nghiệm thực sự tệ khi giảm xóc sau quá cứng, đi qua gờ giảm tốc người ngồi hàng hai nảy tưng tưng rất ê mông. Đáng nói nhất là xưởng dịch vụ nhiều đợt đông nghẹt xe taxi vào sửa chữa nên khách cá nhân phải chờ lâu. Mong hãng nghiêm túc lắng nghe phản ánh và sớm có phương án xử lý dứt điểm. Cảm nhận nhanh sau buổi nhận bàn giao xe tại đại lý.",negative
EVVN-00690,2022-03-28,Hyundai,Forum,"Sau thời gian trải nghiệm Hyundai: xe lái đầm chắc, khung gầm dày dặn và nhiều công nghệ an toàn hiện đại, bù lại việc đi xa vẫn cần phải lên kế hoạch lộ trình trạm sạc cẩn thận chứ không tiện như đổ xăng. Nhìn chung là sản phẩm dùng được nhưng chưa thực sự hoàn hảo.",neutral
EVVN-00691,2022-03-28,Tesla,Forum,"Chạy được gần 2 vạn km rồi mới dám lên bài, điểm cộng là Autopilot hỗ trợ tự lái thông minh và giữ làn mượt mà nhất thị trường. Thêm vào đó, các bản cập nhật phần mềm từ xa OTA ngày càng hoàn thiện, xe đi mượt hơn hẳn. Thực sự vượt ngoài mong đợi ban đầu của mình.",positive
EVVN-00692,2022-03-28,BYD,Review site,"Quá mệt mỏi sau chuyến đi tỉnh cuối tuần, dịp lễ cao điểm trạm sạc nào cũng quá tải, xếp hàng dài chờ hơn 1 tiếng rưỡi mới đến lượt cắm sạc, chưa kể màn hình trung tâm thỉnh thoảng bị đơ đen sì khi đang chạy, camera lùi bị giật lag nghiêm trọng. Quá mệt mỏi vì suốt ngày phải lo nghĩ chuyện sạc pin và lỗi phần mềm.",negative
EVVN-00693,2022-03-28,Tesla,Facebook,"Quá mệt mỏi sau chuyến đi tỉnh cuối tuần, trải nghiệm thực sự tệ khi quãng đường thực tế hao hụt gần 35% so với công bố khi chạy cao tốc kèm bật điều hòa gió lớn. Đáng nói nhất là phụ tùng thay thế hiếm, hỏng hóc phải chờ đặt từ nước ngoài về cả tháng. Nếu được chọn lại chắc chắn mình sẽ trung thành với xe xăng truyền thống.",negative
EVVN-00694,2022-03-29,Wuling,Review site,"Sau gần 8 tháng sử dụng đi phố, tầm nhìn thoáng căn chỉnh xe rất dễ dàng, hơn nữa tiền điện sạc tại nhà mỗi tháng chỉ tầm 200 đến 300 nghìn, rẻ ngang xe máy số. Chấm 9/10 cho sự tiện dụng và tiết kiệm.",positive
EVVN-00695,2022-03-29,VinFast,YouTube,"Sau chuyến xuyên Việt vừa rồi, điểm cộng là khung gầm đầm chắc chuẩn xe Đức, ôm cua ở tốc độ cao rất vững vàng. Thêm vào đó, các bản cập nhật phần mềm từ xa OTA ngày càng hoàn thiện, xe đi mượt hơn hẳn. Một trải nghiệm nâng cấp chất lượng sống cho cả gia đình.",positive
EVVN-00696,2022-03-30,BYD,Dealer,Bức xúc khi dùng BYD: bản cập nhật phần mềm mới làm hao pin hơn hẳn và mất kết nối Bluetooth liên tục. Ngoài ra giá phụ tùng linh kiện nhập khẩu còn tương đối cao. Đang tính chuyện bán lỗ để quay về xe xăng cho đỡ đau đầu.,negative
EVVN-00697,2022-03-31,Wuling,Dealer,"Chia sẻ trải nghiệm không mấy vui vẻ sau 2 tháng, trang bị an toàn nghèo nàn, bản thấp thậm chí không có túi khí bảo vệ. Điểm trừ nữa là nội thất nhựa thô ráp dễ trầy xước. Khuyên thật lòng ai ở chung cư hoặc muốn đi xa thì tuyệt đối không nên mua.",negative
EVVN-00698,2022-04-01,Kia,YouTube,Bức xúc khi dùng Kia: phần mềm liên tục báo lỗi ảo và cảnh báo pin ảo khiến người lái hoang mang. Ngoài ra số lượng xe lăn bánh trên đường còn quá hiếm nên tìm phụ tùng khó. Quá mệt mỏi vì suốt ngày phải lo nghĩ chuyện sạc pin và lỗi phần mềm.,negative
EVVN-00699,2022-04-03,VinFast,Review site,"Đối với chiếc VinFast, sạc pin ở nhà vào ban đêm rất tiện lợi và kinh tế. Dẫu vậy, phần mềm thỉnh thoảng vẫn dính lỗi vặt linh tinh và cần khởi động lại; nhìn chung cần thêm vài bản cập nhật OTA nữa để phần mềm đạt độ ổn định tuyệt đối. Cảm nhận thực tế xe VinFast tại Việt Nam.",neutral
EVVN-00700,2022-04-04,VinFast,Forum,"Đối với chiếc VinFast, ưu điểm là xe chạy cực kỳ êm ái, bốc ga nhanh và chi phí tiền điện hàng tháng rất rẻ. Dẫu vậy, trần kính mùa hè khá nóng nếu không dán thêm phim cách nhiệt xịn và lắp rèm che; nhìn chung cần thêm vài bản cập nhật OTA nữa để phần mềm đạt độ ổn định tuyệt đối. Bác nào đang chạy dòng này vào chia sẻ thêm kinh nghiệm nhé.",neutral
EVVN-00701,2022-04-04,VinFast,Review site,"Có cả điểm cộng lẫn điểm trừ, cần thêm vài bản cập nhật OTA nữa để phần mềm đạt độ ổn định tuyệt đối. Về cơ bản sạc pin ở nhà vào ban đêm rất tiện lợi và kinh tế, nhưng quãng đường chạy đường trường thực tế sẽ hụt bớt khoảng 20-30% nếu đạp thốc ga liên tục.",neutral
EVVN-00702,2022-04-04,Wuling,Dealer,"Đánh giá khách quan cho bác nào đang tìm hiểu dòng mini, ưu điểm là xe nhỏ gọn luồn lách ngõ hẹp cực tốt và tiền điện sạc tại nhà siêu rẻ, tuy nhiên tốc độ thấp và tầm hoạt động ngắn nên không thể đi phượt hay chạy xa. Đánh giá ở mức 7/10 điểm, đúng công năng cho người cần xe phụ đi chợ đi làm.",neutral
EVVN-00703,2022-04-06,VinFast,Facebook,"Đổi từ sedan Nhật sang xe điện, điểm cộng là trợ lý ảo ViVi nhận diện giọng nói tiếng Việt ba miền cực kỳ mượt mà. Bên cạnh đó, hệ thống kiểm soát hành trình thích ứng và hỗ trợ giữ làn lái rất nhàn trên cao tốc. Chấm điểm 9.5/10 cho độ êm ái và hiệu quả kinh tế.",neutral
EVVN-00704,2022-04-06,BYD,YouTube,"Lần đầu đi phượt đèo dốc bằng xe điện, hệ thống kiểm soát hành trình thích ứng và hỗ trợ giữ làn lái rất nhàn trên cao tốc, kèm theo đó tính bài toán vận hành lâu dài thì kinh tế hơn hẳn các dòng xe xăng cùng tầm giá. Đi rồi mới thấy công nghệ xe điện tiện lợi và sướng hơn hẳn. Chi tiết hơn mời anh em xem trong video trải nghiệm của mình nhé.",positive
EVVN-00705,2022-04-07,MG,Review site,"Dùng được vài tuần bắt đầu phát sinh nhiều vấn đề, trải nghiệm thực sự tệ khi quãng đường thực tế hao hụt gần 35% so với công bố khi chạy cao tốc kèm bật điều hòa gió lớn. Đáng nói nhất là chưa phát triển hệ sinh thái trạm sạc công cộng tại các tỉnh thành. Trải nghiệm chưa xứng đáng với kỳ vọng và số tiền bỏ ra.",negative
EVVN-00706,2022-04-08,VinFast,Facebook,"Lúc đầu cũng đắn đo nhưng chốt xe xong thấy, phanh tái sinh chỉnh mức vừa đi rất mượt, đi trong phố đông gần như chỉ cần dùng một bàn đạp, và tính bài toán vận hành lâu dài thì kinh tế hơn hẳn các dòng xe xăng cùng tầm giá. Cực kỳ ưng ý và sẽ tiếp tục ủng hộ xu hướng di chuyển xanh.",positive
EVVN-00707,2022-04-08,BYD,Dealer,"Cần phản ánh nghiêm túc về tình trạng, dịp lễ cao điểm trạm sạc nào cũng quá tải, xếp hàng dài chờ hơn 1 tiếng rưỡi mới đến lượt cắm sạc. Thất vọng hơn là độ hoàn thiện các khe hở thân vỏ không đều, gioăng cao su cửa cách âm kém nghe rõ tiếng gió rít khi lên 100km/h. Thực sự thất vọng, khuyên thật lòng anh em nên cân nhắc kỹ trước khi xuống tiền. Cảm nhận nhanh sau buổi nhận bàn giao xe tại đại lý.",negative
EVVN-00708,2022-04-08,BYD,Review site,Bức xúc khi dùng BYD: cảm biến va chạm và radar hú còi loạn xạ dù đường hoàn toàn thông thoáng. Ngoài ra hãng chưa có trạm sạc riêng tại VN nên phải tìm trạm tư nhân bên thứ 3 khá bất tiện. Quá mệt mỏi vì suốt ngày phải lo nghĩ chuyện sạc pin và lỗi phần mềm.,negative
EVVN-00709,2022-04-08,VinFast,Dealer,Cảm nhận về chiếc VinFast: khả năng cách âm môi trường và gầm xe tốt hơn mong đợi rất nhiều. Chính sách cứu hộ pin 24/7 và xưởng dịch vụ lưu động khắp cả nước rất an tâm. Cực kỳ ưng ý và sẽ tiếp tục ủng hộ xu hướng di chuyển xanh.,neutral
EVVN-00710,2022-04-08,MG,Forum,"Cảm nhận về chiếc MG: trọng tâm pin đặt dưới sàn giúp xe ôm cua cực kỳ đầm chắc, không bị vặn xoắn. Khung gầm đầm chắc chuẩn phong cách xe châu Âu. Chấm điểm 9.5/10 cho độ êm ái và hiệu quả kinh tế.",positive
EVVN-00711,2022-04-09,MG,Forum,Cảm nhận về chiếc MG: khả năng cách âm môi trường và gầm xe tốt hơn mong đợi rất nhiều. Mức giá tiếp cận hợp lý so với công năng xe điện mang lại. Đi rồi mới thấy công nghệ xe điện tiện lợi và sướng hơn hẳn.,positive
EVVN-00712,2022-04-10,Tesla,Review site,"Đi làm hằng ngày với em nó, điểm cộng là khả năng bứt tốc dính ghế đầy phấn khích không hề có độ trễ. Bên cạnh đó, thích nhất tính năng bật điều hòa từ xa trước khi lên xe, mùa hè vào xe mát rượi ngay. Cực kỳ ưng ý và sẽ tiếp tục ủng hộ xu hướng di chuyển xanh.",positive
EVVN-00713,2022-04-10,BYD,Forum,"Đối với chiếc BYD, xe lái đầm chắc, khung gầm dày dặn và nhiều công nghệ an toàn hiện đại. Dẫu vậy, quãng đường chạy đường trường thực tế sẽ hụt bớt khoảng 20-30% nếu đạp thốc ga liên tục; nhìn chung chất lượng hoàn thiện tốt trong tầm giá xe nhập khẩu.",positive
EVVN-00714,2022-04-11,VinFast,YouTube,"Cảm nhận thật lòng sau 3 tháng sử dụng, hệ thống kiểm soát hành trình thích ứng và hỗ trợ giữ làn lái rất nhàn trên cao tốc, kèm theo đó chi phí sạc điện mỗi tháng chưa tới 800 nghìn, tiết kiệm hơn 70% so với tiền xăng trước kia. Cực kỳ ưng ý và sẽ tiếp tục ủng hộ xu hướng di chuyển xanh.",positive
EVVN-00715,2022-04-12,VinFast,Dealer,"Cảm nhận về chiếc VinFast: xe lướt đi êm ru, người nhà ngồi sau trước đây hay say xe giờ đi thoải mái cả hành trình. Khung gầm đầm chắc chuẩn xe Đức, ôm cua ở tốc độ cao rất vững vàng. Ai còn phân vân thì nên lái thử một lần, đảm bảo không muốn quay lại xe xăng. Cảm nhận nhanh sau buổi nhận bàn giao xe tại đại lý.",positive
EVVN-00716,2022-04-12,VinFast,Forum,"Sau thời gian trải nghiệm VinFast: vận hành trong đô thị rất nhàn nhã, máy êm, chi phí nuôi xe tiết kiệm thấy rõ, bù lại độ hoàn thiện dàn nhựa nội thất và các chi tiết cơ khí vẫn cần hãng trau chuốt thêm. Bác nào ở nhà đất có chỗ cắm sạc thì nên mua, còn ở chung cư thì nên tính toán thêm.",positive
EVVN-00717,2022-04-13,Tesla,Forum,"Chạy thử cả phố lẫn đường trường, điểm cộng là Autopilot hỗ trợ tự lái thông minh và giữ làn mượt mà nhất thị trường. Thêm vào đó, buổi trưa nằm nghỉ trong xe bật điều hòa thoải mái mà không sợ ngạt khí CO độc hại. Đi rồi mới thấy công nghệ xe điện tiện lợi và sướng hơn hẳn.",positive
EVVN-00718,2022-04-13,VinFast,Facebook,"Đối với chiếc VinFast, sạc pin ở nhà vào ban đêm rất tiện lợi và kinh tế. Dẫu vậy, hạ tầng trạm sạc công cộng dịp lễ đông đúc phải chờ đợi khá sốt ruột; nhìn chung cần thêm vài bản cập nhật OTA nữa để phần mềm đạt độ ổn định tuyệt đối.",neutral
EVVN-00719,2022-04-13,Tesla,YouTube,"Cảm nhận về chiếc Tesla: xe lướt đi êm ru, người nhà ngồi sau trước đây hay say xe giờ đi thoải mái cả hành trình. Khả năng bứt tốc dính ghế đầy phấn khích không hề có độ trễ. Nói chung quyết định chuyển sang xe điện là hoàn toàn sáng suốt.",positive
EVVN-00720,2022-04-14,VinFast,YouTube,"Thất vọng toàn tập với chuyến đi vừa rồi, ở chung cư không có trụ sạc AC, đi làm về mệt mỏi lại phải lang thang tìm trụ sạc nhanh rất bất tiện. Thất vọng hơn là trần kính toàn cảnh vào mùa hè Hà Nội nắng 40 độ hấp nhiệt nóng rát đỉnh đầu, bật điều hòa max vẫn toát mồ hôi. Thực sự thất vọng, khuyên thật lòng anh em nên cân nhắc kỹ trước khi xuống tiền.",negative
EVVN-00721,2022-04-14,BYD,Facebook,"Gặp sự cố giữa đường mới thấy, dọc đường miền núi trạm sạc quá thưa thớt, vừa đi vừa run sợ hết pin giữa đèo. Thất vọng hơn là độ hoàn thiện các khe hở thân vỏ không đều, gioăng cao su cửa cách âm kém nghe rõ tiếng gió rít khi lên 100km/h. Mong hãng nghiêm túc lắng nghe phản ánh và sớm có phương án xử lý dứt điểm.",negative
EVVN-00722,2022-04-14,Hyundai,Dealer,"Dùng được vài tuần bắt đầu phát sinh nhiều vấn đề, nhiều điểm trạm sạc ngoài trời không có mái che, trời mưa bão cắm sạc vừa ướt vừa bất an. Thất vọng hơn là khoang hành lý quá chật hẹp, không thể nhét vừa hai chiếc vali cỡ trung cho chuyến đi xa. Quá mệt mỏi vì suốt ngày phải lo nghĩ chuyện sạc pin và lỗi phần mềm.",neutral
EVVN-00723,2022-04-14,BYD,Forum,"Nhận xét thực tế sau chuyến đi dài, chất lượng hoàn thiện tốt trong tầm giá xe nhập khẩu. Về cơ bản vận hành trong đô thị rất nhàn nhã, máy êm, chi phí nuôi xe tiết kiệm thấy rõ, nhưng hạ tầng trạm sạc công cộng dịp lễ đông đúc phải chờ đợi khá sốt ruột.",neutral
EVVN-00724,2022-04-15,BYD,Review site,Bức xúc khi dùng BYD: cảm biến va chạm và radar hú còi loạn xạ dù đường hoàn toàn thông thoáng. Ngoài ra hãng chưa có trạm sạc riêng tại VN nên phải tìm trạm tư nhân bên thứ 3 khá bất tiện. Nếu được chọn lại chắc chắn mình sẽ trung thành với xe xăng truyền thống.,negative
EVVN-00725,2022-04-16,Kia,Dealer,"Sau gần 8 tháng sử dụng liên tục, điểm cộng là công nghệ pin sạc nhanh tiên tiến và trang bị tiện nghi dồi dào. Thêm vào đó, các bản cập nhật phần mềm từ xa OTA ngày càng hoàn thiện, xe đi mượt hơn hẳn. Rất đáng tiền trong phân khúc, hài lòng 9/10 điểm.",positive
EVVN-00726,2022-04-16,Kia,Facebook,"Sau gần 8 tháng sử dụng liên tục, điểm cộng là công nghệ pin sạc nhanh tiên tiến và trang bị tiện nghi dồi dào. Bên cạnh đó, màn hình giải trí sắc nét, cảm ứng mượt mà và hỗ trợ kết nối không dây rất tiện. Cực kỳ ưng ý và sẽ tiếp tục ủng hộ xu hướng di chuyển xanh.",positive
EVVN-00727,2022-04-16,VinFast,Facebook,"Dùng được vài tuần bắt đầu phát sinh nhiều vấn đề, tốc độ sạc bị bóp công suất tụt thảm hại khi có nhiều xe cùng cắm sạc một lúc, chưa kể bản cập nhật phần mềm mới làm hao pin hơn hẳn và mất kết nối Bluetooth liên tục. Quá mệt mỏi vì suốt ngày phải lo nghĩ chuyện sạc pin và lỗi phần mềm.",negative
EVVN-00728,2022-04-17,VinFast,Facebook,"Test thử cao tốc đợt cuối tuần, điểm cộng là khung gầm đầm chắc chuẩn xe Đức, ôm cua ở tốc độ cao rất vững vàng. Bên cạnh đó, các bản cập nhật phần mềm từ xa OTA ngày càng hoàn thiện, xe đi mượt hơn hẳn. Nói chung quyết định chuyển sang xe điện là hoàn toàn sáng suốt.",positive
EVVN-00729,2022-04-18,MG,Dealer,"Mua xe cho vợ đi làm hàng ngày, điểm cộng là khung gầm đầm chắc chuẩn phong cách xe châu Âu. Bên cạnh đó, buổi trưa nằm nghỉ trong xe bật điều hòa thoải mái mà không sợ ngạt khí CO độc hại. Rất đáng tiền trong phân khúc, hài lòng 9/10 điểm.",positive
EVVN-00730,2022-04-19,Kia,Forum,"Sau gần 8 tháng sử dụng liên tục, khả năng cách âm môi trường và gầm xe tốt hơn mong đợi rất nhiều, hơn nữa kinh tế nhất là sạc chậm qua đêm tại nhà với giá điện sinh hoạt, sáng ra pin đầy ắp sẵn sàng. Chấm điểm 9.5/10 cho độ êm ái và hiệu quả kinh tế.",positive
EVVN-00731,2022-04-19,Kia,Dealer,"Cảm nhận về chiếc Kia: phanh tái sinh chỉnh mức vừa đi rất mượt, đi trong phố đông gần như chỉ cần dùng một bàn đạp. EV6 dáng crossover thể thao bắt mắt và khí động học. Cực kỳ ưng ý và sẽ tiếp tục ủng hộ xu hướng di chuyển xanh.",positive
EVVN-00732,2022-04-19,MG,Facebook,"Bức xúc khi dùng MG: hệ thống nhận diện giọng nói ngô nghê, gọi mãi không hiểu khẩu lệnh cơ bản. Ngoài ra thương hiệu còn làm nhiều người mua đắn đo. Thực sự thất vọng, khuyên thật lòng anh em nên cân nhắc kỹ trước khi xuống tiền. Mình chia sẻ lên nhóm để anh em cùng thảo luận.",negative
EVVN-00733,2022-04-19,Tesla,Dealer,"Góc nhìn trung lập sau 6 tháng sử dụng, điểm cộng lớn nhất là khả năng tăng tốc mượt mà, không mùi khí thải và không gian cabin thoáng đãng, nhưng trần kính mùa hè khá nóng nếu không dán thêm phim cách nhiệt xịn và lắp rèm che. Đánh giá ở mức 7/10 điểm, cần thêm thời gian để hoàn thiện hạ tầng và phần mềm.",neutral
EVVN-00734,2022-04-20,BYD,Forum,"Vừa bực vừa ức chế, trải nghiệm thực sự tệ khi trần kính toàn cảnh vào mùa hè Hà Nội nắng 40 độ hấp nhiệt nóng rát đỉnh đầu, bật điều hòa max vẫn toát mồ hôi. Đáng nói nhất là hãng chưa có trạm sạc riêng tại VN nên phải tìm trạm tư nhân bên thứ 3 khá bất tiện. Trải nghiệm chưa xứng đáng với kỳ vọng và số tiền bỏ ra.",negative
EVVN-00735,2022-04-20,VinFast,Dealer,"Đã gắn bó từ những ngày đầu nhận xe, vận hành êm ái tuyệt đối, không rung giật và chấm dứt hẳn mùi xăng khó chịu, và kinh tế nhất là sạc chậm qua đêm tại nhà với giá điện sinh hoạt, sáng ra pin đầy ắp sẵn sàng. Đi rồi mới thấy công nghệ xe điện tiện lợi và sướng hơn hẳn.",positive
EVVN-00736,2022-04-20,VinFast,YouTube,"Dưới góc nhìn người dùng thực tế, cần thêm vài bản cập nhật OTA nữa để phần mềm đạt độ ổn định tuyệt đối. Về cơ bản xe lái đầm chắc, khung gầm dày dặn và nhiều công nghệ an toàn hiện đại, nhưng quãng đường chạy đường trường thực tế sẽ hụt bớt khoảng 20-30% nếu đạp thốc ga liên tục.",positive
EVVN-00737,2022-04-21,BYD,Dealer,"Từ xe xăng đổi qua xe điện, điểm cộng là thiết kế nội thất phong cách thể thao phá cách và trẻ trung. Bên cạnh đó, hệ thống kiểm soát hành trình thích ứng và hỗ trợ giữ làn lái rất nhàn trên cao tốc. Thực sự vượt ngoài mong đợi ban đầu của mình.",neutral
EVVN-00738,2022-04-22,MG,Dealer,"Đánh giá khách quan sau vài nghìn km, ưu điểm là xe chạy cực kỳ êm ái, bốc ga nhanh và chi phí tiền điện hàng tháng rất rẻ, nhưng độ hoàn thiện dàn nhựa nội thất và các chi tiết cơ khí vẫn cần hãng trau chuốt thêm. Nhìn chung là sản phẩm dùng được nhưng chưa thực sự hoàn hảo. Cảm nhận nhanh sau buổi nhận bàn giao xe tại đại lý.",neutral
EVVN-00739,2022-04-22,BYD,Review site,"Cảm nhận về chiếc BYD: phanh tái sinh chỉnh mức vừa đi rất mượt, đi trong phố đông gần như chỉ cần dùng một bàn đạp. Công nghệ pin Blade độc quyền an toàn chống cháy nổ rất yên tâm. Rất đáng tiền trong phân khúc, hài lòng 9/10 điểm.",positive
EVVN-00740,2022-04-23,BYD,Forum,"Cảm nhận về chiếc BYD: trọng tâm pin đặt dưới sàn giúp xe ôm cua cực kỳ đầm chắc, không bị vặn xoắn. Màn hình xoay 15.6 inch sắc nét và độ phản hồi cảm ứng rất nhanh. Nói chung quyết định chuyển sang xe điện là hoàn toàn sáng suốt.",positive
EVVN-00741,2022-04-24,BYD,Forum,"Trải nghiệm thực tế quá khác xa so với quảng cáo, ở chung cư không có trụ sạc AC, đi làm về mệt mỏi lại phải lang thang tìm trụ sạc nhanh rất bất tiện. Thất vọng hơn là khoang hành lý quá chật hẹp, không thể nhét vừa hai chiếc vali cỡ trung cho chuyến đi xa. Nếu được chọn lại chắc chắn mình sẽ trung thành với xe xăng truyền thống.",negative
EVVN-00742,2022-04-25,VinFast,Facebook,"Bức xúc khi dùng VinFast: màn hình trung tâm thỉnh thoảng bị đơ đen sì khi đang chạy, camera lùi bị giật lag nghiêm trọng. Ngoài ra xưởng dịch vụ nhiều đợt đông nghẹt xe taxi vào sửa chữa nên khách cá nhân phải chờ lâu. Quá mệt mỏi vì suốt ngày phải lo nghĩ chuyện sạc pin và lỗi phần mềm.",negative
EVVN-00743,2022-04-25,BYD,Dealer,"Sau thời gian trải nghiệm BYD: sạc pin ở nhà vào ban đêm rất tiện lợi và kinh tế, bù lại phần mềm thỉnh thoảng vẫn dính lỗi vặt linh tinh và cần khởi động lại. Tóm lại xe rất hợp đi phố hàng ngày, còn đi phượt xa thì cần tính toán kỹ thời gian.",neutral
EVVN-00744,2022-04-25,Tesla,Facebook,"Bức xúc khi dùng Tesla: màn hình trung tâm thỉnh thoảng bị đơ đen sì khi đang chạy, camera lùi bị giật lag nghiêm trọng. Ngoài ra phụ tùng thay thế hiếm, hỏng hóc phải chờ đặt từ nước ngoài về cả tháng. Không thể chấp nhận một sản phẩm giá tiền tỷ mà lỗi vặt nhiều như thế này.",negative
EVVN-00745,2022-04-25,BYD,Forum,"Lần đầu đi phượt đèo dốc bằng xe điện, khả năng cách âm môi trường và gầm xe tốt hơn mong đợi rất nhiều, và tính bài toán vận hành lâu dài thì kinh tế hơn hẳn các dòng xe xăng cùng tầm giá. Chấm điểm 9.5/10 cho độ êm ái và hiệu quả kinh tế.",positive
EVVN-00746,2022-04-25,Kia,YouTube,"Sau thời gian trải nghiệm Kia: sạc pin ở nhà vào ban đêm rất tiện lợi và kinh tế, bù lại phần mềm thỉnh thoảng vẫn dính lỗi vặt linh tinh và cần khởi động lại. Bác nào ở nhà đất có chỗ cắm sạc thì nên mua, còn ở chung cư thì nên tính toán thêm.",neutral
EVVN-00747,2022-04-25,VinFast,Review site,"Cảm nhận về chiếc VinFast: khả năng cách âm môi trường và gầm xe tốt hơn mong đợi rất nhiều. Trợ lý ảo ViVi nhận diện giọng nói tiếng Việt ba miền cực kỳ mượt mà. Ai còn phân vân thì nên lái thử một lần, đảm bảo không muốn quay lại xe xăng.",positive
EVVN-00748,2022-04-25,MG,Facebook,"Chạy được gần 2 vạn km rồi mới dám lên bài, buổi trưa nằm nghỉ trong xe bật điều hòa thoải mái mà không sợ ngạt khí CO độc hại, song song với đó khoản bảo dưỡng định kỳ rất nhàn, không phải thay dầu máy hay bugi lọc gió phức tạp. Rất đáng tiền trong phân khúc, hài lòng 9/10 điểm.",positive
EVVN-00749,2022-04-26,Tesla,Forum,"Sau chuyến xuyên Việt vừa rồi, điểm cộng là khả năng bứt tốc dính ghế đầy phấn khích không hề có độ trễ. Bên cạnh đó, các bản cập nhật phần mềm từ xa OTA ngày càng hoàn thiện, xe đi mượt hơn hẳn. Thực sự vượt ngoài mong đợi ban đầu của mình.",neutral
EVVN-00750,2022-04-28,VinFast,YouTube,"Sau hơn nửa năm gắn bó, các bản cập nhật phần mềm từ xa OTA ngày càng hoàn thiện, xe đi mượt hơn hẳn, song song với đó chi phí sạc điện mỗi tháng chưa tới 800 nghìn, tiết kiệm hơn 70% so với tiền xăng trước kia. Rất đáng tiền trong phân khúc, hài lòng 9/10 điểm.",neutral
EVVN-00751,2022-04-28,VinFast,Dealer,"Có cả điểm cộng lẫn điểm trừ, cần thêm vài bản cập nhật OTA nữa để phần mềm đạt độ ổn định tuyệt đối. Về cơ bản ưu điểm là xe chạy cực kỳ êm ái, bốc ga nhanh và chi phí tiền điện hàng tháng rất rẻ, nhưng độ hoàn thiện dàn nhựa nội thất và các chi tiết cơ khí vẫn cần hãng trau chuốt thêm.",neutral
EVVN-00752,2022-04-28,BYD,Forum,"Đổi từ sedan Nhật sang xe điện, điểm cộng là thiết kế nội thất phong cách thể thao phá cách và trẻ trung. Thêm vào đó, buổi trưa nằm nghỉ trong xe bật điều hòa thoải mái mà không sợ ngạt khí CO độc hại. Rất đáng tiền trong phân khúc, hài lòng 9/10 điểm.",positive
EVVN-00753,2022-04-30,MG,Forum,"Vừa bực vừa ức chế, ở chung cư không có trụ sạc AC, đi làm về mệt mỏi lại phải lang thang tìm trụ sạc nhanh rất bất tiện, thêm vào đó lỗi ắc quy 12V tụt áp bất thình lình làm xe không khởi động được, phải gọi xe cứu hộ kéo về. Thực sự thất vọng, khuyên thật lòng anh em nên cân nhắc kỹ trước khi xuống tiền.",negative
EVVN-00754,2022-04-30,Wuling,Dealer,"Chia sẻ công tâm sau thời gian sử dụng Wuling, vận hành đô thị linh hoạt, bán kính quay đầu nhỏ và máy chạy êm, nhưng bắt buộc gia đình phải có chỗ cắm sạc điện dân dụng 220V riêng. Đánh giá ở mức 7/10 điểm, đúng công năng cho người cần xe phụ đi chợ đi làm.",positive
EVVN-00755,2022-04-30,MG,Facebook,"Bỏ ra số tiền không nhỏ mà nhận lại, trải nghiệm thực sự tệ khi giảm xóc sau quá cứng, đi qua gờ giảm tốc người ngồi hàng hai nảy tưng tưng rất ê mông. Đáng nói nhất là thương hiệu còn làm nhiều người mua đắn đo. Nếu được chọn lại chắc chắn mình sẽ trung thành với xe xăng truyền thống. Mình chia sẻ lên nhóm để anh em cùng thảo luận.",negative
EVVN-00756,2022-04-30,VinFast,YouTube,"Đổi từ sedan Nhật sang xe điện, điểm cộng là trợ lý ảo ViVi nhận diện giọng nói tiếng Việt ba miền cực kỳ mượt mà. Thêm vào đó, hệ thống kiểm soát hành trình thích ứng và hỗ trợ giữ làn lái rất nhàn trên cao tốc. Chấm điểm 9.5/10 cho độ êm ái và hiệu quả kinh tế.",positive
EVVN-00757,2022-04-30,VinFast,Review site,"Sau hơn nửa năm gắn bó, điểm cộng là chính sách cứu hộ pin 24/7 và xưởng dịch vụ lưu động khắp cả nước rất an tâm. Bên cạnh đó, màn hình giải trí sắc nét, cảm ứng mượt mà và hỗ trợ kết nối không dây rất tiện. Rất đáng tiền trong phân khúc, hài lòng 9/10 điểm.",neutral
EVVN-00758,2022-05-01,BYD,Dealer,Bức xúc khi dùng BYD: bản cập nhật phần mềm mới làm hao pin hơn hẳn và mất kết nối Bluetooth liên tục. Ngoài ra nhiều chi tiết đèn viền và cửa gió thiết kế hơi rườm rà sến sẩm. Nếu được chọn lại chắc chắn mình sẽ trung thành với xe xăng truyền thống.,negative
EVVN-00759,2022-05-01,Hyundai,Dealer,"Cảm nhận về chiếc Hyundai: xe lướt đi êm ru, người nhà ngồi sau trước đây hay say xe giờ đi thoải mái cả hành trình. Không gian cabin phẳng rộng rãi như phòng khách gia đình. Đi rồi mới thấy công nghệ xe điện tiện lợi và sướng hơn hẳn.",positive
EVVN-00760,2022-05-02,BYD,Forum,"Đánh giá khách quan sau vài nghìn km, chất lượng hoàn thiện tốt trong tầm giá xe nhập khẩu. Về cơ bản xe lái đầm chắc, khung gầm dày dặn và nhiều công nghệ an toàn hiện đại, nhưng việc đi xa vẫn cần phải lên kế hoạch lộ trình trạm sạc cẩn thận chứ không tiện như đổ xăng.",neutral
EVVN-00761,2022-05-02,BYD,Review site,"Nhiều lúc ức chế phát khóc, trải nghiệm thực sự tệ khi khoang hành lý quá chật hẹp, không thể nhét vừa hai chiếc vali cỡ trung cho chuyến đi xa. Đáng nói nhất là nhiều chi tiết đèn viền và cửa gió thiết kế hơi rườm rà sến sẩm. Mong hãng nghiêm túc lắng nghe phản ánh và sớm có phương án xử lý dứt điểm.",negative
EVVN-00762,2022-05-02,Tesla,Dealer,"Sau gần 8 tháng sử dụng liên tục, hệ thống kiểm soát hành trình thích ứng và hỗ trợ giữ làn lái rất nhàn trên cao tốc, kèm theo đó chi phí sạc điện mỗi tháng chưa tới 800 nghìn, tiết kiệm hơn 70% so với tiền xăng trước kia. Ai còn phân vân thì nên lái thử một lần, đảm bảo không muốn quay lại xe xăng.",positive
EVVN-00763,2022-05-03,VinFast,Dealer,"Sau thời gian trải nghiệm VinFast: vận hành trong đô thị rất nhàn nhã, máy êm, chi phí nuôi xe tiết kiệm thấy rõ, bù lại hạ tầng trạm sạc công cộng dịp lễ đông đúc phải chờ đợi khá sốt ruột. Nhìn chung là sản phẩm dùng được nhưng chưa thực sự hoàn hảo.",neutral
EVVN-00764,2022-05-03,Tesla,Forum,"Cảm nhận về chiếc Tesla: trọng tâm pin đặt dưới sàn giúp xe ôm cua cực kỳ đầm chắc, không bị vặn xoắn. Khả năng bứt tốc dính ghế đầy phấn khích không hề có độ trễ. Đi rồi mới thấy công nghệ xe điện tiện lợi và sướng hơn hẳn.",positive
EVVN-00765,2022-05-03,BYD,Review site,"Chờ đợi mòn mỏi ở xưởng dịch vụ, ra đến trạm sạc cao tốc thì 3 trụ báo lỗi hỏng, trụ duy nhất còn lại thì bị xe xăng đỗ chiếm chỗ vô ý thức, chưa kể bản cập nhật phần mềm mới làm hao pin hơn hẳn và mất kết nối Bluetooth liên tục. Nếu được chọn lại chắc chắn mình sẽ trung thành với xe xăng truyền thống.",neutral
EVVN-00766,2022-05-04,Wuling,Forum,"Mua xe cho vợ đi làm hàng ngày, xe mini nhỏ gọn luồn lách ngõ hẹp cực kỳ linh hoạt, đồng thời tiền điện sạc tại nhà mỗi tháng chỉ tầm 200 đến 300 nghìn, rẻ ngang xe máy số. Đi lại quãng ngắn trong thành phố thì không có gì để chê.",positive
EVVN-00767,2022-05-04,Tesla,Forum,"Gặp sự cố giữa đường mới thấy, ở chung cư không có trụ sạc AC, đi làm về mệt mỏi lại phải lang thang tìm trụ sạc nhanh rất bất tiện, chưa kể lỗi ắc quy 12V tụt áp bất thình lình làm xe không khởi động được, phải gọi xe cứu hộ kéo về. Mong hãng nghiêm túc lắng nghe phản ánh và sớm có phương án xử lý dứt điểm.",negative
EVVN-00768,2022-05-06,MG,Forum,"Chia sẻ công tâm sau thời gian trải nghiệm, vận hành trong đô thị rất nhàn nhã, máy êm, chi phí nuôi xe tiết kiệm thấy rõ, nhưng phần mềm thỉnh thoảng vẫn dính lỗi vặt linh tinh và cần khởi động lại. Bác nào ở nhà đất có chỗ cắm sạc thì nên mua, còn ở chung cư thì nên tính toán thêm.",neutral
EVVN-00769,2022-05-06,MG,Forum,"Cảm nhận thật lòng sau 3 tháng sử dụng, điểm cộng là mức giá tiếp cận hợp lý so với công năng xe điện mang lại. Thêm vào đó, màn hình giải trí sắc nét, cảm ứng mượt mà và hỗ trợ kết nối không dây rất tiện. Cực kỳ ưng ý và sẽ tiếp tục ủng hộ xu hướng di chuyển xanh.",positive
EVVN-00770,2022-05-06,Wuling,Review site,"Sau gần 8 tháng sử dụng đi phố, bán kính quay đầu nhỏ xoay xở đầu ngõ phố nhẹ tênh, đồng thời chi phí bảo dưỡng định kỳ hầu như không đáng kể. Đúng là phương tiện hoàn hảo để thay thế xe máy.",positive
EVVN-00771,2022-05-07,VinFast,Review site,"Chạy được gần 2 vạn km rồi mới dám lên bài, buổi trưa nằm nghỉ trong xe bật điều hòa thoải mái mà không sợ ngạt khí CO độc hại, song song với đó tính bài toán vận hành lâu dài thì kinh tế hơn hẳn các dòng xe xăng cùng tầm giá. Nói chung quyết định chuyển sang xe điện là hoàn toàn sáng suốt.",positive
EVVN-00772,2022-05-07,VinFast,Review site,"Đối với chiếc VinFast, ưu điểm là xe chạy cực kỳ êm ái, bốc ga nhanh và chi phí tiền điện hàng tháng rất rẻ. Dẫu vậy, việc đi xa vẫn cần phải lên kế hoạch lộ trình trạm sạc cẩn thận chứ không tiện như đổ xăng; nhìn chung cần thêm vài bản cập nhật OTA nữa để phần mềm đạt độ ổn định tuyệt đối. (Đánh giá tháng 05/2022).",neutral
EVVN-00773,2022-05-07,Wuling,Review site,"Mua xe cho vợ đi làm hàng ngày, bán kính quay đầu nhỏ xoay xở đầu ngõ phố nhẹ tênh, hơn nữa tiền điện sạc tại nhà mỗi tháng chỉ tầm 200 đến 300 nghìn, rẻ ngang xe máy số. Đúng là phương tiện hoàn hảo để thay thế xe máy.",positive
EVVN-00774,2022-05-07,Tesla,YouTube,"Đi làm hằng ngày với em nó, khả năng cách âm môi trường và gầm xe tốt hơn mong đợi rất nhiều, hơn nữa chi phí sạc điện mỗi tháng chưa tới 800 nghìn, tiết kiệm hơn 70% so với tiền xăng trước kia. Đi rồi mới thấy công nghệ xe điện tiện lợi và sướng hơn hẳn. Chi tiết hơn mời anh em xem trong video trải nghiệm của mình nhé.",positive
EVVN-00775,2022-05-08,MG,YouTube,"Hôm qua suýt nằm đường vì, ở chung cư không có trụ sạc AC, đi làm về mệt mỏi lại phải lang thang tìm trụ sạc nhanh rất bất tiện. Thất vọng hơn là chất liệu nhựa nội thất ọp ẹp, đi vào đường xấu phát ra tiếng kêu cọt kẹt rất khó chịu. Quá mệt mỏi vì suốt ngày phải lo nghĩ chuyện sạc pin và lỗi phần mềm.",negative
EVVN-00776,2022-05-08,BYD,Forum,"Sau chuyến phượt Tây Bắc cùng gia đình, điểm cộng là màn hình xoay 15.6 inch sắc nét và độ phản hồi cảm ứng rất nhanh. Thêm vào đó, thích nhất tính năng bật điều hòa từ xa trước khi lên xe, mùa hè vào xe mát rượi ngay. Chấm điểm 9.5/10 cho độ êm ái và hiệu quả kinh tế.",positive
EVVN-00777,2022-05-08,Wuling,Dealer,"Chạy được gần 1 vạn km nội thành, bán kính quay đầu nhỏ xoay xở đầu ngõ phố nhẹ tênh, hơn nữa cắm sạc trực tiếp ổ điện 220V gia đình qua đêm rất tiện lợi. Rất ưng ý với số tiền bỏ ra, phù hợp nhu cầu gia đình nhỏ.",neutral
EVVN-00778,2022-05-09,Hyundai,Facebook,"Sau chuyến xuyên Việt vừa rồi, xe tăng tốc tức thì, vượt xe trên quốc lộ rất tự tin và an toàn, hơn nữa kinh tế nhất là sạc chậm qua đêm tại nhà với giá điện sinh hoạt, sáng ra pin đầy ắp sẵn sàng. Đi rồi mới thấy công nghệ xe điện tiện lợi và sướng hơn hẳn.",positive
EVVN-00779,2022-05-09,Tesla,YouTube,"Chạy thử nhiều mẫu xe rồi mới chốt em này, điểm cộng là Autopilot hỗ trợ tự lái thông minh và giữ làn mượt mà nhất thị trường. Bên cạnh đó, thích nhất tính năng bật điều hòa từ xa trước khi lên xe, mùa hè vào xe mát rượi ngay. Đi rồi mới thấy công nghệ xe điện tiện lợi và sướng hơn hẳn.",positive
EVVN-00780,2022-05-09,Wuling,Review site,"Lấy xe chủ yếu che nắng che mưa, chở 2 mẹ con che nắng mưa mùa đông hè rất tiện, đồng thời cắm sạc trực tiếp ổ điện 220V gia đình qua đêm rất tiện lợi. Rất ưng ý với số tiền bỏ ra, phù hợp nhu cầu gia đình nhỏ.",positive
EVVN-00781,2022-05-10,VinFast,Forum,"Đối với chiếc VinFast, điểm cộng lớn nhất là khả năng tăng tốc mượt mà, không mùi khí thải và không gian cabin thoáng đãng. Dẫu vậy, độ hoàn thiện dàn nhựa nội thất và các chi tiết cơ khí vẫn cần hãng trau chuốt thêm; nhìn chung lợi thế hệ thống trạm sạc VinFast tại Việt Nam áp đảo hoàn toàn so với mọi đối thủ.",positive
EVVN-00782,2022-05-10,VinFast,Facebook,"Góc nhìn trung lập sau 6 tháng sử dụng, cần thêm vài bản cập nhật OTA nữa để phần mềm đạt độ ổn định tuyệt đối. Về cơ bản vận hành trong đô thị rất nhàn nhã, máy êm, chi phí nuôi xe tiết kiệm thấy rõ, nhưng trần kính mùa hè khá nóng nếu không dán thêm phim cách nhiệt xịn và lắp rèm che.",neutral
EVVN-00783,2022-05-10,MG,Dealer,"Sau thời gian trải nghiệm MG: sạc pin ở nhà vào ban đêm rất tiện lợi và kinh tế, bù lại trần kính mùa hè khá nóng nếu không dán thêm phim cách nhiệt xịn và lắp rèm che. Tóm lại xe rất hợp đi phố hàng ngày, còn đi phượt xa thì cần tính toán kỹ thời gian.",neutral
EVVN-00784,2022-05-10,Wuling,YouTube,"Sau gần 8 tháng sử dụng đi phố, tầm nhìn thoáng căn chỉnh xe rất dễ dàng, kèm theo đó chi phí bảo dưỡng định kỳ hầu như không đáng kể. Đúng là phương tiện hoàn hảo để thay thế xe máy.",positive
EVVN-00785,2022-05-10,Kia,Facebook,"Sau hơn nửa năm gắn bó, thích nhất tính năng bật điều hòa từ xa trước khi lên xe, mùa hè vào xe mát rượi ngay, kèm theo đó tiền sạc rẻ giật mình, mỗi km tính ra chỉ tốn tầm 400 đến 500 đồng. Ai còn phân vân thì nên lái thử một lần, đảm bảo không muốn quay lại xe xăng.",neutral
EVVN-00786,2022-05-11,MG,Facebook,"Gặp sự cố giữa đường mới thấy, trải nghiệm thực sự tệ khi quãng đường thực tế hao hụt gần 35% so với công bố khi chạy cao tốc kèm bật điều hòa gió lớn. Đáng nói nhất là chất liệu nhựa nội thất chưa thật sự tinh xảo. Mong hãng nghiêm túc lắng nghe phản ánh và sớm có phương án xử lý dứt điểm.",negative
EVVN-00787,2022-05-11,Kia,YouTube,"Đối với chiếc Kia, sạc pin ở nhà vào ban đêm rất tiện lợi và kinh tế. Dẫu vậy, độ hoàn thiện dàn nhựa nội thất và các chi tiết cơ khí vẫn cần hãng trau chuốt thêm; nhìn chung thiết kế và vận hành rất tốt nhưng cần Kia mở rộng liên kết trạm sạc tại VN.",negative
EVVN-00788,2022-05-12,Hyundai,YouTube,"Chạy được gần 2 vạn km rồi mới dám lên bài, xe tăng tốc tức thì, vượt xe trên quốc lộ rất tự tin và an toàn, và chi phí sạc điện mỗi tháng chưa tới 800 nghìn, tiết kiệm hơn 70% so với tiền xăng trước kia. Rất đáng tiền trong phân khúc, hài lòng 9/10 điểm.",positive
EVVN-00789,2022-05-13,VinFast,Review site,Cảm nhận về chiếc VinFast: khả năng cách âm môi trường và gầm xe tốt hơn mong đợi rất nhiều. Trợ lý ảo ViVi nhận diện giọng nói tiếng Việt ba miền cực kỳ mượt mà. Cực kỳ ưng ý và sẽ tiếp tục ủng hộ xu hướng di chuyển xanh. Cảm nhận thực tế xe VinFast tại Việt Nam.,positive
EVVN-00790,2022-05-13,VinFast,Forum,"Bức xúc khi dùng VinFast: màn hình trung tâm thỉnh thoảng bị đơ đen sì khi đang chạy, camera lùi bị giật lag nghiêm trọng. Ngoài ra màn hình giải trí đôi khi khởi động lại bất thình lình khi xe đang chạy. Không thể chấp nhận một sản phẩm giá tiền tỷ mà lỗi vặt nhiều như thế này. (Cập nhật ODO vạn km đợt 2022).",negative
EVVN-00791,2022-05-13,BYD,Dealer,"Đối với chiếc BYD, sạc pin ở nhà vào ban đêm rất tiện lợi và kinh tế. Dẫu vậy, độ hoàn thiện dàn nhựa nội thất và các chi tiết cơ khí vẫn cần hãng trau chuốt thêm; nhìn chung xe lái chắc chắn và pin an toàn nhưng bài toán sạc phụ thuộc hoàn toàn vào bên thứ ba.",neutral
EVVN-00792,2022-05-14,BYD,Facebook,"Sau thời gian trải nghiệm BYD: điểm cộng lớn nhất là khả năng tăng tốc mượt mà, không mùi khí thải và không gian cabin thoáng đãng, bù lại việc đi xa vẫn cần phải lên kế hoạch lộ trình trạm sạc cẩn thận chứ không tiện như đổ xăng. Tóm lại xe rất hợp đi phố hàng ngày, còn đi phượt xa thì cần tính toán kỹ thời gian. Mình chia sẻ lên nhóm để anh em cùng thảo luận.",neutral
EVVN-00793,2022-05-14,MG,Dealer,"Nhận xét thực tế sau chuyến đi dài, xe lái đầm chắc, khung gầm dày dặn và nhiều công nghệ an toàn hiện đại, nhưng việc đi xa vẫn cần phải lên kế hoạch lộ trình trạm sạc cẩn thận chứ không tiện như đổ xăng. Đánh giá ở mức 7/10 điểm, cần thêm thời gian để hoàn thiện hạ tầng và phần mềm.",neutral
EVVN-00794,2022-05-15,VinFast,Forum,"Cân nhắc kỹ lưỡng ưu và nhược điểm, sạc pin ở nhà vào ban đêm rất tiện lợi và kinh tế, nhưng hạ tầng trạm sạc công cộng dịp lễ đông đúc phải chờ đợi khá sốt ruột. Nhìn chung là sản phẩm dùng được nhưng chưa thực sự hoàn hảo.",neutral
EVVN-00795,2022-05-15,Tesla,Review site,"Tổng kết khách quan cho bác nào đang tìm hiểu, vận hành trong đô thị rất nhàn nhã, máy êm, chi phí nuôi xe tiết kiệm thấy rõ, nhưng quãng đường chạy đường trường thực tế sẽ hụt bớt khoảng 20-30% nếu đạp thốc ga liên tục. Nhìn chung là sản phẩm dùng được nhưng chưa thực sự hoàn hảo.",neutral
EVVN-00796,2022-05-16,Wuling,Forum,"Lên đây cảnh báo thực tế cho anh em đang có ý định mua, tốc độ tối đa thấp và không đi được cao tốc, ra đường lớn gió thổi tạt hơi ghê. Điểm trừ nữa là ở chung cư không có chỗ cắm điện 220V thì không tài nào nuôi nổi xe. Trải nghiệm chưa xứng đáng với kỳ vọng ban đầu.",negative
EVVN-00797,2022-05-16,VinFast,Facebook,"Trải nghiệm thực tế sau 1 năm, xe lướt đi êm ru, người nhà ngồi sau trước đây hay say xe giờ đi thoải mái cả hành trình, hơn nữa chi phí sạc điện mỗi tháng chưa tới 800 nghìn, tiết kiệm hơn 70% so với tiền xăng trước kia. Một trải nghiệm nâng cấp chất lượng sống cho cả gia đình.",positive
EVVN-00798,2022-05-17,Tesla,Facebook,"Sau thời gian trải nghiệm Tesla: xe lái đầm chắc, khung gầm dày dặn và nhiều công nghệ an toàn hiện đại, bù lại hạ tầng trạm sạc công cộng dịp lễ đông đúc phải chờ đợi khá sốt ruột. Nhìn chung là sản phẩm dùng được nhưng chưa thực sự hoàn hảo.",neutral
EVVN-00799,2022-05-18,VinFast,Review site,Bức xúc khi dùng VinFast: phần mềm liên tục báo lỗi ảo và cảnh báo pin ảo khiến người lái hoang mang. Ngoài ra xưởng dịch vụ nhiều đợt đông nghẹt xe taxi vào sửa chữa nên khách cá nhân phải chờ lâu. Không thể chấp nhận một sản phẩm giá tiền tỷ mà lỗi vặt nhiều như thế này. (Cập nhật ODO vạn km đợt 2022).,negative
EVVN-00800,2022-05-18,BYD,Review site,"Trải nghiệm thực tế sau 1 năm, trọng tâm pin đặt dưới sàn giúp xe ôm cua cực kỳ đầm chắc, không bị vặn xoắn, và kinh tế nhất là sạc chậm qua đêm tại nhà với giá điện sinh hoạt, sáng ra pin đầy ắp sẵn sàng. Một trải nghiệm nâng cấp chất lượng sống cho cả gia đình.",positive
EVVN-00801,2022-05-19,Kia,Dealer,"Test thử cao tốc đợt cuối tuần, buổi trưa nằm nghỉ trong xe bật điều hòa thoải mái mà không sợ ngạt khí CO độc hại, kèm theo đó tiền sạc rẻ giật mình, mỗi km tính ra chỉ tốn tầm 400 đến 500 đồng. Rất đáng tiền trong phân khúc, hài lòng 9/10 điểm.",positive
EVVN-00802,2022-05-19,Kia,YouTube,"Nhận xét thực tế sau chuyến đi dài, xe lái đầm chắc, khung gầm dày dặn và nhiều công nghệ an toàn hiện đại, nhưng việc đi xa vẫn cần phải lên kế hoạch lộ trình trạm sạc cẩn thận chứ không tiện như đổ xăng. Xe có ưu nhược điểm riêng, ai chấp nhận được điểm trừ thì dùng rất ổn.",neutral
EVVN-00803,2022-05-19,VinFast,Review site,"Không tâng bốc cũng không dìm hàng, cần thêm vài bản cập nhật OTA nữa để phần mềm đạt độ ổn định tuyệt đối. Về cơ bản sạc pin ở nhà vào ban đêm rất tiện lợi và kinh tế, nhưng việc đi xa vẫn cần phải lên kế hoạch lộ trình trạm sạc cẩn thận chứ không tiện như đổ xăng.",neutral
EVVN-00804,2022-05-20,VinFast,YouTube,"Không tâng bốc cũng không dìm hàng, lợi thế hệ thống trạm sạc VinFast tại Việt Nam áp đảo hoàn toàn so với mọi đối thủ. Về cơ bản vận hành trong đô thị rất nhàn nhã, máy êm, chi phí nuôi xe tiết kiệm thấy rõ, nhưng độ hoàn thiện dàn nhựa nội thất và các chi tiết cơ khí vẫn cần hãng trau chuốt thêm.",neutral
EVVN-00805,2022-05-20,MG,Facebook,"Khen chê rõ ràng cho anh em tham khảo, lựa chọn kinh tế cho người mua xe điện lần đầu muốn trải nghiệm. Về cơ bản ưu điểm là xe chạy cực kỳ êm ái, bốc ga nhanh và chi phí tiền điện hàng tháng rất rẻ, nhưng trần kính mùa hè khá nóng nếu không dán thêm phim cách nhiệt xịn và lắp rèm che.",neutral
EVVN-00806,2022-05-20,VinFast,Forum,"Ấn tượng nhất sau thời gian dài sử dụng là xe tăng tốc tức thì, vượt xe trên quốc lộ rất tự tin và an toàn, đồng thời tiền sạc rẻ giật mình, mỗi km tính ra chỉ tốn tầm 400 đến 500 đồng. Nói chung quyết định chuyển sang xe điện là hoàn toàn sáng suốt.",positive
EVVN-00807,2022-05-20,Tesla,Dealer,"Chạy được gần 2 vạn km rồi mới dám lên bài, điểm cộng là Autopilot hỗ trợ tự lái thông minh và giữ làn mượt mà nhất thị trường. Thêm vào đó, các bản cập nhật phần mềm từ xa OTA ngày càng hoàn thiện, xe đi mượt hơn hẳn. Một trải nghiệm nâng cấp chất lượng sống cho cả gia đình.",positive
EVVN-00808,2022-05-21,MG,Forum,"Sau thời gian trải nghiệm MG: sạc pin ở nhà vào ban đêm rất tiện lợi và kinh tế, bù lại phần mềm thỉnh thoảng vẫn dính lỗi vặt linh tinh và cần khởi động lại. Tóm lại xe rất hợp đi phố hàng ngày, còn đi phượt xa thì cần tính toán kỹ thời gian. Bác nào đang chạy dòng này vào chia sẻ thêm kinh nghiệm nhé.",neutral
EVVN-00809,2022-05-21,Kia,Forum,"Chạy được gần 2 vạn km rồi mới dám lên bài, điểm cộng là công nghệ pin sạc nhanh tiên tiến và trang bị tiện nghi dồi dào. Thêm vào đó, hệ thống kiểm soát hành trình thích ứng và hỗ trợ giữ làn lái rất nhàn trên cao tốc. Một trải nghiệm nâng cấp chất lượng sống cho cả gia đình.",positive
EVVN-00810,2022-05-21,Wuling,Review site,"Cảm nhận thật lòng sau vài tháng đón con đi học, xe mini nhỏ gọn luồn lách ngõ hẹp cực kỳ linh hoạt, kèm theo đó cắm sạc trực tiếp ổ điện 220V gia đình qua đêm rất tiện lợi. Rất ưng ý với số tiền bỏ ra, phù hợp nhu cầu gia đình nhỏ.",neutral
EVVN-00811,2022-05-22,VinFast,YouTube,"Lần đầu đi phượt đèo dốc bằng xe điện, thích nhất tính năng bật điều hòa từ xa trước khi lên xe, mùa hè vào xe mát rượi ngay, song song với đó tiền sạc rẻ giật mình, mỗi km tính ra chỉ tốn tầm 400 đến 500 đồng. Một trải nghiệm nâng cấp chất lượng sống cho cả gia đình.",neutral
EVVN-00812,2022-05-22,BYD,Review site,"Sau 15.000 km lăn bánh, xe tăng tốc tức thì, vượt xe trên quốc lộ rất tự tin và an toàn, đồng thời chi phí sạc điện mỗi tháng chưa tới 800 nghìn, tiết kiệm hơn 70% so với tiền xăng trước kia. Chấm điểm 9.5/10 cho độ êm ái và hiệu quả kinh tế.",positive
EVVN-00813,2022-05-23,VinFast,Facebook,"Từ xe xăng đổi qua xe điện, điểm cộng là hệ thống trạm sạc V-Green phủ khắp 63 tỉnh thành từ cao tốc tới huyện xã. Thêm vào đó, màn hình giải trí sắc nét, cảm ứng mượt mà và hỗ trợ kết nối không dây rất tiện. Rất đáng tiền trong phân khúc, hài lòng 9/10 điểm.",positive
EVVN-00814,2022-05-23,BYD,Review site,"Góc nhìn trung lập sau 6 tháng sử dụng, chất lượng hoàn thiện tốt trong tầm giá xe nhập khẩu. Về cơ bản vận hành trong đô thị rất nhàn nhã, máy êm, chi phí nuôi xe tiết kiệm thấy rõ, nhưng hạ tầng trạm sạc công cộng dịp lễ đông đúc phải chờ đợi khá sốt ruột.",neutral
EVVN-00815,2022-05-24,VinFast,YouTube,"Bức xúc khi dùng VinFast: cảm biến va chạm và radar hú còi loạn xạ dù đường hoàn toàn thông thoáng. Ngoài ra xưởng dịch vụ nhiều đợt đông nghẹt xe taxi vào sửa chữa nên khách cá nhân phải chờ lâu. Thực sự thất vọng, khuyên thật lòng anh em nên cân nhắc kỹ trước khi xuống tiền.",neutral
EVVN-00816,2022-05-24,Hyundai,Dealer,"Vừa bực vừa ức chế, trải nghiệm thực sự tệ khi khoang hành lý quá chật hẹp, không thể nhét vừa hai chiếc vali cỡ trung cho chuyến đi xa. Đáng nói nhất là mạng lưới trụ sạc công cộng của Hyundai ở Việt Nam còn quá ít ỏi. Thực sự thất vọng, khuyên thật lòng anh em nên cân nhắc kỹ trước khi xuống tiền. Cảm nhận nhanh sau buổi nhận bàn giao xe tại đại lý.",negative
EVVN-00817,2022-05-25,Hyundai,Dealer,"Hôm qua suýt nằm đường vì, nhiều điểm trạm sạc ngoài trời không có mái che, trời mưa bão cắm sạc vừa ướt vừa bất an. Thất vọng hơn là trần kính toàn cảnh vào mùa hè Hà Nội nắng 40 độ hấp nhiệt nóng rát đỉnh đầu, bật điều hòa max vẫn toát mồ hôi. Đang tính chuyện bán lỗ để quay về xe xăng cho đỡ đau đầu.",negative
EVVN-00818,2022-05-26,BYD,Dealer,"Ấn tượng nhất sau thời gian dài sử dụng là trọng tâm pin đặt dưới sàn giúp xe ôm cua cực kỳ đầm chắc, không bị vặn xoắn, hơn nữa tính bài toán vận hành lâu dài thì kinh tế hơn hẳn các dòng xe xăng cùng tầm giá. Cực kỳ ưng ý và sẽ tiếp tục ủng hộ xu hướng di chuyển xanh.",positive
EVVN-00819,2022-05-27,Hyundai,YouTube,"Không tâng bốc cũng không dìm hàng, xe đẹp và sang trọng nhưng chỉ phù hợp gia đình có gara riêng. Về cơ bản xe lái đầm chắc, khung gầm dày dặn và nhiều công nghệ an toàn hiện đại, nhưng quãng đường chạy đường trường thực tế sẽ hụt bớt khoảng 20-30% nếu đạp thốc ga liên tục.",neutral
EVVN-00820,2022-05-28,VinFast,Forum,"Nhà mình chạy được 1 vạn km, hệ thống kiểm soát hành trình thích ứng và hỗ trợ giữ làn lái rất nhàn trên cao tốc, song song với đó tiền sạc rẻ giật mình, mỗi km tính ra chỉ tốn tầm 400 đến 500 đồng. Cực kỳ ưng ý và sẽ tiếp tục ủng hộ xu hướng di chuyển xanh.",positive
EVVN-00821,2022-05-28,VinFast,Review site,"Lúc đầu cũng đắn đo nhưng chốt xe xong thấy, màn hình giải trí sắc nét, cảm ứng mượt mà và hỗ trợ kết nối không dây rất tiện, kèm theo đó kinh tế nhất là sạc chậm qua đêm tại nhà với giá điện sinh hoạt, sáng ra pin đầy ắp sẵn sàng. Cực kỳ ưng ý và sẽ tiếp tục ủng hộ xu hướng di chuyển xanh.",neutral
EVVN-00822,2022-05-28,Tesla,Forum,"Vừa bực vừa ức chế, dịp lễ cao điểm trạm sạc nào cũng quá tải, xếp hàng dài chờ hơn 1 tiếng rưỡi mới đến lượt cắm sạc. Thất vọng hơn là quãng đường thực tế hao hụt gần 35% so với công bố khi chạy cao tốc kèm bật điều hòa gió lớn. Đang tính chuyện bán lỗ để quay về xe xăng cho đỡ đau đầu.",negative
EVVN-00823,2022-05-28,Kia,Forum,"Đối với chiếc Kia, xe lái đầm chắc, khung gầm dày dặn và nhiều công nghệ an toàn hiện đại. Dẫu vậy, trần kính mùa hè khá nóng nếu không dán thêm phim cách nhiệt xịn và lắp rèm che; nhìn chung chạy phố rất nổi bật nhưng đi xa phải tính toán kỹ.",neutral
EVVN-00824,2022-05-29,MG,YouTube,"Đối với chiếc MG, ưu điểm là xe chạy cực kỳ êm ái, bốc ga nhanh và chi phí tiền điện hàng tháng rất rẻ. Dẫu vậy, việc đi xa vẫn cần phải lên kế hoạch lộ trình trạm sạc cẩn thận chứ không tiện như đổ xăng; nhìn chung xe lái hay và giá mềm nhưng hệ sinh thái trạm sạc còn cần nhiều thời gian để hoàn thiện.",neutral
EVVN-00825,2022-05-29,Hyundai,Dealer,"Chia sẻ công tâm sau thời gian trải nghiệm, xe đẹp và sang trọng nhưng chỉ phù hợp gia đình có gara riêng. Về cơ bản xe lái đầm chắc, khung gầm dày dặn và nhiều công nghệ an toàn hiện đại, nhưng việc đi xa vẫn cần phải lên kế hoạch lộ trình trạm sạc cẩn thận chứ không tiện như đổ xăng.",neutral
EVVN-00826,2022-05-29,VinFast,Forum,Bức xúc khi dùng VinFast: cảm biến va chạm và radar hú còi loạn xạ dù đường hoàn toàn thông thoáng. Ngoài ra xưởng dịch vụ nhiều đợt đông nghẹt xe taxi vào sửa chữa nên khách cá nhân phải chờ lâu. Quá mệt mỏi vì suốt ngày phải lo nghĩ chuyện sạc pin và lỗi phần mềm.,neutral
EVVN-00827,2022-05-29,Hyundai,YouTube,"Hôm qua suýt nằm đường vì, trải nghiệm thực sự tệ khi trần kính toàn cảnh vào mùa hè Hà Nội nắng 40 độ hấp nhiệt nóng rát đỉnh đầu, bật điều hòa max vẫn toát mồ hôi. Đáng nói nhất là mức giá niêm yết khá cao so với mặt bằng thu nhập số đông. Thực sự thất vọng, khuyên thật lòng anh em nên cân nhắc kỹ trước khi xuống tiền.",negative
EVVN-00828,2022-05-29,VinFast,Dealer,"Nhà mình chạy được 1 vạn km, màn hình giải trí sắc nét, cảm ứng mượt mà và hỗ trợ kết nối không dây rất tiện, song song với đó kinh tế nhất là sạc chậm qua đêm tại nhà với giá điện sinh hoạt, sáng ra pin đầy ắp sẵn sàng. Thực sự vượt ngoài mong đợi ban đầu của mình.",positive
EVVN-00829,2022-05-29,Tesla,Dealer,"Không tâng bốc cũng không dìm hàng, công nghệ đi trước thời đại nhưng việc sạc và bảo dưỡng xe tư nhân tại VN khá nan giải. Về cơ bản vận hành trong đô thị rất nhàn nhã, máy êm, chi phí nuôi xe tiết kiệm thấy rõ, nhưng trần kính mùa hè khá nóng nếu không dán thêm phim cách nhiệt xịn và lắp rèm che.",neutral
EVVN-00830,2022-05-30,BYD,Forum,"Trải nghiệm thực tế sau 1 năm, trọng tâm pin đặt dưới sàn giúp xe ôm cua cực kỳ đầm chắc, không bị vặn xoắn, và khoản bảo dưỡng định kỳ rất nhàn, không phải thay dầu máy hay bugi lọc gió phức tạp. Ai còn phân vân thì nên lái thử một lần, đảm bảo không muốn quay lại xe xăng.",neutral
EVVN-00831,2022-05-31,Kia,Review site,"Vừa bực vừa ức chế, ở chung cư không có trụ sạc AC, đi làm về mệt mỏi lại phải lang thang tìm trụ sạc nhanh rất bất tiện. Thất vọng hơn là độ hoàn thiện các khe hở thân vỏ không đều, gioăng cao su cửa cách âm kém nghe rõ tiếng gió rít khi lên 100km/h. Quá mệt mỏi vì suốt ngày phải lo nghĩ chuyện sạc pin và lỗi phần mềm.",negative
EVVN-00832,2022-05-31,MG,YouTube,"Không tâng bốc cũng không dìm hàng, xe lái hay và giá mềm nhưng hệ sinh thái trạm sạc còn cần nhiều thời gian để hoàn thiện. Về cơ bản xe lái đầm chắc, khung gầm dày dặn và nhiều công nghệ an toàn hiện đại, nhưng quãng đường chạy đường trường thực tế sẽ hụt bớt khoảng 20-30% nếu đạp thốc ga liên tục.",neutral
EVVN-00833,2022-06-01,BYD,YouTube,"Dưới góc nhìn người dùng thực tế, xe lái chắc chắn và pin an toàn nhưng bài toán sạc phụ thuộc hoàn toàn vào bên thứ ba. Về cơ bản sạc pin ở nhà vào ban đêm rất tiện lợi và kinh tế, nhưng hạ tầng trạm sạc công cộng dịp lễ đông đúc phải chờ đợi khá sốt ruột.",neutral
EVVN-00834,2022-06-02,BYD,Dealer,"Đối với chiếc BYD, xe lái đầm chắc, khung gầm dày dặn và nhiều công nghệ an toàn hiện đại. Dẫu vậy, phần mềm thỉnh thoảng vẫn dính lỗi vặt linh tinh và cần khởi động lại; nhìn chung xe lái chắc chắn và pin an toàn nhưng bài toán sạc phụ thuộc hoàn toàn vào bên thứ ba.",neutral
EVVN-00835,2022-06-02,BYD,Facebook,"Quá mệt mỏi sau chuyến đi tỉnh cuối tuần, dọc đường miền núi trạm sạc quá thưa thớt, vừa đi vừa run sợ hết pin giữa đèo, thêm vào đó hệ thống nhận diện giọng nói ngô nghê, gọi mãi không hiểu khẩu lệnh cơ bản. Nếu được chọn lại chắc chắn mình sẽ trung thành với xe xăng truyền thống.",neutral
EVVN-00836,2022-06-03,MG,Dealer,"Cảm nhận về chiếc MG: khả năng cách âm môi trường và gầm xe tốt hơn mong đợi rất nhiều. Mức giá tiếp cận hợp lý so với công năng xe điện mang lại. Rất đáng tiền trong phân khúc, hài lòng 9/10 điểm.",positive
EVVN-00837,2022-06-03,BYD,Dealer,"Nhà mình chạy được 1 vạn km, xe lướt đi êm ru, người nhà ngồi sau trước đây hay say xe giờ đi thoải mái cả hành trình, và chi phí sạc điện mỗi tháng chưa tới 800 nghìn, tiết kiệm hơn 70% so với tiền xăng trước kia. Chấm điểm 9.5/10 cho độ êm ái và hiệu quả kinh tế.",positive
EVVN-00838,2022-06-03,Kia,Dealer,"Chạy dịch vụ cày cuốc cả ngày, buổi trưa nằm nghỉ trong xe bật điều hòa thoải mái mà không sợ ngạt khí CO độc hại, kèm theo đó khoản bảo dưỡng định kỳ rất nhàn, không phải thay dầu máy hay bugi lọc gió phức tạp. Ai còn phân vân thì nên lái thử một lần, đảm bảo không muốn quay lại xe xăng.",positive
EVVN-00839,2022-06-03,BYD,Forum,"Dùng được vài tuần bắt đầu phát sinh nhiều vấn đề, trải nghiệm thực sự tệ khi trần kính toàn cảnh vào mùa hè Hà Nội nắng 40 độ hấp nhiệt nóng rát đỉnh đầu, bật điều hòa max vẫn toát mồ hôi. Đáng nói nhất là giá phụ tùng linh kiện nhập khẩu còn tương đối cao. Thực sự thất vọng, khuyên thật lòng anh em nên cân nhắc kỹ trước khi xuống tiền.",neutral
EVVN-00840,2022-06-04,VinFast,Dealer,"Lên đây cảnh báo cho anh em đang có ý định mua, trải nghiệm thực sự tệ khi khoang hành lý quá chật hẹp, không thể nhét vừa hai chiếc vali cỡ trung cho chuyến đi xa. Đáng nói nhất là chính sách gói cước và thuê pin thay đổi khiến nhiều chủ xe đời đầu hơi hụt hẫng. Đang tính chuyện bán lỗ để quay về xe xăng cho đỡ đau đầu.",negative
EVVN-00841,2022-06-04,MG,Forum,"Từ xe xăng đổi qua xe điện, khả năng cách âm môi trường và gầm xe tốt hơn mong đợi rất nhiều, đồng thời khoản bảo dưỡng định kỳ rất nhàn, không phải thay dầu máy hay bugi lọc gió phức tạp. Thực sự vượt ngoài mong đợi ban đầu của mình.",positive
EVVN-00842,2022-06-05,Hyundai,YouTube,"Sau thời gian trải nghiệm Hyundai: điểm cộng lớn nhất là khả năng tăng tốc mượt mà, không mùi khí thải và không gian cabin thoáng đãng, bù lại việc đi xa vẫn cần phải lên kế hoạch lộ trình trạm sạc cẩn thận chứ không tiện như đổ xăng. Đánh giá ở mức 7/10 điểm, cần thêm thời gian để hoàn thiện hạ tầng và phần mềm.",neutral
EVVN-00843,2022-06-06,MG,Dealer,"Đi làm hằng ngày với em nó, điểm cộng là mức giá tiếp cận hợp lý so với công năng xe điện mang lại. Thêm vào đó, các bản cập nhật phần mềm từ xa OTA ngày càng hoàn thiện, xe đi mượt hơn hẳn. Chấm điểm 9.5/10 cho độ êm ái và hiệu quả kinh tế.",positive
EVVN-00844,2022-06-06,Hyundai,Dealer,"Đổi từ sedan Nhật sang xe điện, hệ thống kiểm soát hành trình thích ứng và hỗ trợ giữ làn lái rất nhàn trên cao tốc, kèm theo đó khoản bảo dưỡng định kỳ rất nhàn, không phải thay dầu máy hay bugi lọc gió phức tạp. Thực sự vượt ngoài mong đợi ban đầu của mình. Cảm nhận nhanh sau buổi nhận bàn giao xe tại đại lý.",positive
EVVN-00845,2022-06-06,MG,Dealer,"Bức xúc khi dùng MG: hệ thống nhận diện giọng nói ngô nghê, gọi mãi không hiểu khẩu lệnh cơ bản. Ngoài ra chất liệu nhựa nội thất chưa thật sự tinh xảo. Không thể chấp nhận một sản phẩm giá tiền tỷ mà lỗi vặt nhiều như thế này.",negative
EVVN-00846,2022-06-06,Wuling,Forum,"Khen chê rõ ràng chiếc xe mini nhỏ nhất thị trường, điểm cộng là che nắng che mưa đưa đón con đi học trong phố rất tiện lợi và kinh tế, tuy nhiên tốc độ thấp và tầm hoạt động ngắn nên không thể đi phượt hay chạy xa. Tùy vào nhu cầu thực tế và điều kiện chỗ sạc tại nhà của mỗi người.",neutral
EVVN-00847,2022-06-08,VinFast,Facebook,"Không tâng bốc cũng không dìm hàng, sạc pin ở nhà vào ban đêm rất tiện lợi và kinh tế, nhưng phần mềm thỉnh thoảng vẫn dính lỗi vặt linh tinh và cần khởi động lại. Nhìn chung là sản phẩm dùng được nhưng chưa thực sự hoàn hảo.",neutral
EVVN-00848,2022-06-08,Kia,Dealer,"Thật sự ngán ngẩm với chất lượng hoàn thiện, dịp lễ cao điểm trạm sạc nào cũng quá tải, xếp hàng dài chờ hơn 1 tiếng rưỡi mới đến lượt cắm sạc, chưa kể lỗi ắc quy 12V tụt áp bất thình lình làm xe không khởi động được, phải gọi xe cứu hộ kéo về. Trải nghiệm chưa xứng đáng với kỳ vọng và số tiền bỏ ra.",negative
EVVN-00849,2022-06-08,BYD,YouTube,"Chia sẻ công tâm sau thời gian trải nghiệm, vận hành trong đô thị rất nhàn nhã, máy êm, chi phí nuôi xe tiết kiệm thấy rõ, nhưng quãng đường chạy đường trường thực tế sẽ hụt bớt khoảng 20-30% nếu đạp thốc ga liên tục. Tóm lại xe rất hợp đi phố hàng ngày, còn đi phượt xa thì cần tính toán kỹ thời gian.",negative
EVVN-00850,2022-06-08,Hyundai,Forum,"Đi phố mỗi ngày vào giờ cao điểm mới thấy, hệ thống kiểm soát hành trình thích ứng và hỗ trợ giữ làn lái rất nhàn trên cao tốc, song song với đó tính bài toán vận hành lâu dài thì kinh tế hơn hẳn các dòng xe xăng cùng tầm giá. Cực kỳ ưng ý và sẽ tiếp tục ủng hộ xu hướng di chuyển xanh. Góc nhìn chân thực từ thành viên Forum.",positive
EVVN-00851,2022-06-09,Hyundai,Review site,"Lúc đầu cũng đắn đo nhưng chốt xe xong thấy, điểm cộng là Ioniq 5 thiết kế phong cách Pixel retro tương lai cực kỳ ấn tượng. Thêm vào đó, các bản cập nhật phần mềm từ xa OTA ngày càng hoàn thiện, xe đi mượt hơn hẳn. Rất đáng tiền trong phân khúc, hài lòng 9/10 điểm.",positive
EVVN-00852,2022-06-09,VinFast,Forum,"Đi phố mỗi ngày vào giờ cao điểm mới thấy, xe tăng tốc tức thì, vượt xe trên quốc lộ rất tự tin và an toàn, đồng thời chi phí sạc điện mỗi tháng chưa tới 800 nghìn, tiết kiệm hơn 70% so với tiền xăng trước kia. Nói chung quyết định chuyển sang xe điện là hoàn toàn sáng suốt.",positive
EVVN-00853,2022-06-11,MG,Facebook,"Đối với chiếc MG, xe lái đầm chắc, khung gầm dày dặn và nhiều công nghệ an toàn hiện đại. Dẫu vậy, phần mềm thỉnh thoảng vẫn dính lỗi vặt linh tinh và cần khởi động lại; nhìn chung lựa chọn kinh tế cho người mua xe điện lần đầu muốn trải nghiệm.",neutral
EVVN-00854,2022-06-11,Hyundai,Facebook,"Đánh giá khách quan sau vài nghìn km, xe đẹp và sang trọng nhưng chỉ phù hợp gia đình có gara riêng. Về cơ bản xe lái đầm chắc, khung gầm dày dặn và nhiều công nghệ an toàn hiện đại, nhưng độ hoàn thiện dàn nhựa nội thất và các chi tiết cơ khí vẫn cần hãng trau chuốt thêm. Mình chia sẻ lên nhóm để anh em cùng thảo luận.",neutral
EVVN-00855,2022-06-11,Wuling,Facebook,"Sau gần 8 tháng sử dụng đi phố, chở 2 mẹ con che nắng mưa mùa đông hè rất tiện, kèm theo đó tiền điện sạc tại nhà mỗi tháng chỉ tầm 200 đến 300 nghìn, rẻ ngang xe máy số. Rất ưng ý với số tiền bỏ ra, phù hợp nhu cầu gia đình nhỏ. Mình chia sẻ lên nhóm để anh em cùng thảo luận.",positive
EVVN-00856,2022-06-12,VinFast,Forum,"Cảm nhận về chiếc VinFast: khả năng cách âm môi trường và gầm xe tốt hơn mong đợi rất nhiều. Khung gầm đầm chắc chuẩn xe Đức, ôm cua ở tốc độ cao rất vững vàng. Ai còn phân vân thì nên lái thử một lần, đảm bảo không muốn quay lại xe xăng.",positive
EVVN-00857,2022-06-12,VinFast,Facebook,"Bức xúc khi dùng VinFast: lỗi ắc quy 12V tụt áp bất thình lình làm xe không khởi động được, phải gọi xe cứu hộ kéo về. Ngoài ra chính sách gói cước và thuê pin thay đổi khiến nhiều chủ xe đời đầu hơi hụt hẫng. Không thể chấp nhận một sản phẩm giá tiền tỷ mà lỗi vặt nhiều như thế này.",negative
EVVN-00858,2022-06-12,Tesla,Forum,"Chia sẻ công tâm sau thời gian trải nghiệm, xe rất hợp cho người đam mê công nghệ và có sẵn chỗ sạc tại nhà. Về cơ bản vận hành trong đô thị rất nhàn nhã, máy êm, chi phí nuôi xe tiết kiệm thấy rõ, nhưng việc đi xa vẫn cần phải lên kế hoạch lộ trình trạm sạc cẩn thận chứ không tiện như đổ xăng. Bác nào đang chạy dòng này vào chia sẻ thêm kinh nghiệm nhé.",neutral
EVVN-00859,2022-06-12,Kia,Dealer,"Cảm nhận về chiếc Kia: phanh tái sinh chỉnh mức vừa đi rất mượt, đi trong phố đông gần như chỉ cần dùng một bàn đạp. EV6 dáng crossover thể thao bắt mắt và khí động học. Chấm điểm 9.5/10 cho độ êm ái và hiệu quả kinh tế.",positive
EVVN-00860,2022-06-12,BYD,Facebook,"Gặp sự cố giữa đường mới thấy, ra đến trạm sạc cao tốc thì 3 trụ báo lỗi hỏng, trụ duy nhất còn lại thì bị xe xăng đỗ chiếm chỗ vô ý thức, chưa kể cảm biến va chạm và radar hú còi loạn xạ dù đường hoàn toàn thông thoáng. Đang tính chuyện bán lỗ để quay về xe xăng cho đỡ đau đầu.",negative
EVVN-00861,2022-06-13,BYD,Facebook,"Cảm nhận về chiếc BYD: trọng tâm pin đặt dưới sàn giúp xe ôm cua cực kỳ đầm chắc, không bị vặn xoắn. Màn hình xoay 15.6 inch sắc nét và độ phản hồi cảm ứng rất nhanh. Một trải nghiệm nâng cấp chất lượng sống cho cả gia đình.",neutral
EVVN-00862,2022-06-13,Hyundai,Forum,"Sau 15.000 km lăn bánh, điểm cộng là Ioniq 5 thiết kế phong cách Pixel retro tương lai cực kỳ ấn tượng. Thêm vào đó, hệ thống kiểm soát hành trình thích ứng và hỗ trợ giữ làn lái rất nhàn trên cao tốc. Thực sự vượt ngoài mong đợi ban đầu của mình.",neutral
EVVN-00863,2022-06-13,VinFast,Forum,"Cân nhắc kỹ lưỡng ưu và nhược điểm, lợi thế hệ thống trạm sạc VinFast tại Việt Nam áp đảo hoàn toàn so với mọi đối thủ. Về cơ bản xe lái đầm chắc, khung gầm dày dặn và nhiều công nghệ an toàn hiện đại, nhưng trần kính mùa hè khá nóng nếu không dán thêm phim cách nhiệt xịn và lắp rèm che.",neutral
EVVN-00864,2022-06-15,VinFast,YouTube,"Cần phản ánh nghiêm túc về tình trạng, tốc độ sạc bị bóp công suất tụt thảm hại khi có nhiều xe cùng cắm sạc một lúc. Thất vọng hơn là chất liệu nhựa nội thất ọp ẹp, đi vào đường xấu phát ra tiếng kêu cọt kẹt rất khó chịu. Quá mệt mỏi vì suốt ngày phải lo nghĩ chuyện sạc pin và lỗi phần mềm.",negative
EVVN-00865,2022-06-15,BYD,Dealer,"Đi làm hằng ngày với em nó, điểm cộng là màn hình xoay 15.6 inch sắc nét và độ phản hồi cảm ứng rất nhanh. Thêm vào đó, buổi trưa nằm nghỉ trong xe bật điều hòa thoải mái mà không sợ ngạt khí CO độc hại. Rất đáng tiền trong phân khúc, hài lòng 9/10 điểm.",positive
EVVN-00866,2022-06-15,Tesla,Forum,"Bức xúc khi dùng Tesla: cảm biến va chạm và radar hú còi loạn xạ dù đường hoàn toàn thông thoáng. Ngoài ra chưa có showroom và trạm sạc Supercharger chính hãng tại VN, phải mua cổng chuyển CCS2 đắt đỏ. Quá mệt mỏi vì suốt ngày phải lo nghĩ chuyện sạc pin và lỗi phần mềm.",neutral
EVVN-00867,2022-06-15,BYD,Review site,"Không tâng bốc cũng không dìm hàng, điểm cộng lớn nhất là khả năng tăng tốc mượt mà, không mùi khí thải và không gian cabin thoáng đãng, nhưng việc đi xa vẫn cần phải lên kế hoạch lộ trình trạm sạc cẩn thận chứ không tiện như đổ xăng. Xe có ưu nhược điểm riêng, ai chấp nhận được điểm trừ thì dùng rất ổn.",neutral
EVVN-00868,2022-06-15,Tesla,Dealer,"Bức xúc khi dùng Tesla: phần mềm liên tục báo lỗi ảo và cảnh báo pin ảo khiến người lái hoang mang. Ngoài ra chưa có showroom và trạm sạc Supercharger chính hãng tại VN, phải mua cổng chuyển CCS2 đắt đỏ. Quá mệt mỏi vì suốt ngày phải lo nghĩ chuyện sạc pin và lỗi phần mềm.",negative
EVVN-00869,2022-06-16,VinFast,Forum,"Thất vọng toàn tập với chuyến đi vừa rồi, tốc độ sạc bị bóp công suất tụt thảm hại khi có nhiều xe cùng cắm sạc một lúc, chưa kể màn hình trung tâm thỉnh thoảng bị đơ đen sì khi đang chạy, camera lùi bị giật lag nghiêm trọng. Không thể chấp nhận một sản phẩm giá tiền tỷ mà lỗi vặt nhiều như thế này.",negative
EVVN-00870,2022-06-17,Kia,Dealer,"Sau thời gian trải nghiệm Kia: ưu điểm là xe chạy cực kỳ êm ái, bốc ga nhanh và chi phí tiền điện hàng tháng rất rẻ, bù lại trần kính mùa hè khá nóng nếu không dán thêm phim cách nhiệt xịn và lắp rèm che. Tóm lại xe rất hợp đi phố hàng ngày, còn đi phượt xa thì cần tính toán kỹ thời gian.",neutral
EVVN-00871,2022-06-17,Wuling,Forum,"Đánh giá khách quan cho bác nào đang tìm hiểu dòng mini, vận hành đô thị linh hoạt, bán kính quay đầu nhỏ và máy chạy êm, đổi lại trang bị an toàn ở mức tối thiểu và khoang chở đồ rất hạn chế. Tùy vào nhu cầu thực tế và điều kiện chỗ sạc tại nhà của mỗi người. Bác nào đang chạy dòng này vào chia sẻ thêm kinh nghiệm nhé.",neutral
EVVN-00872,2022-06-17,Tesla,Dealer,"Chia sẻ trải nghiệm không mấy vui vẻ sau 2 tháng, trải nghiệm thực sự tệ khi trần kính toàn cảnh vào mùa hè Hà Nội nắng 40 độ hấp nhiệt nóng rát đỉnh đầu, bật điều hòa max vẫn toát mồ hôi. Đáng nói nhất là chưa có showroom và trạm sạc Supercharger chính hãng tại VN, phải mua cổng chuyển CCS2 đắt đỏ. Quá mệt mỏi vì suốt ngày phải lo nghĩ chuyện sạc pin và lỗi phần mềm. Cảm nhận nhanh sau buổi nhận bàn giao xe tại đại lý.",negative
EVVN-00873,2022-06-18,Hyundai,Review site,"Sau thời gian trải nghiệm Hyundai: ưu điểm là xe chạy cực kỳ êm ái, bốc ga nhanh và chi phí tiền điện hàng tháng rất rẻ, bù lại độ hoàn thiện dàn nhựa nội thất và các chi tiết cơ khí vẫn cần hãng trau chuốt thêm. Xe có ưu nhược điểm riêng, ai chấp nhận được điểm trừ thì dùng rất ổn.",neutral
EVVN-00874,2022-06-18,Tesla,YouTube,"Trải nghiệm thực tế sau 1 năm, xe lướt đi êm ru, người nhà ngồi sau trước đây hay say xe giờ đi thoải mái cả hành trình, và kinh tế nhất là sạc chậm qua đêm tại nhà với giá điện sinh hoạt, sáng ra pin đầy ắp sẵn sàng. Thực sự vượt ngoài mong đợi ban đầu của mình. Chi tiết hơn mời anh em xem trong video trải nghiệm của mình nhé.",positive
EVVN-00875,2022-06-18,Tesla,Review site,"Cảm nhận về chiếc Tesla: vận hành êm ái tuyệt đối, không rung giật và chấm dứt hẳn mùi xăng khó chịu. Autopilot hỗ trợ tự lái thông minh và giữ làn mượt mà nhất thị trường. Một trải nghiệm nâng cấp chất lượng sống cho cả gia đình.",positive
EVVN-00876,2022-06-19,VinFast,Facebook,"Quá mệt mỏi sau chuyến đi tỉnh cuối tuần, nhiều điểm trạm sạc ngoài trời không có mái che, trời mưa bão cắm sạc vừa ướt vừa bất an. Thất vọng hơn là trần kính toàn cảnh vào mùa hè Hà Nội nắng 40 độ hấp nhiệt nóng rát đỉnh đầu, bật điều hòa max vẫn toát mồ hôi. Nếu được chọn lại chắc chắn mình sẽ trung thành với xe xăng truyền thống.",neutral
EVVN-00877,2022-06-19,Tesla,Facebook,"Cân nhắc kỹ lưỡng ưu và nhược điểm, sạc pin ở nhà vào ban đêm rất tiện lợi và kinh tế, nhưng hạ tầng trạm sạc công cộng dịp lễ đông đúc phải chờ đợi khá sốt ruột. Đánh giá ở mức 7/10 điểm, cần thêm thời gian để hoàn thiện hạ tầng và phần mềm. Cảm nhận thực tế xe Tesla tại Việt Nam.",neutral
EVVN-00878,2022-06-19,VinFast,Dealer,"Thật sự ngán ngẩm với chất lượng hoàn thiện, trải nghiệm thực sự tệ khi độ hoàn thiện các khe hở thân vỏ không đều, gioăng cao su cửa cách âm kém nghe rõ tiếng gió rít khi lên 100km/h. Đáng nói nhất là chính sách gói cước và thuê pin thay đổi khiến nhiều chủ xe đời đầu hơi hụt hẫng. Trải nghiệm chưa xứng đáng với kỳ vọng và số tiền bỏ ra.",neutral
EVVN-00879,2022-06-20,VinFast,Facebook,"Không tâng bốc cũng không dìm hàng, cần thêm vài bản cập nhật OTA nữa để phần mềm đạt độ ổn định tuyệt đối. Về cơ bản điểm cộng lớn nhất là khả năng tăng tốc mượt mà, không mùi khí thải và không gian cabin thoáng đãng, nhưng trần kính mùa hè khá nóng nếu không dán thêm phim cách nhiệt xịn và lắp rèm che.",positive
EVVN-00880,2022-06-20,Hyundai,Review site,"Đã gắn bó từ những ngày đầu nhận xe, các bản cập nhật phần mềm từ xa OTA ngày càng hoàn thiện, xe đi mượt hơn hẳn, kèm theo đó tính bài toán vận hành lâu dài thì kinh tế hơn hẳn các dòng xe xăng cùng tầm giá. Đi rồi mới thấy công nghệ xe điện tiện lợi và sướng hơn hẳn.",positive
EVVN-00881,2022-06-20,VinFast,Forum,"Cảm nhận về chiếc VinFast: phanh tái sinh chỉnh mức vừa đi rất mượt, đi trong phố đông gần như chỉ cần dùng một bàn đạp. Khung gầm đầm chắc chuẩn xe Đức, ôm cua ở tốc độ cao rất vững vàng. Chấm điểm 9.5/10 cho độ êm ái và hiệu quả kinh tế.",positive
EVVN-00882,2022-06-20,VinFast,Review site,"Trải nghiệm thực tế quá khác xa so với quảng cáo, trải nghiệm thực sự tệ khi chất liệu nhựa nội thất ọp ẹp, đi vào đường xấu phát ra tiếng kêu cọt kẹt rất khó chịu. Đáng nói nhất là chính sách gói cước và thuê pin thay đổi khiến nhiều chủ xe đời đầu hơi hụt hẫng. Trải nghiệm chưa xứng đáng với kỳ vọng và số tiền bỏ ra.",negative
EVVN-00883,2022-06-20,BYD,Forum,"Đối với chiếc BYD, ưu điểm là xe chạy cực kỳ êm ái, bốc ga nhanh và chi phí tiền điện hàng tháng rất rẻ. Dẫu vậy, độ hoàn thiện dàn nhựa nội thất và các chi tiết cơ khí vẫn cần hãng trau chuốt thêm; nhìn chung chất lượng hoàn thiện tốt trong tầm giá xe nhập khẩu.",neutral
EVVN-00884,2022-06-21,BYD,Forum,"Vừa bực vừa ức chế, dọc đường miền núi trạm sạc quá thưa thớt, vừa đi vừa run sợ hết pin giữa đèo, chưa kể cảm biến va chạm và radar hú còi loạn xạ dù đường hoàn toàn thông thoáng. Không thể chấp nhận một sản phẩm giá tiền tỷ mà lỗi vặt nhiều như thế này.",negative
EVVN-00885,2022-06-22,BYD,Forum,"Cảm nhận về chiếc BYD: xe lướt đi êm ru, người nhà ngồi sau trước đây hay say xe giờ đi thoải mái cả hành trình. Công nghệ pin Blade độc quyền an toàn chống cháy nổ rất yên tâm. Chấm điểm 9.5/10 cho độ êm ái và hiệu quả kinh tế.",positive
EVVN-00886,2022-06-23,Tesla,YouTube,"Dùng được vài tuần bắt đầu phát sinh nhiều vấn đề, nhiều điểm trạm sạc ngoài trời không có mái che, trời mưa bão cắm sạc vừa ướt vừa bất an. Thất vọng hơn là khoang hành lý quá chật hẹp, không thể nhét vừa hai chiếc vali cỡ trung cho chuyến đi xa. Không thể chấp nhận một sản phẩm giá tiền tỷ mà lỗi vặt nhiều như thế này.",negative
EVVN-00887,2022-06-23,VinFast,Dealer,"Sau chuyến xuyên Việt vừa rồi, xe lướt đi êm ru, người nhà ngồi sau trước đây hay say xe giờ đi thoải mái cả hành trình, hơn nữa tiền sạc rẻ giật mình, mỗi km tính ra chỉ tốn tầm 400 đến 500 đồng. Một trải nghiệm nâng cấp chất lượng sống cho cả gia đình.",positive
EVVN-00888,2022-06-24,Kia,YouTube,"Sau thời gian trải nghiệm Kia: vận hành trong đô thị rất nhàn nhã, máy êm, chi phí nuôi xe tiết kiệm thấy rõ, bù lại hạ tầng trạm sạc công cộng dịp lễ đông đúc phải chờ đợi khá sốt ruột. Bác nào ở nhà đất có chỗ cắm sạc thì nên mua, còn ở chung cư thì nên tính toán thêm.",neutral
EVVN-00889,2022-06-24,Tesla,Facebook,"Bức xúc khi dùng Tesla: màn hình trung tâm thỉnh thoảng bị đơ đen sì khi đang chạy, camera lùi bị giật lag nghiêm trọng. Ngoài ra chưa có showroom và trạm sạc Supercharger chính hãng tại VN, phải mua cổng chuyển CCS2 đắt đỏ. Trải nghiệm chưa xứng đáng với kỳ vọng và số tiền bỏ ra. Mình chia sẻ lên nhóm để anh em cùng thảo luận.",negative
EVVN-00890,2022-06-25,Hyundai,Facebook,"Chia sẻ công tâm sau thời gian trải nghiệm, chất lượng hoàn thiện chuẩn xe toàn cầu nhưng hạ tầng sạc vẫn là rào cản lớn. Về cơ bản ưu điểm là xe chạy cực kỳ êm ái, bốc ga nhanh và chi phí tiền điện hàng tháng rất rẻ, nhưng phần mềm thỉnh thoảng vẫn dính lỗi vặt linh tinh và cần khởi động lại.",neutral
EVVN-00891,2022-06-25,VinFast,Forum,"Không tâng bốc cũng không dìm hàng, xe lái đầm chắc, khung gầm dày dặn và nhiều công nghệ an toàn hiện đại, nhưng phần mềm thỉnh thoảng vẫn dính lỗi vặt linh tinh và cần khởi động lại. Bác nào ở nhà đất có chỗ cắm sạc thì nên mua, còn ở chung cư thì nên tính toán thêm.",neutral
EVVN-00892,2022-06-25,VinFast,Facebook,"Cảm nhận về chiếc VinFast: khả năng cách âm môi trường và gầm xe tốt hơn mong đợi rất nhiều. Khung gầm đầm chắc chuẩn xe Đức, ôm cua ở tốc độ cao rất vững vàng. Cực kỳ ưng ý và sẽ tiếp tục ủng hộ xu hướng di chuyển xanh.",positive
EVVN-00893,2022-06-25,Hyundai,Review site,"Sau thời gian trải nghiệm Hyundai: ưu điểm là xe chạy cực kỳ êm ái, bốc ga nhanh và chi phí tiền điện hàng tháng rất rẻ, bù lại việc đi xa vẫn cần phải lên kế hoạch lộ trình trạm sạc cẩn thận chứ không tiện như đổ xăng. Đánh giá ở mức 7/10 điểm, cần thêm thời gian để hoàn thiện hạ tầng và phần mềm.",neutral
EVVN-00894,2022-06-26,BYD,Dealer,"Thật sự ngán ngẩm với chất lượng hoàn thiện, tốc độ sạc bị bóp công suất tụt thảm hại khi có nhiều xe cùng cắm sạc một lúc, thêm vào đó bản cập nhật phần mềm mới làm hao pin hơn hẳn và mất kết nối Bluetooth liên tục. Quá mệt mỏi vì suốt ngày phải lo nghĩ chuyện sạc pin và lỗi phần mềm.",negative
EVVN-00895,2022-06-26,MG,Facebook,"Đánh giá khách quan sau vài nghìn km, lựa chọn kinh tế cho người mua xe điện lần đầu muốn trải nghiệm. Về cơ bản ưu điểm là xe chạy cực kỳ êm ái, bốc ga nhanh và chi phí tiền điện hàng tháng rất rẻ, nhưng việc đi xa vẫn cần phải lên kế hoạch lộ trình trạm sạc cẩn thận chứ không tiện như đổ xăng.",positive
EVVN-00896,2022-06-27,Kia,Forum,"Có cả điểm cộng lẫn điểm trừ, ưu điểm là xe chạy cực kỳ êm ái, bốc ga nhanh và chi phí tiền điện hàng tháng rất rẻ, nhưng phần mềm thỉnh thoảng vẫn dính lỗi vặt linh tinh và cần khởi động lại. Nhìn chung là sản phẩm dùng được nhưng chưa thực sự hoàn hảo.",negative
EVVN-00897,2022-06-27,Kia,YouTube,"Chạy thử cả phố lẫn đường trường, trọng tâm pin đặt dưới sàn giúp xe ôm cua cực kỳ đầm chắc, không bị vặn xoắn, và tiền sạc rẻ giật mình, mỗi km tính ra chỉ tốn tầm 400 đến 500 đồng. Chấm điểm 9.5/10 cho độ êm ái và hiệu quả kinh tế. Chi tiết hơn mời anh em xem trong video trải nghiệm của mình nhé.",positive
EVVN-00898,2022-06-27,BYD,Dealer,"Cảm nhận về chiếc BYD: vận hành êm ái tuyệt đối, không rung giật và chấm dứt hẳn mùi xăng khó chịu. Công nghệ pin Blade độc quyền an toàn chống cháy nổ rất yên tâm. Chấm điểm 9.5/10 cho độ êm ái và hiệu quả kinh tế.",positive
EVVN-00899,2022-06-29,VinFast,Dealer,"Sau 15.000 km lăn bánh, khả năng cách âm môi trường và gầm xe tốt hơn mong đợi rất nhiều, hơn nữa kinh tế nhất là sạc chậm qua đêm tại nhà với giá điện sinh hoạt, sáng ra pin đầy ắp sẵn sàng. Chấm điểm 9.5/10 cho độ êm ái và hiệu quả kinh tế.",positive
EVVN-00900,2022-06-29,Kia,Forum,"Trải nghiệm cá nhân sau một thời gian cầm lái, sạc pin ở nhà vào ban đêm rất tiện lợi và kinh tế, nhưng việc đi xa vẫn cần phải lên kế hoạch lộ trình trạm sạc cẩn thận chứ không tiện như đổ xăng. Tóm lại xe rất hợp đi phố hàng ngày, còn đi phượt xa thì cần tính toán kỹ thời gian.",neutral
EVVN-00901,2022-06-29,BYD,Dealer,"Sau thời gian trải nghiệm BYD: vận hành trong đô thị rất nhàn nhã, máy êm, chi phí nuôi xe tiết kiệm thấy rõ, bù lại độ hoàn thiện dàn nhựa nội thất và các chi tiết cơ khí vẫn cần hãng trau chuốt thêm. Tóm lại xe rất hợp đi phố hàng ngày, còn đi phượt xa thì cần tính toán kỹ thời gian.",neutral
EVVN-00902,2022-06-29,Hyundai,Dealer,"Khen chê rõ ràng cho anh em tham khảo, xe lái đầm chắc, khung gầm dày dặn và nhiều công nghệ an toàn hiện đại, nhưng việc đi xa vẫn cần phải lên kế hoạch lộ trình trạm sạc cẩn thận chứ không tiện như đổ xăng. Xe có ưu nhược điểm riêng, ai chấp nhận được điểm trừ thì dùng rất ổn.",neutral
EVVN-00903,2022-06-30,Tesla,Forum,"Lấy xe từ đợt đầu, màn hình giải trí sắc nét, cảm ứng mượt mà và hỗ trợ kết nối không dây rất tiện, song song với đó tiền sạc rẻ giật mình, mỗi km tính ra chỉ tốn tầm 400 đến 500 đồng. Ai còn phân vân thì nên lái thử một lần, đảm bảo không muốn quay lại xe xăng.",positive
EVVN-00904,2022-06-30,Tesla,Dealer,"Lúc đầu cũng đắn đo nhưng chốt xe xong thấy, hệ thống kiểm soát hành trình thích ứng và hỗ trợ giữ làn lái rất nhàn trên cao tốc, kèm theo đó chi phí sạc điện mỗi tháng chưa tới 800 nghìn, tiết kiệm hơn 70% so với tiền xăng trước kia. Một trải nghiệm nâng cấp chất lượng sống cho cả gia đình.",positive
EVVN-00905,2022-06-30,Wuling,YouTube,"Chạy được gần 1 vạn km nội thành, chở 2 mẹ con che nắng mưa mùa đông hè rất tiện, kèm theo đó tiền điện sạc tại nhà mỗi tháng chỉ tầm 200 đến 300 nghìn, rẻ ngang xe máy số. Rất ưng ý với số tiền bỏ ra, phù hợp nhu cầu gia đình nhỏ.",positive
EVVN-00906,2022-07-01,VinFast,Review site,"Vừa bực vừa ức chế, tốc độ sạc bị bóp công suất tụt thảm hại khi có nhiều xe cùng cắm sạc một lúc. Thất vọng hơn là khoang hành lý quá chật hẹp, không thể nhét vừa hai chiếc vali cỡ trung cho chuyến đi xa. Không thể chấp nhận một sản phẩm giá tiền tỷ mà lỗi vặt nhiều như thế này.",neutral
EVVN-00907,2022-07-01,Tesla,Forum,"Gia đình mình sử dụng đi lại hàng ngày, trọng tâm pin đặt dưới sàn giúp xe ôm cua cực kỳ đầm chắc, không bị vặn xoắn, hơn nữa kinh tế nhất là sạc chậm qua đêm tại nhà với giá điện sinh hoạt, sáng ra pin đầy ắp sẵn sàng. Rất đáng tiền trong phân khúc, hài lòng 9/10 điểm.",neutral
EVVN-00908,2022-07-02,VinFast,Forum,"Vừa bực vừa ức chế, trải nghiệm thực sự tệ khi độ hoàn thiện các khe hở thân vỏ không đều, gioăng cao su cửa cách âm kém nghe rõ tiếng gió rít khi lên 100km/h. Đáng nói nhất là phần mềm thỉnh thoảng báo lỗi ảo rùa vàng phải tắt máy chờ một lúc mới khởi động lại được. Nếu được chọn lại chắc chắn mình sẽ trung thành với xe xăng truyền thống.",negative
EVVN-00909,2022-07-02,BYD,YouTube,"Sau thời gian trải nghiệm BYD: xe lái đầm chắc, khung gầm dày dặn và nhiều công nghệ an toàn hiện đại, bù lại phần mềm thỉnh thoảng vẫn dính lỗi vặt linh tinh và cần khởi động lại. Tùy vào nhu cầu sử dụng của mỗi gia đình mà cân nhắc cho phù hợp.",neutral
EVVN-00910,2022-07-02,Wuling,Dealer,"Trải nghiệm thực tế sau nửa năm đi lại trong đô thị, xe mini nhỏ gọn luồn lách ngõ hẹp cực kỳ linh hoạt, hơn nữa tiền điện sạc tại nhà mỗi tháng chỉ tầm 200 đến 300 nghìn, rẻ ngang xe máy số. Đúng là phương tiện hoàn hảo để thay thế xe máy.",positive
EVVN-00911,2022-07-04,MG,YouTube,"Sau chuyến về quê dịp lễ vừa qua, dọc đường miền núi trạm sạc quá thưa thớt, vừa đi vừa run sợ hết pin giữa đèo. Thất vọng hơn là trần kính toàn cảnh vào mùa hè Hà Nội nắng 40 độ hấp nhiệt nóng rát đỉnh đầu, bật điều hòa max vẫn toát mồ hôi. Thực sự thất vọng, khuyên thật lòng anh em nên cân nhắc kỹ trước khi xuống tiền.",negative
EVVN-00912,2022-07-04,VinFast,Dealer,"Bức xúc khi dùng VinFast: hệ thống nhận diện giọng nói ngô nghê, gọi mãi không hiểu khẩu lệnh cơ bản. Ngoài ra phần mềm thỉnh thoảng báo lỗi ảo rùa vàng phải tắt máy chờ một lúc mới khởi động lại được. Đang tính chuyện bán lỗ để quay về xe xăng cho đỡ đau đầu.",negative
EVVN-00913,2022-07-05,BYD,YouTube,"Đi phố mỗi ngày vào giờ cao điểm mới thấy, điểm cộng là màn hình xoay 15.6 inch sắc nét và độ phản hồi cảm ứng rất nhanh. Thêm vào đó, màn hình giải trí sắc nét, cảm ứng mượt mà và hỗ trợ kết nối không dây rất tiện. Một trải nghiệm nâng cấp chất lượng sống cho cả gia đình.",positive
EVVN-00914,2022-07-05,BYD,Dealer,"Hôm qua suýt nằm đường vì, dọc đường miền núi trạm sạc quá thưa thớt, vừa đi vừa run sợ hết pin giữa đèo, thêm vào đó màn hình trung tâm thỉnh thoảng bị đơ đen sì khi đang chạy, camera lùi bị giật lag nghiêm trọng. Nếu được chọn lại chắc chắn mình sẽ trung thành với xe xăng truyền thống.",negative
EVVN-00915,2022-07-06,Hyundai,Review site,"Thất vọng toàn tập với chuyến đi vừa rồi, nhiều điểm trạm sạc ngoài trời không có mái che, trời mưa bão cắm sạc vừa ướt vừa bất an, thêm vào đó lỗi ắc quy 12V tụt áp bất thình lình làm xe không khởi động được, phải gọi xe cứu hộ kéo về. Nếu được chọn lại chắc chắn mình sẽ trung thành với xe xăng truyền thống.",negative
EVVN-00916,2022-07-06,BYD,Facebook,"Cảm nhận về chiếc BYD: vận hành êm ái tuyệt đối, không rung giật và chấm dứt hẳn mùi xăng khó chịu. Công nghệ pin Blade độc quyền an toàn chống cháy nổ rất yên tâm. Đi rồi mới thấy công nghệ xe điện tiện lợi và sướng hơn hẳn.",positive
EVVN-00917,2022-07-06,VinFast,Forum,"Vừa hoàn thành chuyến về quê 500km, vận hành êm ái tuyệt đối, không rung giật và chấm dứt hẳn mùi xăng khó chịu, hơn nữa tính bài toán vận hành lâu dài thì kinh tế hơn hẳn các dòng xe xăng cùng tầm giá. Một trải nghiệm nâng cấp chất lượng sống cho cả gia đình.",positive
EVVN-00918,2022-07-06,VinFast,Forum,"Hôm qua suýt nằm đường vì, nhiều điểm trạm sạc ngoài trời không có mái che, trời mưa bão cắm sạc vừa ướt vừa bất an. Thất vọng hơn là độ hoàn thiện các khe hở thân vỏ không đều, gioăng cao su cửa cách âm kém nghe rõ tiếng gió rít khi lên 100km/h. Đang tính chuyện bán lỗ để quay về xe xăng cho đỡ đau đầu.",negative
EVVN-00919,2022-07-07,Wuling,YouTube,"Chia sẻ trải nghiệm không mấy vui vẻ sau 2 tháng, trang bị an toàn nghèo nàn, bản thấp thậm chí không có túi khí bảo vệ. Điểm trừ nữa là giảm xóc sau khá cứng đi qua gờ giảm tốc nảy tưng tưng. Trải nghiệm chưa xứng đáng với kỳ vọng ban đầu. Chi tiết hơn mời anh em xem trong video trải nghiệm của mình nhé.",negative
EVVN-00920,2022-07-08,VinFast,Review site,"Tổng kết khách quan cho bác nào đang tìm hiểu, vận hành trong đô thị rất nhàn nhã, máy êm, chi phí nuôi xe tiết kiệm thấy rõ, nhưng quãng đường chạy đường trường thực tế sẽ hụt bớt khoảng 20-30% nếu đạp thốc ga liên tục. Tóm lại xe rất hợp đi phố hàng ngày, còn đi phượt xa thì cần tính toán kỹ thời gian.",neutral
EVVN-00921,2022-07-08,BYD,YouTube,"Test thử cao tốc đợt cuối tuần, các bản cập nhật phần mềm từ xa OTA ngày càng hoàn thiện, xe đi mượt hơn hẳn, song song với đó khoản bảo dưỡng định kỳ rất nhàn, không phải thay dầu máy hay bugi lọc gió phức tạp. Cực kỳ ưng ý và sẽ tiếp tục ủng hộ xu hướng di chuyển xanh.",positive
EVVN-00922,2022-07-09,Tesla,Forum,"Dùng được vài tuần bắt đầu phát sinh nhiều vấn đề, dọc đường miền núi trạm sạc quá thưa thớt, vừa đi vừa run sợ hết pin giữa đèo. Thất vọng hơn là chất liệu nhựa nội thất ọp ẹp, đi vào đường xấu phát ra tiếng kêu cọt kẹt rất khó chịu. Trải nghiệm chưa xứng đáng với kỳ vọng và số tiền bỏ ra.",negative
EVVN-00923,2022-07-11,BYD,Forum,"Đối với chiếc BYD, xe lái đầm chắc, khung gầm dày dặn và nhiều công nghệ an toàn hiện đại. Dẫu vậy, quãng đường chạy đường trường thực tế sẽ hụt bớt khoảng 20-30% nếu đạp thốc ga liên tục; nhìn chung chất lượng hoàn thiện tốt trong tầm giá xe nhập khẩu. (Đánh giá tháng 07/2022).",neutral
EVVN-00924,2022-07-11,BYD,YouTube,"Cảm nhận về chiếc BYD: phanh tái sinh chỉnh mức vừa đi rất mượt, đi trong phố đông gần như chỉ cần dùng một bàn đạp. Thiết kế nội thất phong cách thể thao phá cách và trẻ trung. Thực sự vượt ngoài mong đợi ban đầu của mình.",neutral
EVVN-00925,2022-07-12,BYD,YouTube,"Trải nghiệm cá nhân sau một thời gian cầm lái, xe lái chắc chắn và pin an toàn nhưng bài toán sạc phụ thuộc hoàn toàn vào bên thứ ba. Về cơ bản vận hành trong đô thị rất nhàn nhã, máy êm, chi phí nuôi xe tiết kiệm thấy rõ, nhưng quãng đường chạy đường trường thực tế sẽ hụt bớt khoảng 20-30% nếu đạp thốc ga liên tục.",neutral
EVVN-00926,2022-07-13,Hyundai,Facebook,"Có cả điểm cộng lẫn điểm trừ, xe đẹp và sang trọng nhưng chỉ phù hợp gia đình có gara riêng. Về cơ bản sạc pin ở nhà vào ban đêm rất tiện lợi và kinh tế, nhưng việc đi xa vẫn cần phải lên kế hoạch lộ trình trạm sạc cẩn thận chứ không tiện như đổ xăng.",neutral
EVVN-00927,2022-07-13,Tesla,Facebook,"Đối với chiếc Tesla, vận hành trong đô thị rất nhàn nhã, máy êm, chi phí nuôi xe tiết kiệm thấy rõ. Dẫu vậy, trần kính mùa hè khá nóng nếu không dán thêm phim cách nhiệt xịn và lắp rèm che; nhìn chung công nghệ đi trước thời đại nhưng việc sạc và bảo dưỡng xe tư nhân tại VN khá nan giải.",neutral
EVVN-00928,2022-07-13,Hyundai,Dealer,"Cảm nhận về chiếc Hyundai: phanh tái sinh chỉnh mức vừa đi rất mượt, đi trong phố đông gần như chỉ cần dùng một bàn đạp. Kiến trúc điện 800V hỗ trợ sạc siêu nhanh hàng đầu phân khúc. Một trải nghiệm nâng cấp chất lượng sống cho cả gia đình.",positive
EVVN-00929,2022-07-15,Kia,Review site,"Cảm nhận về chiếc Kia: xe lướt đi êm ru, người nhà ngồi sau trước đây hay say xe giờ đi thoải mái cả hành trình. EV6 dáng crossover thể thao bắt mắt và khí động học. Một trải nghiệm nâng cấp chất lượng sống cho cả gia đình. Góc nhìn chân thực từ thành viên Review site.",positive
EVVN-00930,2022-07-16,VinFast,YouTube,"Cảm nhận về chiếc VinFast: xe lướt đi êm ru, người nhà ngồi sau trước đây hay say xe giờ đi thoải mái cả hành trình. Khung gầm đầm chắc chuẩn xe Đức, ôm cua ở tốc độ cao rất vững vàng. Một trải nghiệm nâng cấp chất lượng sống cho cả gia đình.",positive
EVVN-00931,2022-07-16,MG,YouTube,"Có cả điểm cộng lẫn điểm trừ, xe lái hay và giá mềm nhưng hệ sinh thái trạm sạc còn cần nhiều thời gian để hoàn thiện. Về cơ bản ưu điểm là xe chạy cực kỳ êm ái, bốc ga nhanh và chi phí tiền điện hàng tháng rất rẻ, nhưng quãng đường chạy đường trường thực tế sẽ hụt bớt khoảng 20-30% nếu đạp thốc ga liên tục.",neutral
EVVN-00932,2022-07-16,Hyundai,Dealer,"Sau thời gian trải nghiệm Hyundai: điểm cộng lớn nhất là khả năng tăng tốc mượt mà, không mùi khí thải và không gian cabin thoáng đãng, bù lại quãng đường chạy đường trường thực tế sẽ hụt bớt khoảng 20-30% nếu đạp thốc ga liên tục. Tóm lại xe rất hợp đi phố hàng ngày, còn đi phượt xa thì cần tính toán kỹ thời gian.",neutral
EVVN-00933,2022-07-17,BYD,Forum,"Sau thời gian trải nghiệm BYD: xe lái đầm chắc, khung gầm dày dặn và nhiều công nghệ an toàn hiện đại, bù lại hạ tầng trạm sạc công cộng dịp lễ đông đúc phải chờ đợi khá sốt ruột. Nhìn chung là sản phẩm dùng được nhưng chưa thực sự hoàn hảo.",neutral
EVVN-00934,2022-07-18,Tesla,Dealer,"Sau thời gian trải nghiệm Tesla: xe lái đầm chắc, khung gầm dày dặn và nhiều công nghệ an toàn hiện đại, bù lại việc đi xa vẫn cần phải lên kế hoạch lộ trình trạm sạc cẩn thận chứ không tiện như đổ xăng. Tóm lại xe rất hợp đi phố hàng ngày, còn đi phượt xa thì cần tính toán kỹ thời gian.",positive
EVVN-00935,2022-07-18,Wuling,Review site,"Lên đây cảnh báo thực tế cho anh em đang có ý định mua, xe không có cổng sạc nhanh nên mỗi lần sạc phải đợi 6-8 tiếng. Điểm trừ nữa là ở chung cư không có chỗ cắm điện 220V thì không tài nào nuôi nổi xe. Khuyên thật lòng ai ở chung cư hoặc muốn đi xa thì tuyệt đối không nên mua.",negative
EVVN-00936,2022-07-18,Kia,Facebook,"Chia sẻ trải nghiệm không mấy vui vẻ sau 2 tháng, dọc đường miền núi trạm sạc quá thưa thớt, vừa đi vừa run sợ hết pin giữa đèo, chưa kể hệ thống nhận diện giọng nói ngô nghê, gọi mãi không hiểu khẩu lệnh cơ bản. Mong hãng nghiêm túc lắng nghe phản ánh và sớm có phương án xử lý dứt điểm.",negative
EVVN-00937,2022-07-18,Hyundai,Dealer,"Gia đình mình sử dụng đi lại hàng ngày, hệ thống kiểm soát hành trình thích ứng và hỗ trợ giữ làn lái rất nhàn trên cao tốc, kèm theo đó chi phí sạc điện mỗi tháng chưa tới 800 nghìn, tiết kiệm hơn 70% so với tiền xăng trước kia. Một trải nghiệm nâng cấp chất lượng sống cho cả gia đình.",positive
EVVN-00938,2022-07-18,VinFast,Dealer,"Bức xúc khi dùng VinFast: màn hình trung tâm thỉnh thoảng bị đơ đen sì khi đang chạy, camera lùi bị giật lag nghiêm trọng. Ngoài ra chính sách gói cước và thuê pin thay đổi khiến nhiều chủ xe đời đầu hơi hụt hẫng. Nếu được chọn lại chắc chắn mình sẽ trung thành với xe xăng truyền thống.",negative
EVVN-00939,2022-07-19,Tesla,Dealer,"Cảm nhận về chiếc Tesla: xe tăng tốc tức thì, vượt xe trên quốc lộ rất tự tin và an toàn. Autopilot hỗ trợ tự lái thông minh và giữ làn mượt mà nhất thị trường. Cực kỳ ưng ý và sẽ tiếp tục ủng hộ xu hướng di chuyển xanh.",neutral
EVVN-00940,2022-07-19,Kia,Review site,"Đối với chiếc Kia, sạc pin ở nhà vào ban đêm rất tiện lợi và kinh tế. Dẫu vậy, độ hoàn thiện dàn nhựa nội thất và các chi tiết cơ khí vẫn cần hãng trau chuốt thêm; nhìn chung thiết kế và vận hành rất tốt nhưng cần Kia mở rộng liên kết trạm sạc tại VN. (Cập nhật ODO vạn km đợt 2022).",neutral
EVVN-00941,2022-07-21,BYD,Review site,"Đi làm hằng ngày với em nó, xe tăng tốc tức thì, vượt xe trên quốc lộ rất tự tin và an toàn, đồng thời tiền sạc rẻ giật mình, mỗi km tính ra chỉ tốn tầm 400 đến 500 đồng. Thực sự vượt ngoài mong đợi ban đầu của mình.",positive
EVVN-00942,2022-07-21,VinFast,Dealer,"Đối với chiếc VinFast, ưu điểm là xe chạy cực kỳ êm ái, bốc ga nhanh và chi phí tiền điện hàng tháng rất rẻ. Dẫu vậy, phần mềm thỉnh thoảng vẫn dính lỗi vặt linh tinh và cần khởi động lại; nhìn chung lợi thế hệ thống trạm sạc VinFast tại Việt Nam áp đảo hoàn toàn so với mọi đối thủ.",neutral
EVVN-00943,2022-07-21,VinFast,YouTube,"Cảm nhận về chiếc VinFast: khả năng cách âm môi trường và gầm xe tốt hơn mong đợi rất nhiều. Khung gầm đầm chắc chuẩn xe Đức, ôm cua ở tốc độ cao rất vững vàng. Đi rồi mới thấy công nghệ xe điện tiện lợi và sướng hơn hẳn.",positive
EVVN-00944,2022-07-21,MG,YouTube,"Bỏ ra số tiền không nhỏ mà nhận lại, dịp lễ cao điểm trạm sạc nào cũng quá tải, xếp hàng dài chờ hơn 1 tiếng rưỡi mới đến lượt cắm sạc. Thất vọng hơn là quãng đường thực tế hao hụt gần 35% so với công bố khi chạy cao tốc kèm bật điều hòa gió lớn. Quá mệt mỏi vì suốt ngày phải lo nghĩ chuyện sạc pin và lỗi phần mềm.",negative
EVVN-00945,2022-07-22,Kia,Facebook,"Sau thời gian trải nghiệm Kia: điểm cộng lớn nhất là khả năng tăng tốc mượt mà, không mùi khí thải và không gian cabin thoáng đãng, bù lại trần kính mùa hè khá nóng nếu không dán thêm phim cách nhiệt xịn và lắp rèm che. Tùy vào nhu cầu sử dụng của mỗi gia đình mà cân nhắc cho phù hợp.",neutral
EVVN-00946,2022-07-23,BYD,Facebook,"Đánh giá khách quan sau vài nghìn km, chất lượng hoàn thiện tốt trong tầm giá xe nhập khẩu. Về cơ bản sạc pin ở nhà vào ban đêm rất tiện lợi và kinh tế, nhưng độ hoàn thiện dàn nhựa nội thất và các chi tiết cơ khí vẫn cần hãng trau chuốt thêm.",negative
EVVN-00947,2022-07-25,VinFast,Review site,"Sau chuyến về quê dịp lễ vừa qua, nhiều điểm trạm sạc ngoài trời không có mái che, trời mưa bão cắm sạc vừa ướt vừa bất an. Thất vọng hơn là chất liệu nhựa nội thất ọp ẹp, đi vào đường xấu phát ra tiếng kêu cọt kẹt rất khó chịu. Nếu được chọn lại chắc chắn mình sẽ trung thành với xe xăng truyền thống.",neutral
EVVN-00948,2022-07-25,Tesla,Forum,"Quá mệt mỏi sau chuyến đi tỉnh cuối tuần, dịp lễ cao điểm trạm sạc nào cũng quá tải, xếp hàng dài chờ hơn 1 tiếng rưỡi mới đến lượt cắm sạc. Thất vọng hơn là giảm xóc sau quá cứng, đi qua gờ giảm tốc người ngồi hàng hai nảy tưng tưng rất ê mông. Quá mệt mỏi vì suốt ngày phải lo nghĩ chuyện sạc pin và lỗi phần mềm.",negative
EVVN-00949,2022-07-28,MG,Dealer,"Có cả điểm cộng lẫn điểm trừ, xe lái hay và giá mềm nhưng hệ sinh thái trạm sạc còn cần nhiều thời gian để hoàn thiện. Về cơ bản xe lái đầm chắc, khung gầm dày dặn và nhiều công nghệ an toàn hiện đại, nhưng độ hoàn thiện dàn nhựa nội thất và các chi tiết cơ khí vẫn cần hãng trau chuốt thêm.",neutral
EVVN-00950,2022-07-29,Tesla,Facebook,"Tổng kết khách quan cho bác nào đang tìm hiểu, ưu điểm là xe chạy cực kỳ êm ái, bốc ga nhanh và chi phí tiền điện hàng tháng rất rẻ, nhưng việc đi xa vẫn cần phải lên kế hoạch lộ trình trạm sạc cẩn thận chứ không tiện như đổ xăng. Bác nào ở nhà đất có chỗ cắm sạc thì nên mua, còn ở chung cư thì nên tính toán thêm.",neutral
EVVN-00951,2022-07-29,MG,Forum,"Dùng được vài tuần bắt đầu phát sinh nhiều vấn đề, ở chung cư không có trụ sạc AC, đi làm về mệt mỏi lại phải lang thang tìm trụ sạc nhanh rất bất tiện, thêm vào đó lỗi ắc quy 12V tụt áp bất thình lình làm xe không khởi động được, phải gọi xe cứu hộ kéo về. Không thể chấp nhận một sản phẩm giá tiền tỷ mà lỗi vặt nhiều như thế này.",negative
EVVN-00952,2022-07-29,Hyundai,Facebook,"Chia sẻ trải nghiệm không mấy vui vẻ sau 2 tháng, ở chung cư không có trụ sạc AC, đi làm về mệt mỏi lại phải lang thang tìm trụ sạc nhanh rất bất tiện. Thất vọng hơn là độ hoàn thiện các khe hở thân vỏ không đều, gioăng cao su cửa cách âm kém nghe rõ tiếng gió rít khi lên 100km/h. Quá mệt mỏi vì suốt ngày phải lo nghĩ chuyện sạc pin và lỗi phần mềm.",negative
EVVN-00953,2022-07-30,BYD,Review site,Cảm nhận về chiếc BYD: khả năng cách âm môi trường và gầm xe tốt hơn mong đợi rất nhiều. Công nghệ pin Blade độc quyền an toàn chống cháy nổ rất yên tâm. Chấm điểm 9.5/10 cho độ êm ái và hiệu quả kinh tế.,positive
EVVN-00954,2022-07-31,Tesla,Review site,"Đối với chiếc Tesla, ưu điểm là xe chạy cực kỳ êm ái, bốc ga nhanh và chi phí tiền điện hàng tháng rất rẻ. Dẫu vậy, hạ tầng trạm sạc công cộng dịp lễ đông đúc phải chờ đợi khá sốt ruột; nhìn chung công nghệ đi trước thời đại nhưng việc sạc và bảo dưỡng xe tư nhân tại VN khá nan giải. (Cập nhật ODO vạn km đợt 2022).",positive
EVVN-00955,2022-07-31,Kia,Dealer,"Thật sự ngán ngẩm với chất lượng hoàn thiện, ra đến trạm sạc cao tốc thì 3 trụ báo lỗi hỏng, trụ duy nhất còn lại thì bị xe xăng đỗ chiếm chỗ vô ý thức, thêm vào đó hệ thống nhận diện giọng nói ngô nghê, gọi mãi không hiểu khẩu lệnh cơ bản. Mong hãng nghiêm túc lắng nghe phản ánh và sớm có phương án xử lý dứt điểm.",negative
EVVN-00956,2022-07-31,VinFast,Facebook,"Cảm nhận về chiếc VinFast: khả năng cách âm môi trường và gầm xe tốt hơn mong đợi rất nhiều. Khung gầm đầm chắc chuẩn xe Đức, ôm cua ở tốc độ cao rất vững vàng. Ai còn phân vân thì nên lái thử một lần, đảm bảo không muốn quay lại xe xăng. (Đánh giá tháng 07/2022).",positive
EVVN-00957,2022-08-01,Kia,Review site,"Dùng được vài tuần bắt đầu phát sinh nhiều vấn đề, trải nghiệm thực sự tệ khi khoang hành lý quá chật hẹp, không thể nhét vừa hai chiếc vali cỡ trung cho chuyến đi xa. Đáng nói nhất là hạ tầng trạm sạc độc quyền gần như chưa có tại các tỉnh. Thực sự thất vọng, khuyên thật lòng anh em nên cân nhắc kỹ trước khi xuống tiền.",negative
EVVN-00958,2022-08-01,BYD,YouTube,"Cần phản ánh nghiêm túc về tình trạng, dịp lễ cao điểm trạm sạc nào cũng quá tải, xếp hàng dài chờ hơn 1 tiếng rưỡi mới đến lượt cắm sạc. Thất vọng hơn là độ hoàn thiện các khe hở thân vỏ không đều, gioăng cao su cửa cách âm kém nghe rõ tiếng gió rít khi lên 100km/h. Nếu được chọn lại chắc chắn mình sẽ trung thành với xe xăng truyền thống.",neutral
EVVN-00959,2022-08-01,BYD,YouTube,"Sau chuyến phượt Tây Bắc cùng gia đình, khả năng cách âm môi trường và gầm xe tốt hơn mong đợi rất nhiều, và tính bài toán vận hành lâu dài thì kinh tế hơn hẳn các dòng xe xăng cùng tầm giá. Rất đáng tiền trong phân khúc, hài lòng 9/10 điểm.",neutral
EVVN-00960,2022-08-01,Kia,Forum,"Cảm nhận về chiếc Kia: khả năng cách âm môi trường và gầm xe tốt hơn mong đợi rất nhiều. EV6 dáng crossover thể thao bắt mắt và khí động học. Ai còn phân vân thì nên lái thử một lần, đảm bảo không muốn quay lại xe xăng.",positive
EVVN-00961,2022-08-02,Kia,Facebook,"Đối với chiếc Kia, sạc pin ở nhà vào ban đêm rất tiện lợi và kinh tế. Dẫu vậy, độ hoàn thiện dàn nhựa nội thất và các chi tiết cơ khí vẫn cần hãng trau chuốt thêm; nhìn chung chạy phố rất nổi bật nhưng đi xa phải tính toán kỹ.",neutral
EVVN-00962,2022-08-02,Hyundai,Forum,"Thất vọng toàn tập với chuyến đi vừa rồi, tốc độ sạc bị bóp công suất tụt thảm hại khi có nhiều xe cùng cắm sạc một lúc. Thất vọng hơn là độ hoàn thiện các khe hở thân vỏ không đều, gioăng cao su cửa cách âm kém nghe rõ tiếng gió rít khi lên 100km/h. Thực sự thất vọng, khuyên thật lòng anh em nên cân nhắc kỹ trước khi xuống tiền.",neutral
EVVN-00963,2022-08-02,Wuling,Forum,"Góc nhìn thực tế về xe điện mini trong phố, ưu điểm là xe nhỏ gọn luồn lách ngõ hẹp cực tốt và tiền điện sạc tại nhà siêu rẻ, nhưng bắt buộc gia đình phải có chỗ cắm sạc điện dân dụng 220V riêng. Tóm lại mua để thay xe máy đi phố thì chuẩn bài, còn đi tỉnh thì nên bỏ qua.",neutral
EVVN-00964,2022-08-03,VinFast,Forum,"Hôm qua suýt nằm đường vì, trải nghiệm thực sự tệ khi quãng đường thực tế hao hụt gần 35% so với công bố khi chạy cao tốc kèm bật điều hòa gió lớn. Đáng nói nhất là xưởng dịch vụ nhiều đợt đông nghẹt xe taxi vào sửa chữa nên khách cá nhân phải chờ lâu. Mong hãng nghiêm túc lắng nghe phản ánh và sớm có phương án xử lý dứt điểm.",negative
EVVN-00965,2022-08-04,Kia,Review site,Bức xúc khi dùng Kia: cảm biến va chạm và radar hú còi loạn xạ dù đường hoàn toàn thông thoáng. Ngoài ra số lượng xe lăn bánh trên đường còn quá hiếm nên tìm phụ tùng khó. Đang tính chuyện bán lỗ để quay về xe xăng cho đỡ đau đầu.,negative
EVVN-00966,2022-08-04,Hyundai,Forum,"Sau 15.000 km lăn bánh, buổi trưa nằm nghỉ trong xe bật điều hòa thoải mái mà không sợ ngạt khí CO độc hại, song song với đó tính bài toán vận hành lâu dài thì kinh tế hơn hẳn các dòng xe xăng cùng tầm giá. Chấm điểm 9.5/10 cho độ êm ái và hiệu quả kinh tế.",neutral
EVVN-00967,2022-08-05,BYD,Dealer,"Sau thời gian trải nghiệm BYD: điểm cộng lớn nhất là khả năng tăng tốc mượt mà, không mùi khí thải và không gian cabin thoáng đãng, bù lại phần mềm thỉnh thoảng vẫn dính lỗi vặt linh tinh và cần khởi động lại. Đánh giá ở mức 7/10 điểm, cần thêm thời gian để hoàn thiện hạ tầng và phần mềm.",neutral
EVVN-00968,2022-08-05,Kia,YouTube,"Bức xúc khi dùng Kia: lỗi ắc quy 12V tụt áp bất thình lình làm xe không khởi động được, phải gọi xe cứu hộ kéo về. Ngoài ra số lượng xe lăn bánh trên đường còn quá hiếm nên tìm phụ tùng khó. Mong hãng nghiêm túc lắng nghe phản ánh và sớm có phương án xử lý dứt điểm.",neutral
EVVN-00969,2022-08-05,VinFast,Review site,"Bỏ ra số tiền không nhỏ mà nhận lại, ra đến trạm sạc cao tốc thì 3 trụ báo lỗi hỏng, trụ duy nhất còn lại thì bị xe xăng đỗ chiếm chỗ vô ý thức, chưa kể màn hình trung tâm thỉnh thoảng bị đơ đen sì khi đang chạy, camera lùi bị giật lag nghiêm trọng. Nếu được chọn lại chắc chắn mình sẽ trung thành với xe xăng truyền thống.",negative
EVVN-00970,2022-08-05,VinFast,YouTube,"Gặp sự cố giữa đường mới thấy, trải nghiệm thực sự tệ khi độ hoàn thiện các khe hở thân vỏ không đều, gioăng cao su cửa cách âm kém nghe rõ tiếng gió rít khi lên 100km/h. Đáng nói nhất là chính sách gói cước và thuê pin thay đổi khiến nhiều chủ xe đời đầu hơi hụt hẫng. Nếu được chọn lại chắc chắn mình sẽ trung thành với xe xăng truyền thống.",negative
EVVN-00971,2022-08-06,Tesla,Review site,"Nhận xét thực tế sau chuyến đi dài, xe rất hợp cho người đam mê công nghệ và có sẵn chỗ sạc tại nhà. Về cơ bản xe lái đầm chắc, khung gầm dày dặn và nhiều công nghệ an toàn hiện đại, nhưng quãng đường chạy đường trường thực tế sẽ hụt bớt khoảng 20-30% nếu đạp thốc ga liên tục.",neutral
EVVN-00972,2022-08-06,BYD,YouTube,"Lấy xe từ đợt đầu, hệ thống kiểm soát hành trình thích ứng và hỗ trợ giữ làn lái rất nhàn trên cao tốc, song song với đó tiền sạc rẻ giật mình, mỗi km tính ra chỉ tốn tầm 400 đến 500 đồng. Ai còn phân vân thì nên lái thử một lần, đảm bảo không muốn quay lại xe xăng.",positive
EVVN-00973,2022-08-06,Hyundai,YouTube,"Nhận xét thực tế sau chuyến đi dài, xe đẹp và sang trọng nhưng chỉ phù hợp gia đình có gara riêng. Về cơ bản xe lái đầm chắc, khung gầm dày dặn và nhiều công nghệ an toàn hiện đại, nhưng phần mềm thỉnh thoảng vẫn dính lỗi vặt linh tinh và cần khởi động lại.",neutral
EVVN-00974,2022-08-07,MG,Facebook,"Cảm nhận về chiếc MG: xe tăng tốc tức thì, vượt xe trên quốc lộ rất tự tin và an toàn. MG4 EV dẫn động cầu sau lái phấn khích và linh hoạt trong cua. Chấm điểm 9.5/10 cho độ êm ái và hiệu quả kinh tế.",neutral
EVVN-00975,2022-08-07,Hyundai,Review site,"Đối với chiếc Hyundai, sạc pin ở nhà vào ban đêm rất tiện lợi và kinh tế. Dẫu vậy, quãng đường chạy đường trường thực tế sẽ hụt bớt khoảng 20-30% nếu đạp thốc ga liên tục; nhìn chung chất lượng hoàn thiện chuẩn xe toàn cầu nhưng hạ tầng sạc vẫn là rào cản lớn.",neutral
EVVN-00976,2022-08-07,VinFast,Facebook,"Đối với chiếc VinFast, xe lái đầm chắc, khung gầm dày dặn và nhiều công nghệ an toàn hiện đại. Dẫu vậy, quãng đường chạy đường trường thực tế sẽ hụt bớt khoảng 20-30% nếu đạp thốc ga liên tục; nhìn chung cần thêm vài bản cập nhật OTA nữa để phần mềm đạt độ ổn định tuyệt đối.",neutral
EVVN-00977,2022-08-08,Wuling,Forum,"Chạy được gần 1 vạn km nội thành, tầm nhìn thoáng căn chỉnh xe rất dễ dàng, đồng thời tiền điện sạc tại nhà mỗi tháng chỉ tầm 200 đến 300 nghìn, rẻ ngang xe máy số. Đi lại quãng ngắn trong thành phố thì không có gì để chê.",positive
EVVN-00978,2022-08-08,VinFast,Forum,"Sau chuyến xuyên Việt vừa rồi, thích nhất tính năng bật điều hòa từ xa trước khi lên xe, mùa hè vào xe mát rượi ngay, song song với đó khoản bảo dưỡng định kỳ rất nhàn, không phải thay dầu máy hay bugi lọc gió phức tạp. Nói chung quyết định chuyển sang xe điện là hoàn toàn sáng suốt.",positive
EVVN-00979,2022-08-08,Kia,Dealer,"Vừa hoàn thành chuyến về quê 500km, điểm cộng là công nghệ pin sạc nhanh tiên tiến và trang bị tiện nghi dồi dào. Thêm vào đó, màn hình giải trí sắc nét, cảm ứng mượt mà và hỗ trợ kết nối không dây rất tiện. Rất đáng tiền trong phân khúc, hài lòng 9/10 điểm. Cảm nhận nhanh sau buổi nhận bàn giao xe tại đại lý.",positive
EVVN-00980,2022-08-08,Wuling,YouTube,"Lên đây cảnh báo thực tế cho anh em đang có ý định mua, trang bị an toàn nghèo nàn, bản thấp thậm chí không có túi khí bảo vệ. Điểm trừ nữa là nội thất nhựa thô ráp dễ trầy xước. Trải nghiệm chưa xứng đáng với kỳ vọng ban đầu.",negative
EVVN-00981,2022-08-09,MG,Forum,"Đổi từ sedan Nhật sang xe điện, điểm cộng là khung gầm đầm chắc chuẩn phong cách xe châu Âu. Thêm vào đó, hệ thống kiểm soát hành trình thích ứng và hỗ trợ giữ làn lái rất nhàn trên cao tốc. Đi rồi mới thấy công nghệ xe điện tiện lợi và sướng hơn hẳn.",neutral
EVVN-00982,2022-08-09,Hyundai,Dealer,"Cân nhắc kỹ lưỡng ưu và nhược điểm, điểm cộng lớn nhất là khả năng tăng tốc mượt mà, không mùi khí thải và không gian cabin thoáng đãng, nhưng việc đi xa vẫn cần phải lên kế hoạch lộ trình trạm sạc cẩn thận chứ không tiện như đổ xăng. Tóm lại xe rất hợp đi phố hàng ngày, còn đi phượt xa thì cần tính toán kỹ thời gian.",positive
EVVN-00983,2022-08-11,Kia,Dealer,"Chạy được gần 2 vạn km rồi mới dám lên bài, điểm cộng là EV6 dáng crossover thể thao bắt mắt và khí động học. Bên cạnh đó, các bản cập nhật phần mềm từ xa OTA ngày càng hoàn thiện, xe đi mượt hơn hẳn. Chấm điểm 9.5/10 cho độ êm ái và hiệu quả kinh tế.",positive
EVVN-00984,2022-08-12,Tesla,Review site,"Tổng kết khách quan cho bác nào đang tìm hiểu, xe rất hợp cho người đam mê công nghệ và có sẵn chỗ sạc tại nhà. Về cơ bản vận hành trong đô thị rất nhàn nhã, máy êm, chi phí nuôi xe tiết kiệm thấy rõ, nhưng độ hoàn thiện dàn nhựa nội thất và các chi tiết cơ khí vẫn cần hãng trau chuốt thêm.",neutral
EVVN-00985,2022-08-13,Kia,Forum,"Chia sẻ công tâm sau thời gian trải nghiệm, thiết kế và vận hành rất tốt nhưng cần Kia mở rộng liên kết trạm sạc tại VN. Về cơ bản xe lái đầm chắc, khung gầm dày dặn và nhiều công nghệ an toàn hiện đại, nhưng việc đi xa vẫn cần phải lên kế hoạch lộ trình trạm sạc cẩn thận chứ không tiện như đổ xăng.",neutral
EVVN-00986,2022-08-14,Hyundai,Forum,"Cảm nhận về chiếc Hyundai: xe tăng tốc tức thì, vượt xe trên quốc lộ rất tự tin và an toàn. Không gian cabin phẳng rộng rãi như phòng khách gia đình. Chấm điểm 9.5/10 cho độ êm ái và hiệu quả kinh tế.",neutral
EVVN-00987,2022-08-14,Tesla,Forum,"Bức xúc khi dùng Tesla: màn hình trung tâm thỉnh thoảng bị đơ đen sì khi đang chạy, camera lùi bị giật lag nghiêm trọng. Ngoài ra chưa có showroom và trạm sạc Supercharger chính hãng tại VN, phải mua cổng chuyển CCS2 đắt đỏ. Nếu được chọn lại chắc chắn mình sẽ trung thành với xe xăng truyền thống.",negative
EVVN-00988,2022-08-14,Tesla,Forum,"Đi làm hằng ngày với em nó, điểm cộng là Autopilot hỗ trợ tự lái thông minh và giữ làn mượt mà nhất thị trường. Bên cạnh đó, buổi trưa nằm nghỉ trong xe bật điều hòa thoải mái mà không sợ ngạt khí CO độc hại. Chấm điểm 9.5/10 cho độ êm ái và hiệu quả kinh tế.",positive
EVVN-00989,2022-08-15,MG,Dealer,"Sau thời gian trải nghiệm MG: vận hành trong đô thị rất nhàn nhã, máy êm, chi phí nuôi xe tiết kiệm thấy rõ, bù lại phần mềm thỉnh thoảng vẫn dính lỗi vặt linh tinh và cần khởi động lại. Tùy vào nhu cầu sử dụng của mỗi gia đình mà cân nhắc cho phù hợp.",neutral
EVVN-00990,2022-08-15,BYD,Facebook,"Lấy xe từ đợt đầu, thích nhất tính năng bật điều hòa từ xa trước khi lên xe, mùa hè vào xe mát rượi ngay, kèm theo đó kinh tế nhất là sạc chậm qua đêm tại nhà với giá điện sinh hoạt, sáng ra pin đầy ắp sẵn sàng. Rất đáng tiền trong phân khúc, hài lòng 9/10 điểm.",positive
EVVN-00991,2022-08-16,BYD,Facebook,"Đi làm hằng ngày với em nó, trọng tâm pin đặt dưới sàn giúp xe ôm cua cực kỳ đầm chắc, không bị vặn xoắn, và tiền sạc rẻ giật mình, mỗi km tính ra chỉ tốn tầm 400 đến 500 đồng. Cực kỳ ưng ý và sẽ tiếp tục ủng hộ xu hướng di chuyển xanh.",positive
EVVN-00992,2022-08-17,Wuling,Forum,"Góc nhìn thực tế về xe điện mini trong phố, điểm cộng là che nắng che mưa đưa đón con đi học trong phố rất tiện lợi và kinh tế, tuy nhiên tốc độ thấp và tầm hoạt động ngắn nên không thể đi phượt hay chạy xa. Tùy vào nhu cầu thực tế và điều kiện chỗ sạc tại nhà của mỗi người.",neutral
EVVN-00993,2022-08-17,VinFast,Forum,"Đối với chiếc VinFast, vận hành trong đô thị rất nhàn nhã, máy êm, chi phí nuôi xe tiết kiệm thấy rõ. Dẫu vậy, độ hoàn thiện dàn nhựa nội thất và các chi tiết cơ khí vẫn cần hãng trau chuốt thêm; nhìn chung cần thêm vài bản cập nhật OTA nữa để phần mềm đạt độ ổn định tuyệt đối. (Đánh giá tháng 08/2022).",neutral
EVVN-00994,2022-08-17,Tesla,Review site,"Chia sẻ trải nghiệm không mấy vui vẻ sau 2 tháng, nhiều điểm trạm sạc ngoài trời không có mái che, trời mưa bão cắm sạc vừa ướt vừa bất an, thêm vào đó phần mềm liên tục báo lỗi ảo và cảnh báo pin ảo khiến người lái hoang mang. Đang tính chuyện bán lỗ để quay về xe xăng cho đỡ đau đầu.",neutral
EVVN-00995,2022-08-18,MG,YouTube,"Đánh giá khách quan sau vài nghìn km, xe lái đầm chắc, khung gầm dày dặn và nhiều công nghệ an toàn hiện đại, nhưng hạ tầng trạm sạc công cộng dịp lễ đông đúc phải chờ đợi khá sốt ruột. Tóm lại xe rất hợp đi phố hàng ngày, còn đi phượt xa thì cần tính toán kỹ thời gian. Chi tiết hơn mời anh em xem trong video trải nghiệm của mình nhé.",neutral
EVVN-00996,2022-08-18,Kia,Facebook,"Tổng kết khách quan cho bác nào đang tìm hiểu, chạy phố rất nổi bật nhưng đi xa phải tính toán kỹ. Về cơ bản vận hành trong đô thị rất nhàn nhã, máy êm, chi phí nuôi xe tiết kiệm thấy rõ, nhưng trần kính mùa hè khá nóng nếu không dán thêm phim cách nhiệt xịn và lắp rèm che.",neutral
EVVN-00997,2022-08-18,VinFast,YouTube,"Có cả điểm cộng lẫn điểm trừ, ưu điểm là xe chạy cực kỳ êm ái, bốc ga nhanh và chi phí tiền điện hàng tháng rất rẻ, nhưng phần mềm thỉnh thoảng vẫn dính lỗi vặt linh tinh và cần khởi động lại. Tùy vào nhu cầu sử dụng của mỗi gia đình mà cân nhắc cho phù hợp.",neutral
EVVN-00998,2022-08-18,Hyundai,Review site,"Sau hơn nửa năm gắn bó, khả năng cách âm môi trường và gầm xe tốt hơn mong đợi rất nhiều, và tiền sạc rẻ giật mình, mỗi km tính ra chỉ tốn tầm 400 đến 500 đồng. Nói chung quyết định chuyển sang xe điện là hoàn toàn sáng suốt.",positive
EVVN-00999,2022-08-19,VinFast,Review site,"Trải nghiệm cá nhân sau một thời gian cầm lái, lợi thế hệ thống trạm sạc VinFast tại Việt Nam áp đảo hoàn toàn so với mọi đối thủ. Về cơ bản điểm cộng lớn nhất là khả năng tăng tốc mượt mà, không mùi khí thải và không gian cabin thoáng đãng, nhưng phần mềm thỉnh thoảng vẫn dính lỗi vặt linh tinh và cần khởi động lại.",neutral
EVVN-01000,2022-08-19,Hyundai,Dealer,"Cảm nhận về chiếc Hyundai: xe lướt đi êm ru, người nhà ngồi sau trước đây hay say xe giờ đi thoải mái cả hành trình. Không gian cabin phẳng rộng rãi như phòng khách gia đình. Ai còn phân vân thì nên lái thử một lần, đảm bảo không muốn quay lại xe xăng.",positive
EVVN-01001,2022-08-19,BYD,YouTube,"Vừa hoàn thành chuyến về quê 500km, điểm cộng là công nghệ pin Blade độc quyền an toàn chống cháy nổ rất yên tâm. Bên cạnh đó, thích nhất tính năng bật điều hòa từ xa trước khi lên xe, mùa hè vào xe mát rượi ngay. Thực sự vượt ngoài mong đợi ban đầu của mình.",positive
EVVN-01002,2022-08-19,Tesla,Dealer,"Cảm nhận về chiếc Tesla: vận hành êm ái tuyệt đối, không rung giật và chấm dứt hẳn mùi xăng khó chịu. Hệ điều hành điều khiển mượt mà như một chiếc máy tính bảng cao cấp. Thực sự vượt ngoài mong đợi ban đầu của mình.",positive
EVVN-01003,2022-08-20,Wuling,YouTube,"Lên đây cảnh báo thực tế cho anh em đang có ý định mua, tốc độ tối đa thấp và không đi được cao tốc, ra đường lớn gió thổi tạt hơi ghê. Điểm trừ nữa là cách âm gầm và lốp kém khi đi qua đoạn đường nhám. Mua về rồi mới thấy bất tiện hơn tưởng tượng rất nhiều.",negative
EVVN-01004,2022-08-20,BYD,Review site,"Đánh giá khách quan sau vài nghìn km, ưu điểm là xe chạy cực kỳ êm ái, bốc ga nhanh và chi phí tiền điện hàng tháng rất rẻ, nhưng hạ tầng trạm sạc công cộng dịp lễ đông đúc phải chờ đợi khá sốt ruột. Nhìn chung là sản phẩm dùng được nhưng chưa thực sự hoàn hảo.",neutral
EVVN-01005,2022-08-21,MG,YouTube,"Sau thời gian trải nghiệm MG: ưu điểm là xe chạy cực kỳ êm ái, bốc ga nhanh và chi phí tiền điện hàng tháng rất rẻ, bù lại quãng đường chạy đường trường thực tế sẽ hụt bớt khoảng 20-30% nếu đạp thốc ga liên tục. Bác nào ở nhà đất có chỗ cắm sạc thì nên mua, còn ở chung cư thì nên tính toán thêm.",neutral
EVVN-01006,2022-08-21,VinFast,Facebook,"Bức xúc khi dùng VinFast: lỗi ắc quy 12V tụt áp bất thình lình làm xe không khởi động được, phải gọi xe cứu hộ kéo về. Ngoài ra xưởng dịch vụ nhiều đợt đông nghẹt xe taxi vào sửa chữa nên khách cá nhân phải chờ lâu. Quá mệt mỏi vì suốt ngày phải lo nghĩ chuyện sạc pin và lỗi phần mềm.",negative
EVVN-01007,2022-08-22,VinFast,Dealer,"Cảm nhận về chiếc VinFast: xe tăng tốc tức thì, vượt xe trên quốc lộ rất tự tin và an toàn. Khung gầm đầm chắc chuẩn xe Đức, ôm cua ở tốc độ cao rất vững vàng. Một trải nghiệm nâng cấp chất lượng sống cho cả gia đình.",positive
EVVN-01008,2022-08-22,Wuling,Review site,"Chia sẻ trải nghiệm không mấy vui vẻ sau 2 tháng, xe không có cổng sạc nhanh nên mỗi lần sạc phải đợi 6-8 tiếng. Điểm trừ nữa là ở chung cư không có chỗ cắm điện 220V thì không tài nào nuôi nổi xe. Trải nghiệm chưa xứng đáng với kỳ vọng ban đầu.",negative
EVVN-01009,2022-08-22,VinFast,Forum,"Sau gần 8 tháng sử dụng liên tục, màn hình giải trí sắc nét, cảm ứng mượt mà và hỗ trợ kết nối không dây rất tiện, song song với đó kinh tế nhất là sạc chậm qua đêm tại nhà với giá điện sinh hoạt, sáng ra pin đầy ắp sẵn sàng. Chấm điểm 9.5/10 cho độ êm ái và hiệu quả kinh tế.",neutral
EVVN-01010,2022-08-22,MG,Forum,"Sau gần 8 tháng sử dụng liên tục, màn hình giải trí sắc nét, cảm ứng mượt mà và hỗ trợ kết nối không dây rất tiện, song song với đó chi phí sạc điện mỗi tháng chưa tới 800 nghìn, tiết kiệm hơn 70% so với tiền xăng trước kia. Cực kỳ ưng ý và sẽ tiếp tục ủng hộ xu hướng di chuyển xanh.",positive
EVVN-01011,2022-08-22,Hyundai,Forum,"Sau thời gian trải nghiệm Hyundai: điểm cộng lớn nhất là khả năng tăng tốc mượt mà, không mùi khí thải và không gian cabin thoáng đãng, bù lại hạ tầng trạm sạc công cộng dịp lễ đông đúc phải chờ đợi khá sốt ruột. Tóm lại xe rất hợp đi phố hàng ngày, còn đi phượt xa thì cần tính toán kỹ thời gian.",neutral
EVVN-01012,2022-08-23,VinFast,Dealer,"Chạy thử cả phố lẫn đường trường, hệ thống kiểm soát hành trình thích ứng và hỗ trợ giữ làn lái rất nhàn trên cao tốc, kèm theo đó kinh tế nhất là sạc chậm qua đêm tại nhà với giá điện sinh hoạt, sáng ra pin đầy ắp sẵn sàng. Thực sự vượt ngoài mong đợi ban đầu của mình.",positive
EVVN-01013,2022-08-23,Hyundai,YouTube,"Cảm nhận về chiếc Hyundai: xe tăng tốc tức thì, vượt xe trên quốc lộ rất tự tin và an toàn. Kiến trúc điện 800V hỗ trợ sạc siêu nhanh hàng đầu phân khúc. Cực kỳ ưng ý và sẽ tiếp tục ủng hộ xu hướng di chuyển xanh.",positive
EVVN-01014,2022-08-23,VinFast,Facebook,"Hôm qua suýt nằm đường vì, trải nghiệm thực sự tệ khi chất liệu nhựa nội thất ọp ẹp, đi vào đường xấu phát ra tiếng kêu cọt kẹt rất khó chịu. Đáng nói nhất là chính sách gói cước và thuê pin thay đổi khiến nhiều chủ xe đời đầu hơi hụt hẫng. Trải nghiệm chưa xứng đáng với kỳ vọng và số tiền bỏ ra.",negative
EVVN-01015,2022-08-23,Kia,Review site,"Dùng được vài tuần bắt đầu phát sinh nhiều vấn đề, dọc đường miền núi trạm sạc quá thưa thớt, vừa đi vừa run sợ hết pin giữa đèo. Thất vọng hơn là quãng đường thực tế hao hụt gần 35% so với công bố khi chạy cao tốc kèm bật điều hòa gió lớn. Mong hãng nghiêm túc lắng nghe phản ánh và sớm có phương án xử lý dứt điểm.",neutral
EVVN-01016,2022-08-25,Wuling,Facebook,"Trải nghiệm thực tế sau nửa năm đi lại trong đô thị, chở 2 mẹ con che nắng mưa mùa đông hè rất tiện, đồng thời tiền điện sạc tại nhà mỗi tháng chỉ tầm 200 đến 300 nghìn, rẻ ngang xe máy số. Rất ưng ý với số tiền bỏ ra, phù hợp nhu cầu gia đình nhỏ. Mình chia sẻ lên nhóm để anh em cùng thảo luận.",positive
EVVN-01017,2022-08-25,VinFast,Dealer,"Nhận xét thực tế sau chuyến đi dài, sạc pin ở nhà vào ban đêm rất tiện lợi và kinh tế, nhưng độ hoàn thiện dàn nhựa nội thất và các chi tiết cơ khí vẫn cần hãng trau chuốt thêm. Đánh giá ở mức 7/10 điểm, cần thêm thời gian để hoàn thiện hạ tầng và phần mềm.",neutral
EVVN-01018,2022-08-26,MG,Review site,"Cảm nhận về chiếc MG: trọng tâm pin đặt dưới sàn giúp xe ôm cua cực kỳ đầm chắc, không bị vặn xoắn. Mức giá tiếp cận hợp lý so với công năng xe điện mang lại. Một trải nghiệm nâng cấp chất lượng sống cho cả gia đình.",positive
EVVN-01019,2022-08-26,VinFast,YouTube,"Có cả điểm cộng lẫn điểm trừ, cần thêm vài bản cập nhật OTA nữa để phần mềm đạt độ ổn định tuyệt đối. Về cơ bản sạc pin ở nhà vào ban đêm rất tiện lợi và kinh tế, nhưng hạ tầng trạm sạc công cộng dịp lễ đông đúc phải chờ đợi khá sốt ruột. Chi tiết hơn mời anh em xem trong video trải nghiệm của mình nhé.",neutral
EVVN-01020,2022-08-27,Tesla,Review site,"Gặp sự cố giữa đường mới thấy, tốc độ sạc bị bóp công suất tụt thảm hại khi có nhiều xe cùng cắm sạc một lúc. Thất vọng hơn là trần kính toàn cảnh vào mùa hè Hà Nội nắng 40 độ hấp nhiệt nóng rát đỉnh đầu, bật điều hòa max vẫn toát mồ hôi. Thực sự thất vọng, khuyên thật lòng anh em nên cân nhắc kỹ trước khi xuống tiền.",negative
EVVN-01021,2022-08-27,BYD,Dealer,Bức xúc khi dùng BYD: phần mềm liên tục báo lỗi ảo và cảnh báo pin ảo khiến người lái hoang mang. Ngoài ra giá phụ tùng linh kiện nhập khẩu còn tương đối cao. Mong hãng nghiêm túc lắng nghe phản ánh và sớm có phương án xử lý dứt điểm.,neutral
EVVN-01022,2022-08-27,Wuling,Dealer,"Góc nhìn thực tế về xe điện mini trong phố, vận hành đô thị linh hoạt, bán kính quay đầu nhỏ và máy chạy êm, tuy nhiên tốc độ thấp và tầm hoạt động ngắn nên không thể đi phượt hay chạy xa. Đánh giá ở mức 7/10 điểm, đúng công năng cho người cần xe phụ đi chợ đi làm.",neutral
EVVN-01023,2022-08-27,BYD,YouTube,"Cảm nhận về chiếc BYD: phanh tái sinh chỉnh mức vừa đi rất mượt, đi trong phố đông gần như chỉ cần dùng một bàn đạp. Công nghệ pin Blade độc quyền an toàn chống cháy nổ rất yên tâm. Rất đáng tiền trong phân khúc, hài lòng 9/10 điểm. (Cập nhật ODO vạn km đợt 2022).",positive
EVVN-01024,2022-08-27,Hyundai,Review site,"Khen chê rõ ràng cho anh em tham khảo, điểm cộng lớn nhất là khả năng tăng tốc mượt mà, không mùi khí thải và không gian cabin thoáng đãng, nhưng việc đi xa vẫn cần phải lên kế hoạch lộ trình trạm sạc cẩn thận chứ không tiện như đổ xăng. Tùy vào nhu cầu sử dụng của mỗi gia đình mà cân nhắc cho phù hợp.",negative
EVVN-01025,2022-08-27,VinFast,Facebook,"Đối với chiếc VinFast, vận hành trong đô thị rất nhàn nhã, máy êm, chi phí nuôi xe tiết kiệm thấy rõ. Dẫu vậy, trần kính mùa hè khá nóng nếu không dán thêm phim cách nhiệt xịn và lắp rèm che; nhìn chung cần thêm vài bản cập nhật OTA nữa để phần mềm đạt độ ổn định tuyệt đối. (Cập nhật ODO vạn km đợt 2022).",neutral
EVVN-01026,2022-08-27,Kia,Dealer,"Cảm nhận thật lòng sau 3 tháng sử dụng, các bản cập nhật phần mềm từ xa OTA ngày càng hoàn thiện, xe đi mượt hơn hẳn, song song với đó chi phí sạc điện mỗi tháng chưa tới 800 nghìn, tiết kiệm hơn 70% so với tiền xăng trước kia. Một trải nghiệm nâng cấp chất lượng sống cho cả gia đình.",positive
EVVN-01027,2022-08-28,VinFast,Dealer,"Đi làm hằng ngày với em nó, xe tăng tốc tức thì, vượt xe trên quốc lộ rất tự tin và an toàn, và tiền sạc rẻ giật mình, mỗi km tính ra chỉ tốn tầm 400 đến 500 đồng. Rất đáng tiền trong phân khúc, hài lòng 9/10 điểm.",positive
EVVN-01028,2022-08-28,Tesla,Facebook,"Đi làm hằng ngày với em nó, phanh tái sinh chỉnh mức vừa đi rất mượt, đi trong phố đông gần như chỉ cần dùng một bàn đạp, hơn nữa tính bài toán vận hành lâu dài thì kinh tế hơn hẳn các dòng xe xăng cùng tầm giá. Chấm điểm 9.5/10 cho độ êm ái và hiệu quả kinh tế.",positive
EVVN-01029,2022-08-29,BYD,Dealer,"Bức xúc khi dùng BYD: hệ thống nhận diện giọng nói ngô nghê, gọi mãi không hiểu khẩu lệnh cơ bản. Ngoài ra hãng chưa có trạm sạc riêng tại VN nên phải tìm trạm tư nhân bên thứ 3 khá bất tiện. Đang tính chuyện bán lỗ để quay về xe xăng cho đỡ đau đầu.",neutral
EVVN-01030,2022-08-29,BYD,Review site,"Sau hơn nửa năm gắn bó, điểm cộng là màn hình xoay 15.6 inch sắc nét và độ phản hồi cảm ứng rất nhanh. Thêm vào đó, hệ thống kiểm soát hành trình thích ứng và hỗ trợ giữ làn lái rất nhàn trên cao tốc. Thực sự vượt ngoài mong đợi ban đầu của mình.",positive
EVVN-01031,2022-08-30,VinFast,Facebook,"Đối với chiếc VinFast, vận hành trong đô thị rất nhàn nhã, máy êm, chi phí nuôi xe tiết kiệm thấy rõ. Dẫu vậy, phần mềm thỉnh thoảng vẫn dính lỗi vặt linh tinh và cần khởi động lại; nhìn chung lợi thế hệ thống trạm sạc VinFast tại Việt Nam áp đảo hoàn toàn so với mọi đối thủ.",neutral
EVVN-01032,2022-08-30,Wuling,Dealer,"Trải nghiệm thực tế sau nửa năm đi lại trong đô thị, chở 2 mẹ con che nắng mưa mùa đông hè rất tiện, hơn nữa tiền điện sạc tại nhà mỗi tháng chỉ tầm 200 đến 300 nghìn, rẻ ngang xe máy số. Đúng là phương tiện hoàn hảo để thay thế xe máy.",positive
EVVN-01033,2022-08-30,VinFast,Forum,"Sau thời gian trải nghiệm VinFast: xe lái đầm chắc, khung gầm dày dặn và nhiều công nghệ an toàn hiện đại, bù lại độ hoàn thiện dàn nhựa nội thất và các chi tiết cơ khí vẫn cần hãng trau chuốt thêm. Bác nào ở nhà đất có chỗ cắm sạc thì nên mua, còn ở chung cư thì nên tính toán thêm.",neutral
EVVN-01034,2022-08-31,Tesla,YouTube,"Mua xe cho vợ đi làm hàng ngày, hệ thống kiểm soát hành trình thích ứng và hỗ trợ giữ làn lái rất nhàn trên cao tốc, song song với đó chi phí sạc điện mỗi tháng chưa tới 800 nghìn, tiết kiệm hơn 70% so với tiền xăng trước kia. Cực kỳ ưng ý và sẽ tiếp tục ủng hộ xu hướng di chuyển xanh.",positive
EVVN-01035,2022-09-01,Wuling,YouTube,"Cảm nhận thật lòng sau vài tháng đón con đi học, tầm nhìn thoáng căn chỉnh xe rất dễ dàng, đồng thời cắm sạc trực tiếp ổ điện 220V gia đình qua đêm rất tiện lợi. Đi lại quãng ngắn trong thành phố thì không có gì để chê.",positive
EVVN-01036,2022-09-01,Tesla,Dealer,"Lần đầu đi phượt đèo dốc bằng xe điện, phanh tái sinh chỉnh mức vừa đi rất mượt, đi trong phố đông gần như chỉ cần dùng một bàn đạp, hơn nữa tính bài toán vận hành lâu dài thì kinh tế hơn hẳn các dòng xe xăng cùng tầm giá. Ai còn phân vân thì nên lái thử một lần, đảm bảo không muốn quay lại xe xăng.",positive
EVVN-01037,2022-09-01,VinFast,Review site,"Lần đầu đi phượt đèo dốc bằng xe điện, màn hình giải trí sắc nét, cảm ứng mượt mà và hỗ trợ kết nối không dây rất tiện, song song với đó khoản bảo dưỡng định kỳ rất nhàn, không phải thay dầu máy hay bugi lọc gió phức tạp. Cực kỳ ưng ý và sẽ tiếp tục ủng hộ xu hướng di chuyển xanh.",positive
EVVN-01038,2022-09-02,BYD,Forum,"Sau thời gian trải nghiệm BYD: ưu điểm là xe chạy cực kỳ êm ái, bốc ga nhanh và chi phí tiền điện hàng tháng rất rẻ, bù lại quãng đường chạy đường trường thực tế sẽ hụt bớt khoảng 20-30% nếu đạp thốc ga liên tục. Tóm lại xe rất hợp đi phố hàng ngày, còn đi phượt xa thì cần tính toán kỹ thời gian.",neutral
EVVN-01039,2022-09-03,VinFast,Dealer,"Sau chuyến xuyên Việt vừa rồi, điểm cộng là khung gầm đầm chắc chuẩn xe Đức, ôm cua ở tốc độ cao rất vững vàng. Thêm vào đó, thích nhất tính năng bật điều hòa từ xa trước khi lên xe, mùa hè vào xe mát rượi ngay. Thực sự vượt ngoài mong đợi ban đầu của mình.",positive
EVVN-01040,2022-09-04,Wuling,Review site,"Góc nhìn thực tế về xe điện mini trong phố, điểm cộng là che nắng che mưa đưa đón con đi học trong phố rất tiện lợi và kinh tế, đổi lại trang bị an toàn ở mức tối thiểu và khoang chở đồ rất hạn chế. Tùy vào nhu cầu thực tế và điều kiện chỗ sạc tại nhà của mỗi người.",neutral
EVVN-01041,2022-09-04,MG,Facebook,"Cảm nhận thật lòng sau 3 tháng sử dụng, xe lướt đi êm ru, người nhà ngồi sau trước đây hay say xe giờ đi thoải mái cả hành trình, hơn nữa chi phí sạc điện mỗi tháng chưa tới 800 nghìn, tiết kiệm hơn 70% so với tiền xăng trước kia. Thực sự vượt ngoài mong đợi ban đầu của mình.",positive
EVVN-01042,2022-09-04,Hyundai,Dealer,"Khen chê rõ ràng cho anh em tham khảo, vận hành trong đô thị rất nhàn nhã, máy êm, chi phí nuôi xe tiết kiệm thấy rõ, nhưng quãng đường chạy đường trường thực tế sẽ hụt bớt khoảng 20-30% nếu đạp thốc ga liên tục. Tóm lại xe rất hợp đi phố hàng ngày, còn đi phượt xa thì cần tính toán kỹ thời gian.",neutral
EVVN-01043,2022-09-04,VinFast,Review site,"Dùng được vài tuần bắt đầu phát sinh nhiều vấn đề, dọc đường miền núi trạm sạc quá thưa thớt, vừa đi vừa run sợ hết pin giữa đèo, chưa kể phần mềm liên tục báo lỗi ảo và cảnh báo pin ảo khiến người lái hoang mang. Nếu được chọn lại chắc chắn mình sẽ trung thành với xe xăng truyền thống.",negative
EVVN-01044,2022-09-06,BYD,Forum,"Gia đình mình sử dụng đi lại hàng ngày, trọng tâm pin đặt dưới sàn giúp xe ôm cua cực kỳ đầm chắc, không bị vặn xoắn, đồng thời chi phí sạc điện mỗi tháng chưa tới 800 nghìn, tiết kiệm hơn 70% so với tiền xăng trước kia. Thực sự vượt ngoài mong đợi ban đầu của mình.",positive
EVVN-01045,2022-09-06,Wuling,Dealer,"Dùng được vài tuần bắt đầu thấy nhiều điểm bất tiện, khoang xe chật chội, chở đủ 4 người lớn thì gầm xệ và máy khá ì. Điểm trừ nữa là giảm xóc sau khá cứng đi qua gờ giảm tốc nảy tưng tưng. Mua về rồi mới thấy bất tiện hơn tưởng tượng rất nhiều. Cảm nhận nhanh sau buổi nhận bàn giao xe tại đại lý.",negative
EVVN-01046,2022-09-06,Tesla,Review site,"Lấy xe từ đợt đầu, vận hành êm ái tuyệt đối, không rung giật và chấm dứt hẳn mùi xăng khó chịu, hơn nữa khoản bảo dưỡng định kỳ rất nhàn, không phải thay dầu máy hay bugi lọc gió phức tạp. Rất đáng tiền trong phân khúc, hài lòng 9/10 điểm.",positive
EVVN-01047,2022-09-08,Hyundai,YouTube,"Đối với chiếc Hyundai, điểm cộng lớn nhất là khả năng tăng tốc mượt mà, không mùi khí thải và không gian cabin thoáng đãng. Dẫu vậy, hạ tầng trạm sạc công cộng dịp lễ đông đúc phải chờ đợi khá sốt ruột; nhìn chung chất lượng hoàn thiện chuẩn xe toàn cầu nhưng hạ tầng sạc vẫn là rào cản lớn.",neutral
EVVN-01048,2022-09-08,VinFast,Forum,"Bỏ ra số tiền không nhỏ mà nhận lại, nhiều điểm trạm sạc ngoài trời không có mái che, trời mưa bão cắm sạc vừa ướt vừa bất an, chưa kể cảm biến va chạm và radar hú còi loạn xạ dù đường hoàn toàn thông thoáng. Nếu được chọn lại chắc chắn mình sẽ trung thành với xe xăng truyền thống.",negative
EVVN-01049,2022-09-09,VinFast,Review site,"Vừa bực vừa ức chế, trải nghiệm thực sự tệ khi chất liệu nhựa nội thất ọp ẹp, đi vào đường xấu phát ra tiếng kêu cọt kẹt rất khó chịu. Đáng nói nhất là màn hình giải trí đôi khi khởi động lại bất thình lình khi xe đang chạy. Trải nghiệm chưa xứng đáng với kỳ vọng và số tiền bỏ ra.",negative
EVVN-01050,2022-09-09,MG,Dealer,"Trải nghiệm thực tế quá khác xa so với quảng cáo, trải nghiệm thực sự tệ khi độ hoàn thiện các khe hở thân vỏ không đều, gioăng cao su cửa cách âm kém nghe rõ tiếng gió rít khi lên 100km/h. Đáng nói nhất là chưa phát triển hệ sinh thái trạm sạc công cộng tại các tỉnh thành. Nếu được chọn lại chắc chắn mình sẽ trung thành với xe xăng truyền thống.",neutral
EVVN-01051,2022-09-10,Tesla,YouTube,"Sau thời gian trải nghiệm Tesla: vận hành trong đô thị rất nhàn nhã, máy êm, chi phí nuôi xe tiết kiệm thấy rõ, bù lại hạ tầng trạm sạc công cộng dịp lễ đông đúc phải chờ đợi khá sốt ruột. Tùy vào nhu cầu sử dụng của mỗi gia đình mà cân nhắc cho phù hợp.",negative
EVVN-01052,2022-09-10,Tesla,Dealer,"Sau thời gian trải nghiệm Tesla: sạc pin ở nhà vào ban đêm rất tiện lợi và kinh tế, bù lại phần mềm thỉnh thoảng vẫn dính lỗi vặt linh tinh và cần khởi động lại. Xe có ưu nhược điểm riêng, ai chấp nhận được điểm trừ thì dùng rất ổn.",neutral
EVVN-01053,2022-09-11,BYD,Forum,Bức xúc khi dùng BYD: phần mềm liên tục báo lỗi ảo và cảnh báo pin ảo khiến người lái hoang mang. Ngoài ra giá phụ tùng linh kiện nhập khẩu còn tương đối cao. Quá mệt mỏi vì suốt ngày phải lo nghĩ chuyện sạc pin và lỗi phần mềm.,negative
EVVN-01054,2022-09-11,Tesla,Dealer,Bức xúc khi dùng Tesla: cảm biến va chạm và radar hú còi loạn xạ dù đường hoàn toàn thông thoáng. Ngoài ra khe hở thân vỏ gia công chưa thật sự khít và đồng đều. Mong hãng nghiêm túc lắng nghe phản ánh và sớm có phương án xử lý dứt điểm. Cảm nhận nhanh sau buổi nhận bàn giao xe tại đại lý.,negative
EVVN-01055,2022-09-11,Kia,YouTube,"Đối với chiếc Kia, điểm cộng lớn nhất là khả năng tăng tốc mượt mà, không mùi khí thải và không gian cabin thoáng đãng. Dẫu vậy, trần kính mùa hè khá nóng nếu không dán thêm phim cách nhiệt xịn và lắp rèm che; nhìn chung thiết kế và vận hành rất tốt nhưng cần Kia mở rộng liên kết trạm sạc tại VN. Chi tiết hơn mời anh em xem trong video trải nghiệm của mình nhé.",neutral
EVVN-01056,2022-09-11,VinFast,Review site,"Từ xe xăng đổi qua xe điện, trọng tâm pin đặt dưới sàn giúp xe ôm cua cực kỳ đầm chắc, không bị vặn xoắn, đồng thời chi phí sạc điện mỗi tháng chưa tới 800 nghìn, tiết kiệm hơn 70% so với tiền xăng trước kia. Đi rồi mới thấy công nghệ xe điện tiện lợi và sướng hơn hẳn.",neutral
EVVN-01057,2022-09-12,BYD,Facebook,"Đi làm hằng ngày với em nó, trọng tâm pin đặt dưới sàn giúp xe ôm cua cực kỳ đầm chắc, không bị vặn xoắn, đồng thời tiền sạc rẻ giật mình, mỗi km tính ra chỉ tốn tầm 400 đến 500 đồng. Nói chung quyết định chuyển sang xe điện là hoàn toàn sáng suốt.",neutral
EVVN-01058,2022-09-12,Kia,Forum,"Không tâng bốc cũng không dìm hàng, xe lái đầm chắc, khung gầm dày dặn và nhiều công nghệ an toàn hiện đại, nhưng trần kính mùa hè khá nóng nếu không dán thêm phim cách nhiệt xịn và lắp rèm che. Đánh giá ở mức 7/10 điểm, cần thêm thời gian để hoàn thiện hạ tầng và phần mềm.",negative
EVVN-01059,2022-09-13,BYD,YouTube,"Bức xúc khi dùng BYD: màn hình trung tâm thỉnh thoảng bị đơ đen sì khi đang chạy, camera lùi bị giật lag nghiêm trọng. Ngoài ra nhiều chi tiết đèn viền và cửa gió thiết kế hơi rườm rà sến sẩm. Nếu được chọn lại chắc chắn mình sẽ trung thành với xe xăng truyền thống.",negative
EVVN-01060,2022-09-14,MG,YouTube,"Đi phố mỗi ngày vào giờ cao điểm mới thấy, điểm cộng là mức giá tiếp cận hợp lý so với công năng xe điện mang lại. Bên cạnh đó, hệ thống kiểm soát hành trình thích ứng và hỗ trợ giữ làn lái rất nhàn trên cao tốc. Một trải nghiệm nâng cấp chất lượng sống cho cả gia đình. Chi tiết hơn mời anh em xem trong video trải nghiệm của mình nhé.",neutral
EVVN-01061,2022-09-14,VinFast,Forum,"Sau thời gian trải nghiệm VinFast: xe lái đầm chắc, khung gầm dày dặn và nhiều công nghệ an toàn hiện đại, bù lại độ hoàn thiện dàn nhựa nội thất và các chi tiết cơ khí vẫn cần hãng trau chuốt thêm. Tóm lại xe rất hợp đi phố hàng ngày, còn đi phượt xa thì cần tính toán kỹ thời gian. Góc nhìn chân thực từ thành viên Forum.",neutral
EVVN-01062,2022-09-14,Hyundai,Dealer,"Dưới góc nhìn người dùng thực tế, vận hành trong đô thị rất nhàn nhã, máy êm, chi phí nuôi xe tiết kiệm thấy rõ, nhưng hạ tầng trạm sạc công cộng dịp lễ đông đúc phải chờ đợi khá sốt ruột. Tùy vào nhu cầu sử dụng của mỗi gia đình mà cân nhắc cho phù hợp.",neutral
EVVN-01063,2022-09-15,MG,Forum,"Quá mệt mỏi sau chuyến đi tỉnh cuối tuần, dọc đường miền núi trạm sạc quá thưa thớt, vừa đi vừa run sợ hết pin giữa đèo, thêm vào đó phần mềm liên tục báo lỗi ảo và cảnh báo pin ảo khiến người lái hoang mang. Đang tính chuyện bán lỗ để quay về xe xăng cho đỡ đau đầu.",negative
EVVN-01064,2022-09-15,MG,YouTube,"Sau gần 8 tháng sử dụng liên tục, điểm cộng là MG4 EV dẫn động cầu sau lái phấn khích và linh hoạt trong cua. Bên cạnh đó, thích nhất tính năng bật điều hòa từ xa trước khi lên xe, mùa hè vào xe mát rượi ngay. Chấm điểm 9.5/10 cho độ êm ái và hiệu quả kinh tế.",positive
EVVN-01065,2022-09-15,VinFast,Facebook,"Cần phản ánh nghiêm túc về tình trạng, trải nghiệm thực sự tệ khi khoang hành lý quá chật hẹp, không thể nhét vừa hai chiếc vali cỡ trung cho chuyến đi xa. Đáng nói nhất là màn hình giải trí đôi khi khởi động lại bất thình lình khi xe đang chạy. Nếu được chọn lại chắc chắn mình sẽ trung thành với xe xăng truyền thống.",negative
EVVN-01066,2022-09-15,VinFast,Forum,"Chia sẻ trải nghiệm không mấy vui vẻ sau 2 tháng, trải nghiệm thực sự tệ khi chất liệu nhựa nội thất ọp ẹp, đi vào đường xấu phát ra tiếng kêu cọt kẹt rất khó chịu. Đáng nói nhất là xưởng dịch vụ nhiều đợt đông nghẹt xe taxi vào sửa chữa nên khách cá nhân phải chờ lâu. Không thể chấp nhận một sản phẩm giá tiền tỷ mà lỗi vặt nhiều như thế này.",neutral
EVVN-01067,2022-09-16,VinFast,Forum,"Chạy thử cả phố lẫn đường trường, vận hành êm ái tuyệt đối, không rung giật và chấm dứt hẳn mùi xăng khó chịu, hơn nữa chi phí sạc điện mỗi tháng chưa tới 800 nghìn, tiết kiệm hơn 70% so với tiền xăng trước kia. Thực sự vượt ngoài mong đợi ban đầu của mình.",positive
EVVN-01068,2022-09-16,VinFast,Facebook,"Cần phản ánh nghiêm túc về tình trạng, ở chung cư không có trụ sạc AC, đi làm về mệt mỏi lại phải lang thang tìm trụ sạc nhanh rất bất tiện, chưa kể màn hình trung tâm thỉnh thoảng bị đơ đen sì khi đang chạy, camera lùi bị giật lag nghiêm trọng. Không thể chấp nhận một sản phẩm giá tiền tỷ mà lỗi vặt nhiều như thế này.",negative
EVVN-01069,2022-09-16,VinFast,Dealer,"Đánh giá khách quan sau vài nghìn km, sạc pin ở nhà vào ban đêm rất tiện lợi và kinh tế, nhưng việc đi xa vẫn cần phải lên kế hoạch lộ trình trạm sạc cẩn thận chứ không tiện như đổ xăng. Tùy vào nhu cầu sử dụng của mỗi gia đình mà cân nhắc cho phù hợp.",neutral
EVVN-01070,2022-09-16,VinFast,YouTube,"Chia sẻ công tâm sau thời gian trải nghiệm, ưu điểm là xe chạy cực kỳ êm ái, bốc ga nhanh và chi phí tiền điện hàng tháng rất rẻ, nhưng trần kính mùa hè khá nóng nếu không dán thêm phim cách nhiệt xịn và lắp rèm che. Xe có ưu nhược điểm riêng, ai chấp nhận được điểm trừ thì dùng rất ổn.",neutral
EVVN-01071,2022-09-17,BYD,Dealer,"Thật sự ngán ngẩm với chất lượng hoàn thiện, ở chung cư không có trụ sạc AC, đi làm về mệt mỏi lại phải lang thang tìm trụ sạc nhanh rất bất tiện. Thất vọng hơn là độ hoàn thiện các khe hở thân vỏ không đều, gioăng cao su cửa cách âm kém nghe rõ tiếng gió rít khi lên 100km/h. Đang tính chuyện bán lỗ để quay về xe xăng cho đỡ đau đầu.",negative
EVVN-01072,2022-09-17,Wuling,Review site,"Lấy xe chủ yếu che nắng che mưa, bán kính quay đầu nhỏ xoay xở đầu ngõ phố nhẹ tênh, hơn nữa tiền điện sạc tại nhà mỗi tháng chỉ tầm 200 đến 300 nghìn, rẻ ngang xe máy số. Rất ưng ý với số tiền bỏ ra, phù hợp nhu cầu gia đình nhỏ.",positive
EVVN-01073,2022-09-18,VinFast,Forum,"Cảm nhận về chiếc VinFast: trọng tâm pin đặt dưới sàn giúp xe ôm cua cực kỳ đầm chắc, không bị vặn xoắn. Trợ lý ảo ViVi nhận diện giọng nói tiếng Việt ba miền cực kỳ mượt mà. Chấm điểm 9.5/10 cho độ êm ái và hiệu quả kinh tế.",positive
EVVN-01074,2022-09-18,Tesla,Review site,"Đổi từ sedan Nhật sang xe điện, khả năng cách âm môi trường và gầm xe tốt hơn mong đợi rất nhiều, đồng thời tiền sạc rẻ giật mình, mỗi km tính ra chỉ tốn tầm 400 đến 500 đồng. Rất đáng tiền trong phân khúc, hài lòng 9/10 điểm.",positive
EVVN-01075,2022-09-18,VinFast,Facebook,"Sau thời gian trải nghiệm VinFast: sạc pin ở nhà vào ban đêm rất tiện lợi và kinh tế, bù lại việc đi xa vẫn cần phải lên kế hoạch lộ trình trạm sạc cẩn thận chứ không tiện như đổ xăng. Bác nào ở nhà đất có chỗ cắm sạc thì nên mua, còn ở chung cư thì nên tính toán thêm.",neutral
EVVN-01076,2022-09-19,VinFast,Facebook,"Mua xe cho vợ đi làm hàng ngày, điểm cộng là trợ lý ảo ViVi nhận diện giọng nói tiếng Việt ba miền cực kỳ mượt mà. Thêm vào đó, các bản cập nhật phần mềm từ xa OTA ngày càng hoàn thiện, xe đi mượt hơn hẳn. Một trải nghiệm nâng cấp chất lượng sống cho cả gia đình.",positive
EVVN-01077,2022-09-19,Tesla,Review site,"Chạy thử nhiều mẫu xe rồi mới chốt em này, màn hình giải trí sắc nét, cảm ứng mượt mà và hỗ trợ kết nối không dây rất tiện, kèm theo đó kinh tế nhất là sạc chậm qua đêm tại nhà với giá điện sinh hoạt, sáng ra pin đầy ắp sẵn sàng. Rất đáng tiền trong phân khúc, hài lòng 9/10 điểm.",neutral
EVVN-01078,2022-09-19,VinFast,Forum,"Đối với chiếc VinFast, sạc pin ở nhà vào ban đêm rất tiện lợi và kinh tế. Dẫu vậy, độ hoàn thiện dàn nhựa nội thất và các chi tiết cơ khí vẫn cần hãng trau chuốt thêm; nhìn chung lợi thế hệ thống trạm sạc VinFast tại Việt Nam áp đảo hoàn toàn so với mọi đối thủ.",neutral
EVVN-01079,2022-09-19,Hyundai,Dealer,"Đối với chiếc Hyundai, vận hành trong đô thị rất nhàn nhã, máy êm, chi phí nuôi xe tiết kiệm thấy rõ. Dẫu vậy, độ hoàn thiện dàn nhựa nội thất và các chi tiết cơ khí vẫn cần hãng trau chuốt thêm; nhìn chung chất lượng hoàn thiện chuẩn xe toàn cầu nhưng hạ tầng sạc vẫn là rào cản lớn.",neutral
EVVN-01080,2022-09-20,BYD,Forum,"Chờ đợi mòn mỏi ở xưởng dịch vụ, tốc độ sạc bị bóp công suất tụt thảm hại khi có nhiều xe cùng cắm sạc một lúc, chưa kể hệ thống nhận diện giọng nói ngô nghê, gọi mãi không hiểu khẩu lệnh cơ bản. Nếu được chọn lại chắc chắn mình sẽ trung thành với xe xăng truyền thống.",negative
EVVN-01081,2022-09-20,Hyundai,Review site,"Đã gắn bó từ những ngày đầu nhận xe, điểm cộng là Ioniq 5 thiết kế phong cách Pixel retro tương lai cực kỳ ấn tượng. Bên cạnh đó, các bản cập nhật phần mềm từ xa OTA ngày càng hoàn thiện, xe đi mượt hơn hẳn. Thực sự vượt ngoài mong đợi ban đầu của mình.",positive
EVVN-01082,2022-09-21,VinFast,YouTube,"Thật sự ngán ngẩm với chất lượng hoàn thiện, trải nghiệm thực sự tệ khi trần kính toàn cảnh vào mùa hè Hà Nội nắng 40 độ hấp nhiệt nóng rát đỉnh đầu, bật điều hòa max vẫn toát mồ hôi. Đáng nói nhất là phần mềm thỉnh thoảng báo lỗi ảo rùa vàng phải tắt máy chờ một lúc mới khởi động lại được. Thực sự thất vọng, khuyên thật lòng anh em nên cân nhắc kỹ trước khi xuống tiền.",neutral
EVVN-01083,2022-09-21,VinFast,Forum,"Nhà mình chạy được 1 vạn km, điểm cộng là trợ lý ảo ViVi nhận diện giọng nói tiếng Việt ba miền cực kỳ mượt mà. Thêm vào đó, màn hình giải trí sắc nét, cảm ứng mượt mà và hỗ trợ kết nối không dây rất tiện. Ai còn phân vân thì nên lái thử một lần, đảm bảo không muốn quay lại xe xăng.",neutral
EVVN-01084,2022-09-21,BYD,Dealer,"Đối với chiếc BYD, ưu điểm là xe chạy cực kỳ êm ái, bốc ga nhanh và chi phí tiền điện hàng tháng rất rẻ. Dẫu vậy, trần kính mùa hè khá nóng nếu không dán thêm phim cách nhiệt xịn và lắp rèm che; nhìn chung xe lái chắc chắn và pin an toàn nhưng bài toán sạc phụ thuộc hoàn toàn vào bên thứ ba.",neutral
EVVN-01085,2022-09-21,VinFast,Review site,"Đối với chiếc VinFast, điểm cộng lớn nhất là khả năng tăng tốc mượt mà, không mùi khí thải và không gian cabin thoáng đãng. Dẫu vậy, quãng đường chạy đường trường thực tế sẽ hụt bớt khoảng 20-30% nếu đạp thốc ga liên tục; nhìn chung lợi thế hệ thống trạm sạc VinFast tại Việt Nam áp đảo hoàn toàn so với mọi đối thủ.",neutral
EVVN-01086,2022-09-21,Tesla,Facebook,Bức xúc khi dùng Tesla: phần mềm liên tục báo lỗi ảo và cảnh báo pin ảo khiến người lái hoang mang. Ngoài ra khe hở thân vỏ gia công chưa thật sự khít và đồng đều. Nếu được chọn lại chắc chắn mình sẽ trung thành với xe xăng truyền thống.,negative
EVVN-01087,2022-09-22,VinFast,Forum,"Sau chuyến về quê dịp lễ vừa qua, dọc đường miền núi trạm sạc quá thưa thớt, vừa đi vừa run sợ hết pin giữa đèo, thêm vào đó màn hình trung tâm thỉnh thoảng bị đơ đen sì khi đang chạy, camera lùi bị giật lag nghiêm trọng. Thực sự thất vọng, khuyên thật lòng anh em nên cân nhắc kỹ trước khi xuống tiền. Bác nào đang chạy dòng này vào chia sẻ thêm kinh nghiệm nhé.",negative
EVVN-01088,2022-09-22,Tesla,Forum,"Đối với chiếc Tesla, xe lái đầm chắc, khung gầm dày dặn và nhiều công nghệ an toàn hiện đại. Dẫu vậy, phần mềm thỉnh thoảng vẫn dính lỗi vặt linh tinh và cần khởi động lại; nhìn chung công nghệ đi trước thời đại nhưng việc sạc và bảo dưỡng xe tư nhân tại VN khá nan giải. (Cập nhật ODO vạn km đợt 2022).",neutral
EVVN-01089,2022-09-22,VinFast,Dealer,"Cảm nhận về chiếc VinFast: phanh tái sinh chỉnh mức vừa đi rất mượt, đi trong phố đông gần như chỉ cần dùng một bàn đạp. Khung gầm đầm chắc chuẩn xe Đức, ôm cua ở tốc độ cao rất vững vàng. Cực kỳ ưng ý và sẽ tiếp tục ủng hộ xu hướng di chuyển xanh.",positive
EVVN-01090,2022-09-23,BYD,Forum,"Lần đầu đi phượt đèo dốc bằng xe điện, các bản cập nhật phần mềm từ xa OTA ngày càng hoàn thiện, xe đi mượt hơn hẳn, song song với đó khoản bảo dưỡng định kỳ rất nhàn, không phải thay dầu máy hay bugi lọc gió phức tạp. Đi rồi mới thấy công nghệ xe điện tiện lợi và sướng hơn hẳn.",positive
EVVN-01091,2022-09-24,VinFast,Facebook,"Trải nghiệm thực tế sau 1 năm, vận hành êm ái tuyệt đối, không rung giật và chấm dứt hẳn mùi xăng khó chịu, đồng thời tính bài toán vận hành lâu dài thì kinh tế hơn hẳn các dòng xe xăng cùng tầm giá. Một trải nghiệm nâng cấp chất lượng sống cho cả gia đình.",positive
EVVN-01092,2022-09-24,Hyundai,Review site,"Nhà mình chạy được 1 vạn km, xe lướt đi êm ru, người nhà ngồi sau trước đây hay say xe giờ đi thoải mái cả hành trình, hơn nữa tính bài toán vận hành lâu dài thì kinh tế hơn hẳn các dòng xe xăng cùng tầm giá. Ai còn phân vân thì nên lái thử một lần, đảm bảo không muốn quay lại xe xăng.",positive
EVVN-01093,2022-09-24,VinFast,Forum,"Đối với chiếc VinFast, sạc pin ở nhà vào ban đêm rất tiện lợi và kinh tế. Dẫu vậy, hạ tầng trạm sạc công cộng dịp lễ đông đúc phải chờ đợi khá sốt ruột; nhìn chung lợi thế hệ thống trạm sạc VinFast tại Việt Nam áp đảo hoàn toàn so với mọi đối thủ.",neutral
EVVN-01094,2022-09-25,VinFast,Review site,"Đối với chiếc VinFast, sạc pin ở nhà vào ban đêm rất tiện lợi và kinh tế. Dẫu vậy, phần mềm thỉnh thoảng vẫn dính lỗi vặt linh tinh và cần khởi động lại; nhìn chung lợi thế hệ thống trạm sạc VinFast tại Việt Nam áp đảo hoàn toàn so với mọi đối thủ.",neutral
EVVN-01095,2022-09-25,Tesla,YouTube,"Test thử cao tốc đợt cuối tuần, xe tăng tốc tức thì, vượt xe trên quốc lộ rất tự tin và an toàn, và khoản bảo dưỡng định kỳ rất nhàn, không phải thay dầu máy hay bugi lọc gió phức tạp. Cực kỳ ưng ý và sẽ tiếp tục ủng hộ xu hướng di chuyển xanh.",positive
EVVN-01096,2022-09-25,VinFast,Facebook,"Đối với chiếc VinFast, điểm cộng lớn nhất là khả năng tăng tốc mượt mà, không mùi khí thải và không gian cabin thoáng đãng. Dẫu vậy, hạ tầng trạm sạc công cộng dịp lễ đông đúc phải chờ đợi khá sốt ruột; nhìn chung lợi thế hệ thống trạm sạc VinFast tại Việt Nam áp đảo hoàn toàn so với mọi đối thủ.",neutral
EVVN-01097,2022-09-26,MG,Facebook,"Sau chuyến xuyên Việt vừa rồi, điểm cộng là khung gầm đầm chắc chuẩn phong cách xe châu Âu. Bên cạnh đó, hệ thống kiểm soát hành trình thích ứng và hỗ trợ giữ làn lái rất nhàn trên cao tốc. Rất đáng tiền trong phân khúc, hài lòng 9/10 điểm.",neutral
EVVN-01098,2022-09-26,Wuling,YouTube,"Sau gần 8 tháng sử dụng đi phố, tầm nhìn thoáng căn chỉnh xe rất dễ dàng, hơn nữa cắm sạc trực tiếp ổ điện 220V gia đình qua đêm rất tiện lợi. Đi lại quãng ngắn trong thành phố thì không có gì để chê.",positive
EVVN-01099,2022-09-26,BYD,Facebook,"Đánh giá khách quan sau vài nghìn km, vận hành trong đô thị rất nhàn nhã, máy êm, chi phí nuôi xe tiết kiệm thấy rõ, nhưng hạ tầng trạm sạc công cộng dịp lễ đông đúc phải chờ đợi khá sốt ruột. Tóm lại xe rất hợp đi phố hàng ngày, còn đi phượt xa thì cần tính toán kỹ thời gian.",neutral
EVVN-01100,2022-09-27,Tesla,Forum,"Chia sẻ công tâm sau thời gian trải nghiệm, ưu điểm là xe chạy cực kỳ êm ái, bốc ga nhanh và chi phí tiền điện hàng tháng rất rẻ, nhưng việc đi xa vẫn cần phải lên kế hoạch lộ trình trạm sạc cẩn thận chứ không tiện như đổ xăng. Đánh giá ở mức 7/10 điểm, cần thêm thời gian để hoàn thiện hạ tầng và phần mềm.",positive
EVVN-01101,2022-09-27,BYD,YouTube,"Cảm nhận về chiếc BYD: phanh tái sinh chỉnh mức vừa đi rất mượt, đi trong phố đông gần như chỉ cần dùng một bàn đạp. Màn hình xoay 15.6 inch sắc nét và độ phản hồi cảm ứng rất nhanh. Nói chung quyết định chuyển sang xe điện là hoàn toàn sáng suốt.",positive
EVVN-01102,2022-09-28,MG,Review site,"Cảm nhận về chiếc MG: phanh tái sinh chỉnh mức vừa đi rất mượt, đi trong phố đông gần như chỉ cần dùng một bàn đạp. Khung gầm đầm chắc chuẩn phong cách xe châu Âu. Đi rồi mới thấy công nghệ xe điện tiện lợi và sướng hơn hẳn.",positive
EVVN-01103,2022-09-28,VinFast,Dealer,"Trải nghiệm thực tế sau 1 năm, vận hành êm ái tuyệt đối, không rung giật và chấm dứt hẳn mùi xăng khó chịu, đồng thời tính bài toán vận hành lâu dài thì kinh tế hơn hẳn các dòng xe xăng cùng tầm giá. Ai còn phân vân thì nên lái thử một lần, đảm bảo không muốn quay lại xe xăng.",positive
EVVN-01104,2022-09-28,Wuling,Facebook,"Khen chê rõ ràng chiếc xe mini nhỏ nhất thị trường, điểm cộng là che nắng che mưa đưa đón con đi học trong phố rất tiện lợi và kinh tế, nhưng bắt buộc gia đình phải có chỗ cắm sạc điện dân dụng 220V riêng. Tóm lại mua để thay xe máy đi phố thì chuẩn bài, còn đi tỉnh thì nên bỏ qua. Góc nhìn chân thực từ thành viên Facebook.",positive
EVVN-01105,2022-09-29,VinFast,Forum,"Dùng được vài tuần bắt đầu phát sinh nhiều vấn đề, ra đến trạm sạc cao tốc thì 3 trụ báo lỗi hỏng, trụ duy nhất còn lại thì bị xe xăng đỗ chiếm chỗ vô ý thức, chưa kể cảm biến va chạm và radar hú còi loạn xạ dù đường hoàn toàn thông thoáng. Thực sự thất vọng, khuyên thật lòng anh em nên cân nhắc kỹ trước khi xuống tiền.",negative
EVVN-01106,2022-09-30,Wuling,Review site,"Cảm nhận thật lòng sau vài tháng đón con đi học, tầm nhìn thoáng căn chỉnh xe rất dễ dàng, đồng thời chi phí bảo dưỡng định kỳ hầu như không đáng kể. Đúng là phương tiện hoàn hảo để thay thế xe máy.",positive
EVVN-01107,2022-09-30,Hyundai,YouTube,"Sau chuyến xuyên Việt vừa rồi, trọng tâm pin đặt dưới sàn giúp xe ôm cua cực kỳ đầm chắc, không bị vặn xoắn, và tính bài toán vận hành lâu dài thì kinh tế hơn hẳn các dòng xe xăng cùng tầm giá. Một trải nghiệm nâng cấp chất lượng sống cho cả gia đình.",positive
EVVN-01108,2022-10-02,BYD,Forum,"Nhiều lúc ức chế phát khóc, dịp lễ cao điểm trạm sạc nào cũng quá tải, xếp hàng dài chờ hơn 1 tiếng rưỡi mới đến lượt cắm sạc, chưa kể bản cập nhật phần mềm mới làm hao pin hơn hẳn và mất kết nối Bluetooth liên tục. Đang tính chuyện bán lỗ để quay về xe xăng cho đỡ đau đầu.",negative
EVVN-01109,2022-10-03,BYD,Dealer,"Đã gắn bó từ những ngày đầu nhận xe, khả năng cách âm môi trường và gầm xe tốt hơn mong đợi rất nhiều, hơn nữa tiền sạc rẻ giật mình, mỗi km tính ra chỉ tốn tầm 400 đến 500 đồng. Chấm điểm 9.5/10 cho độ êm ái và hiệu quả kinh tế.",positive
EVVN-01110,2022-10-03,Kia,YouTube,"Sau thời gian trải nghiệm Kia: sạc pin ở nhà vào ban đêm rất tiện lợi và kinh tế, bù lại hạ tầng trạm sạc công cộng dịp lễ đông đúc phải chờ đợi khá sốt ruột. Nhìn chung là sản phẩm dùng được nhưng chưa thực sự hoàn hảo.",positive
EVVN-01111,2022-10-04,Wuling,Dealer,"Mua xe cho vợ đi làm hàng ngày, chở 2 mẹ con che nắng mưa mùa đông hè rất tiện, kèm theo đó cắm sạc trực tiếp ổ điện 220V gia đình qua đêm rất tiện lợi. Đi lại quãng ngắn trong thành phố thì không có gì để chê.",positive
EVVN-01112,2022-10-04,BYD,YouTube,"Hôm qua suýt nằm đường vì, ở chung cư không có trụ sạc AC, đi làm về mệt mỏi lại phải lang thang tìm trụ sạc nhanh rất bất tiện, thêm vào đó cảm biến va chạm và radar hú còi loạn xạ dù đường hoàn toàn thông thoáng. Trải nghiệm chưa xứng đáng với kỳ vọng và số tiền bỏ ra.",negative
EVVN-01113,2022-10-06,VinFast,Facebook,"Đối với chiếc VinFast, điểm cộng lớn nhất là khả năng tăng tốc mượt mà, không mùi khí thải và không gian cabin thoáng đãng. Dẫu vậy, độ hoàn thiện dàn nhựa nội thất và các chi tiết cơ khí vẫn cần hãng trau chuốt thêm; nhìn chung lợi thế hệ thống trạm sạc VinFast tại Việt Nam áp đảo hoàn toàn so với mọi đối thủ. Góc nhìn chân thực từ thành viên Facebook.",neutral
EVVN-01114,2022-10-06,VinFast,Dealer,"Cảm nhận về chiếc VinFast: xe tăng tốc tức thì, vượt xe trên quốc lộ rất tự tin và an toàn. Trợ lý ảo ViVi nhận diện giọng nói tiếng Việt ba miền cực kỳ mượt mà. Một trải nghiệm nâng cấp chất lượng sống cho cả gia đình.",positive
EVVN-01115,2022-10-06,MG,Facebook,"Cảm nhận về chiếc MG: xe lướt đi êm ru, người nhà ngồi sau trước đây hay say xe giờ đi thoải mái cả hành trình. Khung gầm đầm chắc chuẩn phong cách xe châu Âu. Ai còn phân vân thì nên lái thử một lần, đảm bảo không muốn quay lại xe xăng.",positive
EVVN-01116,2022-10-07,VinFast,Forum,"Ấn tượng nhất sau thời gian dài sử dụng là xe lướt đi êm ru, người nhà ngồi sau trước đây hay say xe giờ đi thoải mái cả hành trình, hơn nữa tiền sạc rẻ giật mình, mỗi km tính ra chỉ tốn tầm 400 đến 500 đồng. Một trải nghiệm nâng cấp chất lượng sống cho cả gia đình.",positive
EVVN-01117,2022-10-07,Tesla,Forum,"Trải nghiệm thực tế sau 1 năm, thích nhất tính năng bật điều hòa từ xa trước khi lên xe, mùa hè vào xe mát rượi ngay, kèm theo đó chi phí sạc điện mỗi tháng chưa tới 800 nghìn, tiết kiệm hơn 70% so với tiền xăng trước kia. Một trải nghiệm nâng cấp chất lượng sống cho cả gia đình.",neutral
EVVN-01118,2022-10-08,BYD,Dealer,"Cảm nhận về chiếc BYD: trọng tâm pin đặt dưới sàn giúp xe ôm cua cực kỳ đầm chắc, không bị vặn xoắn. Công nghệ pin Blade độc quyền an toàn chống cháy nổ rất yên tâm. Đi rồi mới thấy công nghệ xe điện tiện lợi và sướng hơn hẳn.",positive
EVVN-01119,2022-10-08,VinFast,Review site,"Test thử cao tốc đợt cuối tuần, điểm cộng là chính sách cứu hộ pin 24/7 và xưởng dịch vụ lưu động khắp cả nước rất an tâm. Thêm vào đó, các bản cập nhật phần mềm từ xa OTA ngày càng hoàn thiện, xe đi mượt hơn hẳn. Cực kỳ ưng ý và sẽ tiếp tục ủng hộ xu hướng di chuyển xanh.",positive
EVVN-01120,2022-10-09,MG,Forum,"Cân nhắc kỹ lưỡng ưu và nhược điểm, vận hành trong đô thị rất nhàn nhã, máy êm, chi phí nuôi xe tiết kiệm thấy rõ, nhưng việc đi xa vẫn cần phải lên kế hoạch lộ trình trạm sạc cẩn thận chứ không tiện như đổ xăng. Đánh giá ở mức 7/10 điểm, cần thêm thời gian để hoàn thiện hạ tầng và phần mềm.",neutral
EVVN-01121,2022-10-10,Tesla,Facebook,Bức xúc khi dùng Tesla: bản cập nhật phần mềm mới làm hao pin hơn hẳn và mất kết nối Bluetooth liên tục. Ngoài ra khe hở thân vỏ gia công chưa thật sự khít và đồng đều. Đang tính chuyện bán lỗ để quay về xe xăng cho đỡ đau đầu.,negative
EVVN-01122,2022-10-10,MG,Dealer,"Chia sẻ công tâm sau thời gian trải nghiệm, sạc pin ở nhà vào ban đêm rất tiện lợi và kinh tế, nhưng độ hoàn thiện dàn nhựa nội thất và các chi tiết cơ khí vẫn cần hãng trau chuốt thêm. Nhìn chung là sản phẩm dùng được nhưng chưa thực sự hoàn hảo.",neutral
EVVN-01123,2022-10-11,BYD,Forum,Bức xúc khi dùng BYD: bản cập nhật phần mềm mới làm hao pin hơn hẳn và mất kết nối Bluetooth liên tục. Ngoài ra nhiều chi tiết đèn viền và cửa gió thiết kế hơi rườm rà sến sẩm. Nếu được chọn lại chắc chắn mình sẽ trung thành với xe xăng truyền thống. Bác nào đang chạy dòng này vào chia sẻ thêm kinh nghiệm nhé.,negative
EVVN-01124,2022-10-12,VinFast,YouTube,"Cảm nhận về chiếc VinFast: xe lướt đi êm ru, người nhà ngồi sau trước đây hay say xe giờ đi thoải mái cả hành trình. Chính sách cứu hộ pin 24/7 và xưởng dịch vụ lưu động khắp cả nước rất an tâm. Nói chung quyết định chuyển sang xe điện là hoàn toàn sáng suốt.",positive
EVVN-01125,2022-10-12,Tesla,Review site,"Đối với chiếc Tesla, sạc pin ở nhà vào ban đêm rất tiện lợi và kinh tế. Dẫu vậy, quãng đường chạy đường trường thực tế sẽ hụt bớt khoảng 20-30% nếu đạp thốc ga liên tục; nhìn chung công nghệ đi trước thời đại nhưng việc sạc và bảo dưỡng xe tư nhân tại VN khá nan giải.",neutral
EVVN-01126,2022-10-12,VinFast,YouTube,"Thật sự ngán ngẩm với chất lượng hoàn thiện, dịp lễ cao điểm trạm sạc nào cũng quá tải, xếp hàng dài chờ hơn 1 tiếng rưỡi mới đến lượt cắm sạc, chưa kể phần mềm liên tục báo lỗi ảo và cảnh báo pin ảo khiến người lái hoang mang. Nếu được chọn lại chắc chắn mình sẽ trung thành với xe xăng truyền thống.",negative
EVVN-01127,2022-10-13,Hyundai,Review site,"Bỏ ra số tiền không nhỏ mà nhận lại, ra đến trạm sạc cao tốc thì 3 trụ báo lỗi hỏng, trụ duy nhất còn lại thì bị xe xăng đỗ chiếm chỗ vô ý thức. Thất vọng hơn là trần kính toàn cảnh vào mùa hè Hà Nội nắng 40 độ hấp nhiệt nóng rát đỉnh đầu, bật điều hòa max vẫn toát mồ hôi. Trải nghiệm chưa xứng đáng với kỳ vọng và số tiền bỏ ra.",negative
EVVN-01128,2022-10-13,Wuling,Forum,"Cảm nhận thật lòng sau vài tháng đón con đi học, bán kính quay đầu nhỏ xoay xở đầu ngõ phố nhẹ tênh, hơn nữa cắm sạc trực tiếp ổ điện 220V gia đình qua đêm rất tiện lợi. Đúng là phương tiện hoàn hảo để thay thế xe máy.",positive
EVVN-01129,2022-10-13,BYD,Review site,"Cảm nhận về chiếc BYD: xe tăng tốc tức thì, vượt xe trên quốc lộ rất tự tin và an toàn. Công nghệ pin Blade độc quyền an toàn chống cháy nổ rất yên tâm. Một trải nghiệm nâng cấp chất lượng sống cho cả gia đình.",positive
EVVN-01130,2022-10-13,BYD,Dealer,"Sau thời gian trải nghiệm BYD: xe lái đầm chắc, khung gầm dày dặn và nhiều công nghệ an toàn hiện đại, bù lại độ hoàn thiện dàn nhựa nội thất và các chi tiết cơ khí vẫn cần hãng trau chuốt thêm. Tóm lại xe rất hợp đi phố hàng ngày, còn đi phượt xa thì cần tính toán kỹ thời gian.",neutral
EVVN-01131,2022-10-13,VinFast,YouTube,"Từ xe xăng đổi qua xe điện, xe tăng tốc tức thì, vượt xe trên quốc lộ rất tự tin và an toàn, đồng thời chi phí sạc điện mỗi tháng chưa tới 800 nghìn, tiết kiệm hơn 70% so với tiền xăng trước kia. Nói chung quyết định chuyển sang xe điện là hoàn toàn sáng suốt.",positive
EVVN-01132,2022-10-14,Tesla,Dealer,"Trải nghiệm thực tế quá khác xa so với quảng cáo, dọc đường miền núi trạm sạc quá thưa thớt, vừa đi vừa run sợ hết pin giữa đèo. Thất vọng hơn là trần kính toàn cảnh vào mùa hè Hà Nội nắng 40 độ hấp nhiệt nóng rát đỉnh đầu, bật điều hòa max vẫn toát mồ hôi. Nếu được chọn lại chắc chắn mình sẽ trung thành với xe xăng truyền thống.",negative
EVVN-01133,2022-10-14,Wuling,Forum,"Cảm nhận thật lòng sau vài tháng đón con đi học, chở 2 mẹ con che nắng mưa mùa đông hè rất tiện, kèm theo đó cắm sạc trực tiếp ổ điện 220V gia đình qua đêm rất tiện lợi. Rất ưng ý với số tiền bỏ ra, phù hợp nhu cầu gia đình nhỏ. Bác nào đang chạy dòng này vào chia sẻ thêm kinh nghiệm nhé.",positive
EVVN-01134,2022-10-14,MG,Facebook,"Cần phản ánh nghiêm túc về tình trạng, nhiều điểm trạm sạc ngoài trời không có mái che, trời mưa bão cắm sạc vừa ướt vừa bất an. Thất vọng hơn là quãng đường thực tế hao hụt gần 35% so với công bố khi chạy cao tốc kèm bật điều hòa gió lớn. Mong hãng nghiêm túc lắng nghe phản ánh và sớm có phương án xử lý dứt điểm.",negative
EVVN-01135,2022-10-15,VinFast,Facebook,"Bức xúc khi dùng VinFast: hệ thống nhận diện giọng nói ngô nghê, gọi mãi không hiểu khẩu lệnh cơ bản. Ngoài ra xưởng dịch vụ nhiều đợt đông nghẹt xe taxi vào sửa chữa nên khách cá nhân phải chờ lâu. Thực sự thất vọng, khuyên thật lòng anh em nên cân nhắc kỹ trước khi xuống tiền. Mình chia sẻ lên nhóm để anh em cùng thảo luận.",negative
EVVN-01136,2022-10-15,Wuling,Dealer,"Đánh giá khách quan cho bác nào đang tìm hiểu dòng mini, vận hành đô thị linh hoạt, bán kính quay đầu nhỏ và máy chạy êm, nhưng bắt buộc gia đình phải có chỗ cắm sạc điện dân dụng 220V riêng. Tóm lại mua để thay xe máy đi phố thì chuẩn bài, còn đi tỉnh thì nên bỏ qua.",neutral
EVVN-01137,2022-10-15,MG,Review site,"Đổi từ sedan Nhật sang xe điện, màn hình giải trí sắc nét, cảm ứng mượt mà và hỗ trợ kết nối không dây rất tiện, kèm theo đó kinh tế nhất là sạc chậm qua đêm tại nhà với giá điện sinh hoạt, sáng ra pin đầy ắp sẵn sàng. Cực kỳ ưng ý và sẽ tiếp tục ủng hộ xu hướng di chuyển xanh.",positive
EVVN-01138,2022-10-16,VinFast,YouTube,"Đối với chiếc VinFast, sạc pin ở nhà vào ban đêm rất tiện lợi và kinh tế. Dẫu vậy, hạ tầng trạm sạc công cộng dịp lễ đông đúc phải chờ đợi khá sốt ruột; nhìn chung lợi thế hệ thống trạm sạc VinFast tại Việt Nam áp đảo hoàn toàn so với mọi đối thủ. Chi tiết hơn mời anh em xem trong video trải nghiệm của mình nhé.",neutral
EVVN-01139,2022-10-17,Tesla,Forum,"Chạy dịch vụ cày cuốc cả ngày, hệ thống kiểm soát hành trình thích ứng và hỗ trợ giữ làn lái rất nhàn trên cao tốc, song song với đó chi phí sạc điện mỗi tháng chưa tới 800 nghìn, tiết kiệm hơn 70% so với tiền xăng trước kia. Thực sự vượt ngoài mong đợi ban đầu của mình.",positive
EVVN-01140,2022-10-19,Tesla,Facebook,"Cảm nhận về chiếc Tesla: vận hành êm ái tuyệt đối, không rung giật và chấm dứt hẳn mùi xăng khó chịu. Hệ điều hành điều khiển mượt mà như một chiếc máy tính bảng cao cấp. Ai còn phân vân thì nên lái thử một lần, đảm bảo không muốn quay lại xe xăng.",positive
EVVN-01141,2022-10-20,VinFast,Dealer,"Cảm nhận về chiếc VinFast: vận hành êm ái tuyệt đối, không rung giật và chấm dứt hẳn mùi xăng khó chịu. Khung gầm đầm chắc chuẩn xe Đức, ôm cua ở tốc độ cao rất vững vàng. Một trải nghiệm nâng cấp chất lượng sống cho cả gia đình.",positive
EVVN-01142,2022-10-21,MG,Dealer,"Sau chuyến xuyên Việt vừa rồi, vận hành êm ái tuyệt đối, không rung giật và chấm dứt hẳn mùi xăng khó chịu, đồng thời chi phí sạc điện mỗi tháng chưa tới 800 nghìn, tiết kiệm hơn 70% so với tiền xăng trước kia. Rất đáng tiền trong phân khúc, hài lòng 9/10 điểm.",positive
EVVN-01143,2022-10-21,VinFast,YouTube,"Không tâng bốc cũng không dìm hàng, xe lái đầm chắc, khung gầm dày dặn và nhiều công nghệ an toàn hiện đại, nhưng độ hoàn thiện dàn nhựa nội thất và các chi tiết cơ khí vẫn cần hãng trau chuốt thêm. Đánh giá ở mức 7/10 điểm, cần thêm thời gian để hoàn thiện hạ tầng và phần mềm. Chi tiết hơn mời anh em xem trong video trải nghiệm của mình nhé.",neutral
EVVN-01144,2022-10-21,Wuling,YouTube,"Chia sẻ công tâm sau thời gian sử dụng Wuling, vận hành đô thị linh hoạt, bán kính quay đầu nhỏ và máy chạy êm, nhưng bắt buộc gia đình phải có chỗ cắm sạc điện dân dụng 220V riêng. Tóm lại mua để thay xe máy đi phố thì chuẩn bài, còn đi tỉnh thì nên bỏ qua.",neutral
EVVN-01145,2022-10-22,BYD,Facebook,"Đối với chiếc BYD, vận hành trong đô thị rất nhàn nhã, máy êm, chi phí nuôi xe tiết kiệm thấy rõ. Dẫu vậy, quãng đường chạy đường trường thực tế sẽ hụt bớt khoảng 20-30% nếu đạp thốc ga liên tục; nhìn chung xe lái chắc chắn và pin an toàn nhưng bài toán sạc phụ thuộc hoàn toàn vào bên thứ ba.",neutral
EVVN-01146,2022-10-23,BYD,YouTube,"Trải nghiệm thực tế quá khác xa so với quảng cáo, tốc độ sạc bị bóp công suất tụt thảm hại khi có nhiều xe cùng cắm sạc một lúc. Thất vọng hơn là trần kính toàn cảnh vào mùa hè Hà Nội nắng 40 độ hấp nhiệt nóng rát đỉnh đầu, bật điều hòa max vẫn toát mồ hôi. Nếu được chọn lại chắc chắn mình sẽ trung thành với xe xăng truyền thống.",negative
EVVN-01147,2022-10-26,Tesla,Facebook,"Chạy thử nhiều mẫu xe rồi mới chốt em này, màn hình giải trí sắc nét, cảm ứng mượt mà và hỗ trợ kết nối không dây rất tiện, song song với đó tính bài toán vận hành lâu dài thì kinh tế hơn hẳn các dòng xe xăng cùng tầm giá. Đi rồi mới thấy công nghệ xe điện tiện lợi và sướng hơn hẳn.",positive
EVVN-01148,2022-10-27,Hyundai,Dealer,"Chia sẻ công tâm sau thời gian trải nghiệm, sạc pin ở nhà vào ban đêm rất tiện lợi và kinh tế, nhưng phần mềm thỉnh thoảng vẫn dính lỗi vặt linh tinh và cần khởi động lại. Tùy vào nhu cầu sử dụng của mỗi gia đình mà cân nhắc cho phù hợp.",neutral
EVVN-01149,2022-10-27,VinFast,Dealer,"Sau chuyến về quê dịp lễ vừa qua, dịp lễ cao điểm trạm sạc nào cũng quá tải, xếp hàng dài chờ hơn 1 tiếng rưỡi mới đến lượt cắm sạc. Thất vọng hơn là khoang hành lý quá chật hẹp, không thể nhét vừa hai chiếc vali cỡ trung cho chuyến đi xa. Không thể chấp nhận một sản phẩm giá tiền tỷ mà lỗi vặt nhiều như thế này.",negative
EVVN-01150,2022-10-27,Tesla,Facebook,"Đối với chiếc Tesla, điểm cộng lớn nhất là khả năng tăng tốc mượt mà, không mùi khí thải và không gian cabin thoáng đãng. Dẫu vậy, trần kính mùa hè khá nóng nếu không dán thêm phim cách nhiệt xịn và lắp rèm che; nhìn chung xe rất hợp cho người đam mê công nghệ và có sẵn chỗ sạc tại nhà.",neutral
EVVN-01151,2022-10-28,MG,Facebook,"Chia sẻ trải nghiệm không mấy vui vẻ sau 2 tháng, ở chung cư không có trụ sạc AC, đi làm về mệt mỏi lại phải lang thang tìm trụ sạc nhanh rất bất tiện, chưa kể lỗi ắc quy 12V tụt áp bất thình lình làm xe không khởi động được, phải gọi xe cứu hộ kéo về. Trải nghiệm chưa xứng đáng với kỳ vọng và số tiền bỏ ra.",negative
EVVN-01152,2022-10-28,BYD,Dealer,"Sau chuyến về quê dịp lễ vừa qua, dọc đường miền núi trạm sạc quá thưa thớt, vừa đi vừa run sợ hết pin giữa đèo, thêm vào đó cảm biến va chạm và radar hú còi loạn xạ dù đường hoàn toàn thông thoáng. Mong hãng nghiêm túc lắng nghe phản ánh và sớm có phương án xử lý dứt điểm.",negative
EVVN-01153,2022-10-29,VinFast,YouTube,"Sau chuyến phượt Tây Bắc cùng gia đình, điểm cộng là khung gầm đầm chắc chuẩn xe Đức, ôm cua ở tốc độ cao rất vững vàng. Bên cạnh đó, thích nhất tính năng bật điều hòa từ xa trước khi lên xe, mùa hè vào xe mát rượi ngay. Nói chung quyết định chuyển sang xe điện là hoàn toàn sáng suốt.",positive
EVVN-01154,2022-10-29,BYD,YouTube,"Nhiều lúc ức chế phát khóc, dọc đường miền núi trạm sạc quá thưa thớt, vừa đi vừa run sợ hết pin giữa đèo. Thất vọng hơn là chất liệu nhựa nội thất ọp ẹp, đi vào đường xấu phát ra tiếng kêu cọt kẹt rất khó chịu. Đang tính chuyện bán lỗ để quay về xe xăng cho đỡ đau đầu.",negative
EVVN-01155,2022-10-30,BYD,Forum,"Cần phản ánh nghiêm túc về tình trạng, ở chung cư không có trụ sạc AC, đi làm về mệt mỏi lại phải lang thang tìm trụ sạc nhanh rất bất tiện. Thất vọng hơn là chất liệu nhựa nội thất ọp ẹp, đi vào đường xấu phát ra tiếng kêu cọt kẹt rất khó chịu. Mong hãng nghiêm túc lắng nghe phản ánh và sớm có phương án xử lý dứt điểm.",negative
EVVN-01156,2022-10-30,VinFast,Forum,"Thất vọng toàn tập với chuyến đi vừa rồi, dọc đường miền núi trạm sạc quá thưa thớt, vừa đi vừa run sợ hết pin giữa đèo. Thất vọng hơn là giảm xóc sau quá cứng, đi qua gờ giảm tốc người ngồi hàng hai nảy tưng tưng rất ê mông. Không thể chấp nhận một sản phẩm giá tiền tỷ mà lỗi vặt nhiều như thế này. Bác nào đang chạy dòng này vào chia sẻ thêm kinh nghiệm nhé.",negative
EVVN-01157,2022-10-31,VinFast,YouTube,"Bức xúc khi dùng VinFast: màn hình trung tâm thỉnh thoảng bị đơ đen sì khi đang chạy, camera lùi bị giật lag nghiêm trọng. Ngoài ra xưởng dịch vụ nhiều đợt đông nghẹt xe taxi vào sửa chữa nên khách cá nhân phải chờ lâu. Nếu được chọn lại chắc chắn mình sẽ trung thành với xe xăng truyền thống.",negative
EVVN-01158,2022-11-02,MG,Forum,"Gặp sự cố giữa đường mới thấy, trải nghiệm thực sự tệ khi quãng đường thực tế hao hụt gần 35% so với công bố khi chạy cao tốc kèm bật điều hòa gió lớn. Đáng nói nhất là chưa phát triển hệ sinh thái trạm sạc công cộng tại các tỉnh thành. Mong hãng nghiêm túc lắng nghe phản ánh và sớm có phương án xử lý dứt điểm.",negative
EVVN-01159,2022-11-03,Wuling,Review site,"Lấy xe chủ yếu che nắng che mưa, xe mini nhỏ gọn luồn lách ngõ hẹp cực kỳ linh hoạt, hơn nữa cắm sạc trực tiếp ổ điện 220V gia đình qua đêm rất tiện lợi. Chấm 9/10 cho sự tiện dụng và tiết kiệm.",positive
EVVN-01160,2022-11-04,VinFast,Facebook,"Nhiều lúc ức chế phát khóc, trải nghiệm thực sự tệ khi chất liệu nhựa nội thất ọp ẹp, đi vào đường xấu phát ra tiếng kêu cọt kẹt rất khó chịu. Đáng nói nhất là xưởng dịch vụ nhiều đợt đông nghẹt xe taxi vào sửa chữa nên khách cá nhân phải chờ lâu. Mong hãng nghiêm túc lắng nghe phản ánh và sớm có phương án xử lý dứt điểm.",negative
EVVN-01161,2022-11-05,Wuling,Forum,"Lên đây cảnh báo thực tế cho anh em đang có ý định mua, tốc độ tối đa thấp và không đi được cao tốc, ra đường lớn gió thổi tạt hơi ghê. Điểm trừ nữa là giảm xóc sau khá cứng đi qua gờ giảm tốc nảy tưng tưng. Đang tính chuyện bán đổi sang xe xăng cũ cho lành.",negative
EVVN-01162,2022-11-05,VinFast,Facebook,"Cảm nhận về chiếc VinFast: xe lướt đi êm ru, người nhà ngồi sau trước đây hay say xe giờ đi thoải mái cả hành trình. Hệ thống trạm sạc V-Green phủ khắp 63 tỉnh thành từ cao tốc tới huyện xã. Đi rồi mới thấy công nghệ xe điện tiện lợi và sướng hơn hẳn.",positive
EVVN-01163,2022-11-06,VinFast,Dealer,"Đổi từ sedan Nhật sang xe điện, trọng tâm pin đặt dưới sàn giúp xe ôm cua cực kỳ đầm chắc, không bị vặn xoắn, và tính bài toán vận hành lâu dài thì kinh tế hơn hẳn các dòng xe xăng cùng tầm giá. Ai còn phân vân thì nên lái thử một lần, đảm bảo không muốn quay lại xe xăng.",positive
EVVN-01164,2022-11-06,VinFast,Facebook,"Mua xe cho vợ đi làm hàng ngày, vận hành êm ái tuyệt đối, không rung giật và chấm dứt hẳn mùi xăng khó chịu, đồng thời chi phí sạc điện mỗi tháng chưa tới 800 nghìn, tiết kiệm hơn 70% so với tiền xăng trước kia. Đi rồi mới thấy công nghệ xe điện tiện lợi và sướng hơn hẳn.",positive
EVVN-01165,2022-11-06,BYD,YouTube,"Sau thời gian trải nghiệm BYD: điểm cộng lớn nhất là khả năng tăng tốc mượt mà, không mùi khí thải và không gian cabin thoáng đãng, bù lại hạ tầng trạm sạc công cộng dịp lễ đông đúc phải chờ đợi khá sốt ruột. Bác nào ở nhà đất có chỗ cắm sạc thì nên mua, còn ở chung cư thì nên tính toán thêm.",neutral
EVVN-01166,2022-11-09,Tesla,YouTube,"Khen chê rõ ràng cho anh em tham khảo, xe rất hợp cho người đam mê công nghệ và có sẵn chỗ sạc tại nhà. Về cơ bản điểm cộng lớn nhất là khả năng tăng tốc mượt mà, không mùi khí thải và không gian cabin thoáng đãng, nhưng quãng đường chạy đường trường thực tế sẽ hụt bớt khoảng 20-30% nếu đạp thốc ga liên tục.",neutral
EVVN-01167,2022-11-09,VinFast,Facebook,"Dùng được vài tuần bắt đầu phát sinh nhiều vấn đề, trải nghiệm thực sự tệ khi giảm xóc sau quá cứng, đi qua gờ giảm tốc người ngồi hàng hai nảy tưng tưng rất ê mông. Đáng nói nhất là xưởng dịch vụ nhiều đợt đông nghẹt xe taxi vào sửa chữa nên khách cá nhân phải chờ lâu. Đang tính chuyện bán lỗ để quay về xe xăng cho đỡ đau đầu.",negative
EVVN-01168,2022-11-09,Tesla,Dealer,"Chờ đợi mòn mỏi ở xưởng dịch vụ, tốc độ sạc bị bóp công suất tụt thảm hại khi có nhiều xe cùng cắm sạc một lúc, chưa kể màn hình trung tâm thỉnh thoảng bị đơ đen sì khi đang chạy, camera lùi bị giật lag nghiêm trọng. Nếu được chọn lại chắc chắn mình sẽ trung thành với xe xăng truyền thống.",negative
EVVN-01169,2022-11-09,VinFast,YouTube,"Chạy được gần 2 vạn km rồi mới dám lên bài, thích nhất tính năng bật điều hòa từ xa trước khi lên xe, mùa hè vào xe mát rượi ngay, kèm theo đó chi phí sạc điện mỗi tháng chưa tới 800 nghìn, tiết kiệm hơn 70% so với tiền xăng trước kia. Đi rồi mới thấy công nghệ xe điện tiện lợi và sướng hơn hẳn. Chi tiết hơn mời anh em xem trong video trải nghiệm của mình nhé.",positive
EVVN-01170,2022-11-09,BYD,Dealer,"Đối với chiếc BYD, ưu điểm là xe chạy cực kỳ êm ái, bốc ga nhanh và chi phí tiền điện hàng tháng rất rẻ. Dẫu vậy, việc đi xa vẫn cần phải lên kế hoạch lộ trình trạm sạc cẩn thận chứ không tiện như đổ xăng; nhìn chung chất lượng hoàn thiện tốt trong tầm giá xe nhập khẩu.",neutral
EVVN-01171,2022-11-09,VinFast,Dealer,"Cảm nhận về chiếc VinFast: phanh tái sinh chỉnh mức vừa đi rất mượt, đi trong phố đông gần như chỉ cần dùng một bàn đạp. Chính sách cứu hộ pin 24/7 và xưởng dịch vụ lưu động khắp cả nước rất an tâm. Rất đáng tiền trong phân khúc, hài lòng 9/10 điểm. Cảm nhận nhanh sau buổi nhận bàn giao xe tại đại lý.",positive
EVVN-01172,2022-11-09,VinFast,Review site,"Đổi từ sedan Nhật sang xe điện, màn hình giải trí sắc nét, cảm ứng mượt mà và hỗ trợ kết nối không dây rất tiện, kèm theo đó kinh tế nhất là sạc chậm qua đêm tại nhà với giá điện sinh hoạt, sáng ra pin đầy ắp sẵn sàng. Ai còn phân vân thì nên lái thử một lần, đảm bảo không muốn quay lại xe xăng.",positive
EVVN-01173,2022-11-09,MG,Dealer,"Đối với chiếc MG, xe lái đầm chắc, khung gầm dày dặn và nhiều công nghệ an toàn hiện đại. Dẫu vậy, việc đi xa vẫn cần phải lên kế hoạch lộ trình trạm sạc cẩn thận chứ không tiện như đổ xăng; nhìn chung lựa chọn kinh tế cho người mua xe điện lần đầu muốn trải nghiệm. Cảm nhận thực tế xe MG tại Việt Nam.",positive
EVVN-01174,2022-11-10,Tesla,Dealer,"Sau gần 8 tháng sử dụng liên tục, thích nhất tính năng bật điều hòa từ xa trước khi lên xe, mùa hè vào xe mát rượi ngay, song song với đó tiền sạc rẻ giật mình, mỗi km tính ra chỉ tốn tầm 400 đến 500 đồng. Ai còn phân vân thì nên lái thử một lần, đảm bảo không muốn quay lại xe xăng.",positive
EVVN-01175,2022-11-10,VinFast,Forum,"Đối với chiếc VinFast, ưu điểm là xe chạy cực kỳ êm ái, bốc ga nhanh và chi phí tiền điện hàng tháng rất rẻ. Dẫu vậy, trần kính mùa hè khá nóng nếu không dán thêm phim cách nhiệt xịn và lắp rèm che; nhìn chung cần thêm vài bản cập nhật OTA nữa để phần mềm đạt độ ổn định tuyệt đối.",neutral
EVVN-01176,2022-11-11,Tesla,Forum,"Cảm nhận thật lòng sau 3 tháng sử dụng, hệ thống kiểm soát hành trình thích ứng và hỗ trợ giữ làn lái rất nhàn trên cao tốc, song song với đó tính bài toán vận hành lâu dài thì kinh tế hơn hẳn các dòng xe xăng cùng tầm giá. Đi rồi mới thấy công nghệ xe điện tiện lợi và sướng hơn hẳn. Bác nào đang chạy dòng này vào chia sẻ thêm kinh nghiệm nhé.",positive
EVVN-01177,2022-11-12,Tesla,YouTube,"Chia sẻ công tâm sau thời gian trải nghiệm, công nghệ đi trước thời đại nhưng việc sạc và bảo dưỡng xe tư nhân tại VN khá nan giải. Về cơ bản điểm cộng lớn nhất là khả năng tăng tốc mượt mà, không mùi khí thải và không gian cabin thoáng đãng, nhưng việc đi xa vẫn cần phải lên kế hoạch lộ trình trạm sạc cẩn thận chứ không tiện như đổ xăng.",neutral
EVVN-01178,2022-11-12,MG,Facebook,"Sau gần 8 tháng sử dụng liên tục, điểm cộng là mức giá tiếp cận hợp lý so với công năng xe điện mang lại. Bên cạnh đó, các bản cập nhật phần mềm từ xa OTA ngày càng hoàn thiện, xe đi mượt hơn hẳn. Cực kỳ ưng ý và sẽ tiếp tục ủng hộ xu hướng di chuyển xanh. Mình chia sẻ lên nhóm để anh em cùng thảo luận.",positive
EVVN-01179,2022-11-13,Kia,YouTube,"Từ xe xăng đổi qua xe điện, khả năng cách âm môi trường và gầm xe tốt hơn mong đợi rất nhiều, hơn nữa chi phí sạc điện mỗi tháng chưa tới 800 nghìn, tiết kiệm hơn 70% so với tiền xăng trước kia. Chấm điểm 9.5/10 cho độ êm ái và hiệu quả kinh tế.",positive
EVVN-01180,2022-11-13,VinFast,Review site,"Lên đây cảnh báo cho anh em đang có ý định mua, tốc độ sạc bị bóp công suất tụt thảm hại khi có nhiều xe cùng cắm sạc một lúc. Thất vọng hơn là chất liệu nhựa nội thất ọp ẹp, đi vào đường xấu phát ra tiếng kêu cọt kẹt rất khó chịu. Đang tính chuyện bán lỗ để quay về xe xăng cho đỡ đau đầu.",negative
EVVN-01181,2022-11-14,MG,YouTube,"Cảm nhận về chiếc MG: phanh tái sinh chỉnh mức vừa đi rất mượt, đi trong phố đông gần như chỉ cần dùng một bàn đạp. Mức giá tiếp cận hợp lý so với công năng xe điện mang lại. Ai còn phân vân thì nên lái thử một lần, đảm bảo không muốn quay lại xe xăng.",positive
EVVN-01182,2022-11-14,BYD,Review site,"Đối với chiếc BYD, sạc pin ở nhà vào ban đêm rất tiện lợi và kinh tế. Dẫu vậy, quãng đường chạy đường trường thực tế sẽ hụt bớt khoảng 20-30% nếu đạp thốc ga liên tục; nhìn chung xe lái chắc chắn và pin an toàn nhưng bài toán sạc phụ thuộc hoàn toàn vào bên thứ ba.",positive
EVVN-01183,2022-11-14,Wuling,Review site,"Mua xe cho vợ đi làm hàng ngày, bán kính quay đầu nhỏ xoay xở đầu ngõ phố nhẹ tênh, kèm theo đó cắm sạc trực tiếp ổ điện 220V gia đình qua đêm rất tiện lợi. Rất ưng ý với số tiền bỏ ra, phù hợp nhu cầu gia đình nhỏ.",positive
EVVN-01184,2022-11-15,Hyundai,Dealer,"Nhiều lúc ức chế phát khóc, ra đến trạm sạc cao tốc thì 3 trụ báo lỗi hỏng, trụ duy nhất còn lại thì bị xe xăng đỗ chiếm chỗ vô ý thức, chưa kể màn hình trung tâm thỉnh thoảng bị đơ đen sì khi đang chạy, camera lùi bị giật lag nghiêm trọng. Không thể chấp nhận một sản phẩm giá tiền tỷ mà lỗi vặt nhiều như thế này.",negative
EVVN-01185,2022-11-15,VinFast,Review site,"Bỏ ra số tiền không nhỏ mà nhận lại, ra đến trạm sạc cao tốc thì 3 trụ báo lỗi hỏng, trụ duy nhất còn lại thì bị xe xăng đỗ chiếm chỗ vô ý thức, thêm vào đó màn hình trung tâm thỉnh thoảng bị đơ đen sì khi đang chạy, camera lùi bị giật lag nghiêm trọng. Mong hãng nghiêm túc lắng nghe phản ánh và sớm có phương án xử lý dứt điểm.",negative
EVVN-01186,2022-11-16,BYD,Forum,"Chia sẻ trải nghiệm không mấy vui vẻ sau 2 tháng, trải nghiệm thực sự tệ khi trần kính toàn cảnh vào mùa hè Hà Nội nắng 40 độ hấp nhiệt nóng rát đỉnh đầu, bật điều hòa max vẫn toát mồ hôi. Đáng nói nhất là hãng chưa có trạm sạc riêng tại VN nên phải tìm trạm tư nhân bên thứ 3 khá bất tiện. Thực sự thất vọng, khuyên thật lòng anh em nên cân nhắc kỹ trước khi xuống tiền.",negative
EVVN-01187,2022-11-16,Kia,Review site,"Hôm qua suýt nằm đường vì, trải nghiệm thực sự tệ khi quãng đường thực tế hao hụt gần 35% so với công bố khi chạy cao tốc kèm bật điều hòa gió lớn. Đáng nói nhất là hạ tầng trạm sạc độc quyền gần như chưa có tại các tỉnh. Nếu được chọn lại chắc chắn mình sẽ trung thành với xe xăng truyền thống.",negative
EVVN-01188,2022-11-17,MG,Facebook,Bức xúc khi dùng MG: cảm biến va chạm và radar hú còi loạn xạ dù đường hoàn toàn thông thoáng. Ngoài ra chất liệu nhựa nội thất chưa thật sự tinh xảo. Quá mệt mỏi vì suốt ngày phải lo nghĩ chuyện sạc pin và lỗi phần mềm.,negative
EVVN-01189,2022-11-18,MG,Review site,"Nhà mình chạy được 1 vạn km, màn hình giải trí sắc nét, cảm ứng mượt mà và hỗ trợ kết nối không dây rất tiện, song song với đó tính bài toán vận hành lâu dài thì kinh tế hơn hẳn các dòng xe xăng cùng tầm giá. Một trải nghiệm nâng cấp chất lượng sống cho cả gia đình.",positive
EVVN-01190,2022-11-18,VinFast,Facebook,"Trải nghiệm cá nhân sau một thời gian cầm lái, lợi thế hệ thống trạm sạc VinFast tại Việt Nam áp đảo hoàn toàn so với mọi đối thủ. Về cơ bản ưu điểm là xe chạy cực kỳ êm ái, bốc ga nhanh và chi phí tiền điện hàng tháng rất rẻ, nhưng việc đi xa vẫn cần phải lên kế hoạch lộ trình trạm sạc cẩn thận chứ không tiện như đổ xăng.",neutral
EVVN-01191,2022-11-18,MG,Facebook,"Đi làm hằng ngày với em nó, hệ thống kiểm soát hành trình thích ứng và hỗ trợ giữ làn lái rất nhàn trên cao tốc, song song với đó kinh tế nhất là sạc chậm qua đêm tại nhà với giá điện sinh hoạt, sáng ra pin đầy ắp sẵn sàng. Đi rồi mới thấy công nghệ xe điện tiện lợi và sướng hơn hẳn.",positive
EVVN-01192,2022-11-18,MG,Forum,"Cần phản ánh nghiêm túc về tình trạng, dọc đường miền núi trạm sạc quá thưa thớt, vừa đi vừa run sợ hết pin giữa đèo. Thất vọng hơn là trần kính toàn cảnh vào mùa hè Hà Nội nắng 40 độ hấp nhiệt nóng rát đỉnh đầu, bật điều hòa max vẫn toát mồ hôi. Quá mệt mỏi vì suốt ngày phải lo nghĩ chuyện sạc pin và lỗi phần mềm.",negative
EVVN-01193,2022-11-19,VinFast,YouTube,"Chạy được gần 2 vạn km rồi mới dám lên bài, xe lướt đi êm ru, người nhà ngồi sau trước đây hay say xe giờ đi thoải mái cả hành trình, đồng thời tiền sạc rẻ giật mình, mỗi km tính ra chỉ tốn tầm 400 đến 500 đồng. Đi rồi mới thấy công nghệ xe điện tiện lợi và sướng hơn hẳn.",positive
EVVN-01194,2022-11-19,Tesla,Review site,"Khen chê rõ ràng cho anh em tham khảo, công nghệ đi trước thời đại nhưng việc sạc và bảo dưỡng xe tư nhân tại VN khá nan giải. Về cơ bản vận hành trong đô thị rất nhàn nhã, máy êm, chi phí nuôi xe tiết kiệm thấy rõ, nhưng phần mềm thỉnh thoảng vẫn dính lỗi vặt linh tinh và cần khởi động lại.",neutral
EVVN-01195,2022-11-19,MG,Review site,"Sau chuyến phượt Tây Bắc cùng gia đình, màn hình giải trí sắc nét, cảm ứng mượt mà và hỗ trợ kết nối không dây rất tiện, kèm theo đó tính bài toán vận hành lâu dài thì kinh tế hơn hẳn các dòng xe xăng cùng tầm giá. Rất đáng tiền trong phân khúc, hài lòng 9/10 điểm.",positive
EVVN-01196,2022-11-20,Wuling,Facebook,"Nhiều lúc ức chế phát bực vì, tốc độ tối đa thấp và không đi được cao tốc, ra đường lớn gió thổi tạt hơi ghê. Điểm trừ nữa là ở chung cư không có chỗ cắm điện 220V thì không tài nào nuôi nổi xe. Trải nghiệm chưa xứng đáng với kỳ vọng ban đầu.",negative
EVVN-01197,2022-11-20,VinFast,Dealer,"Chia sẻ công tâm sau thời gian trải nghiệm, sạc pin ở nhà vào ban đêm rất tiện lợi và kinh tế, nhưng độ hoàn thiện dàn nhựa nội thất và các chi tiết cơ khí vẫn cần hãng trau chuốt thêm. Đánh giá ở mức 7/10 điểm, cần thêm thời gian để hoàn thiện hạ tầng và phần mềm.",neutral
EVVN-01198,2022-11-21,Tesla,Facebook,"Lấy xe từ đợt đầu, trọng tâm pin đặt dưới sàn giúp xe ôm cua cực kỳ đầm chắc, không bị vặn xoắn, hơn nữa chi phí sạc điện mỗi tháng chưa tới 800 nghìn, tiết kiệm hơn 70% so với tiền xăng trước kia. Ai còn phân vân thì nên lái thử một lần, đảm bảo không muốn quay lại xe xăng.",positive
EVVN-01199,2022-11-21,Wuling,Facebook,"Cảm nhận thật lòng sau vài tháng đón con đi học, bán kính quay đầu nhỏ xoay xở đầu ngõ phố nhẹ tênh, kèm theo đó cắm sạc trực tiếp ổ điện 220V gia đình qua đêm rất tiện lợi. Rất ưng ý với số tiền bỏ ra, phù hợp nhu cầu gia đình nhỏ.",positive
EVVN-01200,2022-11-21,VinFast,Facebook,"Mua xe cho vợ đi làm hàng ngày, vận hành êm ái tuyệt đối, không rung giật và chấm dứt hẳn mùi xăng khó chịu, và tính bài toán vận hành lâu dài thì kinh tế hơn hẳn các dòng xe xăng cùng tầm giá. Rất đáng tiền trong phân khúc, hài lòng 9/10 điểm.",positive
EVVN-01201,2022-11-22,BYD,Review site,"Hôm qua suýt nằm đường vì, ra đến trạm sạc cao tốc thì 3 trụ báo lỗi hỏng, trụ duy nhất còn lại thì bị xe xăng đỗ chiếm chỗ vô ý thức, chưa kể hệ thống nhận diện giọng nói ngô nghê, gọi mãi không hiểu khẩu lệnh cơ bản. Quá mệt mỏi vì suốt ngày phải lo nghĩ chuyện sạc pin và lỗi phần mềm.",negative
EVVN-01202,2022-11-22,VinFast,Review site,"Đi phố mỗi ngày vào giờ cao điểm mới thấy, màn hình giải trí sắc nét, cảm ứng mượt mà và hỗ trợ kết nối không dây rất tiện, kèm theo đó tính bài toán vận hành lâu dài thì kinh tế hơn hẳn các dòng xe xăng cùng tầm giá. Chấm điểm 9.5/10 cho độ êm ái và hiệu quả kinh tế.",positive
EVVN-01203,2022-11-22,MG,Review site,"Gặp sự cố giữa đường mới thấy, ra đến trạm sạc cao tốc thì 3 trụ báo lỗi hỏng, trụ duy nhất còn lại thì bị xe xăng đỗ chiếm chỗ vô ý thức. Thất vọng hơn là trần kính toàn cảnh vào mùa hè Hà Nội nắng 40 độ hấp nhiệt nóng rát đỉnh đầu, bật điều hòa max vẫn toát mồ hôi. Đang tính chuyện bán lỗ để quay về xe xăng cho đỡ đau đầu.",negative
EVVN-01204,2022-11-22,VinFast,Review site,"Sau thời gian trải nghiệm VinFast: xe lái đầm chắc, khung gầm dày dặn và nhiều công nghệ an toàn hiện đại, bù lại việc đi xa vẫn cần phải lên kế hoạch lộ trình trạm sạc cẩn thận chứ không tiện như đổ xăng. Nhìn chung là sản phẩm dùng được nhưng chưa thực sự hoàn hảo.",neutral
EVVN-01205,2022-11-22,Hyundai,Dealer,"Sau chuyến xuyên Việt vừa rồi, buổi trưa nằm nghỉ trong xe bật điều hòa thoải mái mà không sợ ngạt khí CO độc hại, kèm theo đó khoản bảo dưỡng định kỳ rất nhàn, không phải thay dầu máy hay bugi lọc gió phức tạp. Chấm điểm 9.5/10 cho độ êm ái và hiệu quả kinh tế.",positive
EVVN-01206,2022-11-22,VinFast,Review site,"Hôm qua suýt nằm đường vì, ra đến trạm sạc cao tốc thì 3 trụ báo lỗi hỏng, trụ duy nhất còn lại thì bị xe xăng đỗ chiếm chỗ vô ý thức, chưa kể lỗi ắc quy 12V tụt áp bất thình lình làm xe không khởi động được, phải gọi xe cứu hộ kéo về. Mong hãng nghiêm túc lắng nghe phản ánh và sớm có phương án xử lý dứt điểm.",neutral
EVVN-01207,2022-11-23,Kia,YouTube,"Vừa bực vừa ức chế, trải nghiệm thực sự tệ khi khoang hành lý quá chật hẹp, không thể nhét vừa hai chiếc vali cỡ trung cho chuyến đi xa. Đáng nói nhất là số lượng xe lăn bánh trên đường còn quá hiếm nên tìm phụ tùng khó. Trải nghiệm chưa xứng đáng với kỳ vọng và số tiền bỏ ra.",neutral
EVVN-01208,2022-11-23,Hyundai,Facebook,"Nhận xét thực tế sau chuyến đi dài, xe đẹp và sang trọng nhưng chỉ phù hợp gia đình có gara riêng. Về cơ bản sạc pin ở nhà vào ban đêm rất tiện lợi và kinh tế, nhưng quãng đường chạy đường trường thực tế sẽ hụt bớt khoảng 20-30% nếu đạp thốc ga liên tục.",neutral
EVVN-01209,2022-11-23,MG,Forum,"Đi làm hằng ngày với em nó, khả năng cách âm môi trường và gầm xe tốt hơn mong đợi rất nhiều, đồng thời khoản bảo dưỡng định kỳ rất nhàn, không phải thay dầu máy hay bugi lọc gió phức tạp. Nói chung quyết định chuyển sang xe điện là hoàn toàn sáng suốt.",neutral
EVVN-01210,2022-11-24,BYD,Review site,"Có cả điểm cộng lẫn điểm trừ, chất lượng hoàn thiện tốt trong tầm giá xe nhập khẩu. Về cơ bản điểm cộng lớn nhất là khả năng tăng tốc mượt mà, không mùi khí thải và không gian cabin thoáng đãng, nhưng độ hoàn thiện dàn nhựa nội thất và các chi tiết cơ khí vẫn cần hãng trau chuốt thêm.",neutral
EVVN-01211,2022-11-24,Wuling,Forum,"Chia sẻ công tâm sau thời gian sử dụng Wuling, điểm cộng là che nắng che mưa đưa đón con đi học trong phố rất tiện lợi và kinh tế, đổi lại trang bị an toàn ở mức tối thiểu và khoang chở đồ rất hạn chế. Tùy vào nhu cầu thực tế và điều kiện chỗ sạc tại nhà của mỗi người.",neutral
EVVN-01212,2022-11-24,Kia,Dealer,"Đối với chiếc Kia, sạc pin ở nhà vào ban đêm rất tiện lợi và kinh tế. Dẫu vậy, quãng đường chạy đường trường thực tế sẽ hụt bớt khoảng 20-30% nếu đạp thốc ga liên tục; nhìn chung thiết kế và vận hành rất tốt nhưng cần Kia mở rộng liên kết trạm sạc tại VN.",neutral
EVVN-01213,2022-11-24,Tesla,Dealer,"Đổi từ sedan Nhật sang xe điện, điểm cộng là hệ điều hành điều khiển mượt mà như một chiếc máy tính bảng cao cấp. Thêm vào đó, thích nhất tính năng bật điều hòa từ xa trước khi lên xe, mùa hè vào xe mát rượi ngay. Một trải nghiệm nâng cấp chất lượng sống cho cả gia đình.",positive
EVVN-01214,2022-11-24,VinFast,Dealer,Bức xúc khi dùng VinFast: cảm biến va chạm và radar hú còi loạn xạ dù đường hoàn toàn thông thoáng. Ngoài ra xưởng dịch vụ nhiều đợt đông nghẹt xe taxi vào sửa chữa nên khách cá nhân phải chờ lâu. Đang tính chuyện bán lỗ để quay về xe xăng cho đỡ đau đầu.,negative
EVVN-01215,2022-11-25,Tesla,Review site,Cảm nhận về chiếc Tesla: khả năng cách âm môi trường và gầm xe tốt hơn mong đợi rất nhiều. Autopilot hỗ trợ tự lái thông minh và giữ làn mượt mà nhất thị trường. Đi rồi mới thấy công nghệ xe điện tiện lợi và sướng hơn hẳn.,neutral
EVVN-01216,2022-11-26,Hyundai,Facebook,"Đối với chiếc Hyundai, vận hành trong đô thị rất nhàn nhã, máy êm, chi phí nuôi xe tiết kiệm thấy rõ. Dẫu vậy, phần mềm thỉnh thoảng vẫn dính lỗi vặt linh tinh và cần khởi động lại; nhìn chung xe đẹp và sang trọng nhưng chỉ phù hợp gia đình có gara riêng.",neutral
EVVN-01217,2022-11-26,VinFast,Facebook,"Không tâng bốc cũng không dìm hàng, ưu điểm là xe chạy cực kỳ êm ái, bốc ga nhanh và chi phí tiền điện hàng tháng rất rẻ, nhưng trần kính mùa hè khá nóng nếu không dán thêm phim cách nhiệt xịn và lắp rèm che. Tùy vào nhu cầu sử dụng của mỗi gia đình mà cân nhắc cho phù hợp.",neutral
EVVN-01218,2022-11-26,Tesla,Facebook,"Cảm nhận về chiếc Tesla: xe tăng tốc tức thì, vượt xe trên quốc lộ rất tự tin và an toàn. Hệ điều hành điều khiển mượt mà như một chiếc máy tính bảng cao cấp. Đi rồi mới thấy công nghệ xe điện tiện lợi và sướng hơn hẳn.",positive
EVVN-01219,2022-11-28,Wuling,YouTube,"Chia sẻ công tâm sau thời gian sử dụng Wuling, ưu điểm là xe nhỏ gọn luồn lách ngõ hẹp cực tốt và tiền điện sạc tại nhà siêu rẻ, tuy nhiên tốc độ thấp và tầm hoạt động ngắn nên không thể đi phượt hay chạy xa. Tùy vào nhu cầu thực tế và điều kiện chỗ sạc tại nhà của mỗi người.",neutral
EVVN-01220,2022-11-29,VinFast,Forum,"Đi phố mỗi ngày vào giờ cao điểm mới thấy, phanh tái sinh chỉnh mức vừa đi rất mượt, đi trong phố đông gần như chỉ cần dùng một bàn đạp, đồng thời kinh tế nhất là sạc chậm qua đêm tại nhà với giá điện sinh hoạt, sáng ra pin đầy ắp sẵn sàng. Rất đáng tiền trong phân khúc, hài lòng 9/10 điểm.",positive
EVVN-01221,2022-11-29,VinFast,Forum,Bức xúc khi dùng VinFast: phần mềm liên tục báo lỗi ảo và cảnh báo pin ảo khiến người lái hoang mang. Ngoài ra xưởng dịch vụ nhiều đợt đông nghẹt xe taxi vào sửa chữa nên khách cá nhân phải chờ lâu. Đang tính chuyện bán lỗ để quay về xe xăng cho đỡ đau đầu.,negative
EVVN-01222,2022-11-29,VinFast,Facebook,Bức xúc khi dùng VinFast: phần mềm liên tục báo lỗi ảo và cảnh báo pin ảo khiến người lái hoang mang. Ngoài ra phần mềm thỉnh thoảng báo lỗi ảo rùa vàng phải tắt máy chờ một lúc mới khởi động lại được. Không thể chấp nhận một sản phẩm giá tiền tỷ mà lỗi vặt nhiều như thế này. (Cập nhật ODO vạn km đợt 2022).,negative
EVVN-01223,2022-11-29,BYD,YouTube,"Cảm nhận thật lòng sau 3 tháng sử dụng, trọng tâm pin đặt dưới sàn giúp xe ôm cua cực kỳ đầm chắc, không bị vặn xoắn, và tính bài toán vận hành lâu dài thì kinh tế hơn hẳn các dòng xe xăng cùng tầm giá. Một trải nghiệm nâng cấp chất lượng sống cho cả gia đình.",positive
EVVN-01224,2022-12-01,Tesla,Facebook,"Lúc đầu cũng đắn đo nhưng chốt xe xong thấy, trọng tâm pin đặt dưới sàn giúp xe ôm cua cực kỳ đầm chắc, không bị vặn xoắn, hơn nữa chi phí sạc điện mỗi tháng chưa tới 800 nghìn, tiết kiệm hơn 70% so với tiền xăng trước kia. Một trải nghiệm nâng cấp chất lượng sống cho cả gia đình.",neutral
EVVN-01225,2022-12-01,BYD,Review site,"Chờ đợi mòn mỏi ở xưởng dịch vụ, trải nghiệm thực sự tệ khi trần kính toàn cảnh vào mùa hè Hà Nội nắng 40 độ hấp nhiệt nóng rát đỉnh đầu, bật điều hòa max vẫn toát mồ hôi. Đáng nói nhất là giá phụ tùng linh kiện nhập khẩu còn tương đối cao. Trải nghiệm chưa xứng đáng với kỳ vọng và số tiền bỏ ra.",negative
EVVN-01226,2022-12-02,BYD,Forum,Bức xúc khi dùng BYD: bản cập nhật phần mềm mới làm hao pin hơn hẳn và mất kết nối Bluetooth liên tục. Ngoài ra hãng chưa có trạm sạc riêng tại VN nên phải tìm trạm tư nhân bên thứ 3 khá bất tiện. Quá mệt mỏi vì suốt ngày phải lo nghĩ chuyện sạc pin và lỗi phần mềm.,negative
EVVN-01227,2022-12-02,MG,YouTube,"Vừa bực vừa ức chế, nhiều điểm trạm sạc ngoài trời không có mái che, trời mưa bão cắm sạc vừa ướt vừa bất an. Thất vọng hơn là quãng đường thực tế hao hụt gần 35% so với công bố khi chạy cao tốc kèm bật điều hòa gió lớn. Mong hãng nghiêm túc lắng nghe phản ánh và sớm có phương án xử lý dứt điểm. Chi tiết hơn mời anh em xem trong video trải nghiệm của mình nhé.",negative
EVVN-01228,2022-12-02,VinFast,Dealer,"Cảm nhận về chiếc VinFast: phanh tái sinh chỉnh mức vừa đi rất mượt, đi trong phố đông gần như chỉ cần dùng một bàn đạp. Trợ lý ảo ViVi nhận diện giọng nói tiếng Việt ba miền cực kỳ mượt mà. Ai còn phân vân thì nên lái thử một lần, đảm bảo không muốn quay lại xe xăng.",positive
EVVN-01229,2022-12-03,Kia,YouTube,"Trải nghiệm thực tế quá khác xa so với quảng cáo, trải nghiệm thực sự tệ khi trần kính toàn cảnh vào mùa hè Hà Nội nắng 40 độ hấp nhiệt nóng rát đỉnh đầu, bật điều hòa max vẫn toát mồ hôi. Đáng nói nhất là số lượng xe lăn bánh trên đường còn quá hiếm nên tìm phụ tùng khó. Đang tính chuyện bán lỗ để quay về xe xăng cho đỡ đau đầu.",negative
EVVN-01230,2022-12-04,BYD,Facebook,"Trải nghiệm thực tế quá khác xa so với quảng cáo, ở chung cư không có trụ sạc AC, đi làm về mệt mỏi lại phải lang thang tìm trụ sạc nhanh rất bất tiện. Thất vọng hơn là độ hoàn thiện các khe hở thân vỏ không đều, gioăng cao su cửa cách âm kém nghe rõ tiếng gió rít khi lên 100km/h. Quá mệt mỏi vì suốt ngày phải lo nghĩ chuyện sạc pin và lỗi phần mềm.",neutral
EVVN-01231,2022-12-04,Tesla,Review site,"Tổng kết khách quan cho bác nào đang tìm hiểu, xe rất hợp cho người đam mê công nghệ và có sẵn chỗ sạc tại nhà. Về cơ bản sạc pin ở nhà vào ban đêm rất tiện lợi và kinh tế, nhưng trần kính mùa hè khá nóng nếu không dán thêm phim cách nhiệt xịn và lắp rèm che.",neutral
EVVN-01232,2022-12-05,VinFast,Review site,"Sau thời gian trải nghiệm VinFast: sạc pin ở nhà vào ban đêm rất tiện lợi và kinh tế, bù lại quãng đường chạy đường trường thực tế sẽ hụt bớt khoảng 20-30% nếu đạp thốc ga liên tục. Bác nào ở nhà đất có chỗ cắm sạc thì nên mua, còn ở chung cư thì nên tính toán thêm. (Cập nhật ODO vạn km đợt 2022).",neutral
EVVN-01233,2022-12-06,MG,Dealer,"Bức xúc khi dùng MG: cảm biến va chạm và radar hú còi loạn xạ dù đường hoàn toàn thông thoáng. Ngoài ra chất liệu nhựa nội thất chưa thật sự tinh xảo. Thực sự thất vọng, khuyên thật lòng anh em nên cân nhắc kỹ trước khi xuống tiền.",negative
EVVN-01234,2022-12-06,MG,YouTube,"Lấy xe từ đợt đầu, xe tăng tốc tức thì, vượt xe trên quốc lộ rất tự tin và an toàn, và tiền sạc rẻ giật mình, mỗi km tính ra chỉ tốn tầm 400 đến 500 đồng. Ai còn phân vân thì nên lái thử một lần, đảm bảo không muốn quay lại xe xăng.",positive
EVVN-01235,2022-12-06,Tesla,Facebook,"Đối với chiếc Tesla, ưu điểm là xe chạy cực kỳ êm ái, bốc ga nhanh và chi phí tiền điện hàng tháng rất rẻ. Dẫu vậy, quãng đường chạy đường trường thực tế sẽ hụt bớt khoảng 20-30% nếu đạp thốc ga liên tục; nhìn chung công nghệ đi trước thời đại nhưng việc sạc và bảo dưỡng xe tư nhân tại VN khá nan giải.",negative
EVVN-01236,2022-12-06,BYD,YouTube,"Vừa bực vừa ức chế, ở chung cư không có trụ sạc AC, đi làm về mệt mỏi lại phải lang thang tìm trụ sạc nhanh rất bất tiện, chưa kể lỗi ắc quy 12V tụt áp bất thình lình làm xe không khởi động được, phải gọi xe cứu hộ kéo về. Không thể chấp nhận một sản phẩm giá tiền tỷ mà lỗi vặt nhiều như thế này.",negative
EVVN-01237,2022-12-07,VinFast,Review site,"Hôm qua suýt nằm đường vì, ở chung cư không có trụ sạc AC, đi làm về mệt mỏi lại phải lang thang tìm trụ sạc nhanh rất bất tiện. Thất vọng hơn là giảm xóc sau quá cứng, đi qua gờ giảm tốc người ngồi hàng hai nảy tưng tưng rất ê mông. Thực sự thất vọng, khuyên thật lòng anh em nên cân nhắc kỹ trước khi xuống tiền.",negative
EVVN-01238,2022-12-08,Hyundai,Forum,"Lần đầu đi phượt đèo dốc bằng xe điện, màn hình giải trí sắc nét, cảm ứng mượt mà và hỗ trợ kết nối không dây rất tiện, song song với đó kinh tế nhất là sạc chậm qua đêm tại nhà với giá điện sinh hoạt, sáng ra pin đầy ắp sẵn sàng. Đi rồi mới thấy công nghệ xe điện tiện lợi và sướng hơn hẳn.",positive
EVVN-01239,2022-12-08,Tesla,Forum,"Bỏ ra số tiền không nhỏ mà nhận lại, trải nghiệm thực sự tệ khi giảm xóc sau quá cứng, đi qua gờ giảm tốc người ngồi hàng hai nảy tưng tưng rất ê mông. Đáng nói nhất là phụ tùng thay thế hiếm, hỏng hóc phải chờ đặt từ nước ngoài về cả tháng. Trải nghiệm chưa xứng đáng với kỳ vọng và số tiền bỏ ra.",negative
EVVN-01240,2022-12-09,VinFast,YouTube,"Thất vọng toàn tập với chuyến đi vừa rồi, trải nghiệm thực sự tệ khi khoang hành lý quá chật hẹp, không thể nhét vừa hai chiếc vali cỡ trung cho chuyến đi xa. Đáng nói nhất là phần mềm thỉnh thoảng báo lỗi ảo rùa vàng phải tắt máy chờ một lúc mới khởi động lại được. Không thể chấp nhận một sản phẩm giá tiền tỷ mà lỗi vặt nhiều như thế này.",negative
EVVN-01241,2022-12-11,VinFast,Forum,"Cảm nhận về chiếc VinFast: phanh tái sinh chỉnh mức vừa đi rất mượt, đi trong phố đông gần như chỉ cần dùng một bàn đạp. Trợ lý ảo ViVi nhận diện giọng nói tiếng Việt ba miền cực kỳ mượt mà. Thực sự vượt ngoài mong đợi ban đầu của mình.",positive
EVVN-01242,2022-12-11,Tesla,Forum,"Thất vọng toàn tập với chuyến đi vừa rồi, ra đến trạm sạc cao tốc thì 3 trụ báo lỗi hỏng, trụ duy nhất còn lại thì bị xe xăng đỗ chiếm chỗ vô ý thức, chưa kể màn hình trung tâm thỉnh thoảng bị đơ đen sì khi đang chạy, camera lùi bị giật lag nghiêm trọng. Nếu được chọn lại chắc chắn mình sẽ trung thành với xe xăng truyền thống.",negative
EVVN-01243,2022-12-11,VinFast,Facebook,"Lấy xe từ đợt đầu, vận hành êm ái tuyệt đối, không rung giật và chấm dứt hẳn mùi xăng khó chịu, hơn nữa chi phí sạc điện mỗi tháng chưa tới 800 nghìn, tiết kiệm hơn 70% so với tiền xăng trước kia. Thực sự vượt ngoài mong đợi ban đầu của mình.",positive
EVVN-01244,2022-12-11,MG,Facebook,"Dưới góc nhìn người dùng thực tế, lựa chọn kinh tế cho người mua xe điện lần đầu muốn trải nghiệm. Về cơ bản sạc pin ở nhà vào ban đêm rất tiện lợi và kinh tế, nhưng việc đi xa vẫn cần phải lên kế hoạch lộ trình trạm sạc cẩn thận chứ không tiện như đổ xăng.",negative
EVVN-01245,2022-12-11,Kia,YouTube,"Gặp sự cố giữa đường mới thấy, trải nghiệm thực sự tệ khi khoang hành lý quá chật hẹp, không thể nhét vừa hai chiếc vali cỡ trung cho chuyến đi xa. Đáng nói nhất là số lượng xe lăn bánh trên đường còn quá hiếm nên tìm phụ tùng khó. Mong hãng nghiêm túc lắng nghe phản ánh và sớm có phương án xử lý dứt điểm.",negative
EVVN-01246,2022-12-11,Kia,Dealer,"Lúc đầu cũng đắn đo nhưng chốt xe xong thấy, điểm cộng là cảm giác đánh lái thể thao và độ bám đường chuẩn xác. Bên cạnh đó, các bản cập nhật phần mềm từ xa OTA ngày càng hoàn thiện, xe đi mượt hơn hẳn. Cực kỳ ưng ý và sẽ tiếp tục ủng hộ xu hướng di chuyển xanh.",neutral
EVVN-01247,2022-12-12,VinFast,Dealer,"Sau thời gian trải nghiệm VinFast: vận hành trong đô thị rất nhàn nhã, máy êm, chi phí nuôi xe tiết kiệm thấy rõ, bù lại hạ tầng trạm sạc công cộng dịp lễ đông đúc phải chờ đợi khá sốt ruột. Tóm lại xe rất hợp đi phố hàng ngày, còn đi phượt xa thì cần tính toán kỹ thời gian. Góc nhìn chân thực từ thành viên Dealer.",neutral
EVVN-01248,2022-12-12,Tesla,Facebook,"Đi làm hằng ngày với em nó, buổi trưa nằm nghỉ trong xe bật điều hòa thoải mái mà không sợ ngạt khí CO độc hại, kèm theo đó chi phí sạc điện mỗi tháng chưa tới 800 nghìn, tiết kiệm hơn 70% so với tiền xăng trước kia. Một trải nghiệm nâng cấp chất lượng sống cho cả gia đình.",positive
EVVN-01249,2022-12-15,Tesla,Review site,"Bỏ ra số tiền không nhỏ mà nhận lại, ra đến trạm sạc cao tốc thì 3 trụ báo lỗi hỏng, trụ duy nhất còn lại thì bị xe xăng đỗ chiếm chỗ vô ý thức, chưa kể lỗi ắc quy 12V tụt áp bất thình lình làm xe không khởi động được, phải gọi xe cứu hộ kéo về. Nếu được chọn lại chắc chắn mình sẽ trung thành với xe xăng truyền thống.",negative
EVVN-01250,2022-12-15,BYD,Dealer,"Hôm qua suýt nằm đường vì, trải nghiệm thực sự tệ khi giảm xóc sau quá cứng, đi qua gờ giảm tốc người ngồi hàng hai nảy tưng tưng rất ê mông. Đáng nói nhất là giá phụ tùng linh kiện nhập khẩu còn tương đối cao. Mong hãng nghiêm túc lắng nghe phản ánh và sớm có phương án xử lý dứt điểm.",negative
EVVN-01251,2022-12-16,BYD,Dealer,"Dùng được vài tuần bắt đầu phát sinh nhiều vấn đề, trải nghiệm thực sự tệ khi quãng đường thực tế hao hụt gần 35% so với công bố khi chạy cao tốc kèm bật điều hòa gió lớn. Đáng nói nhất là giá phụ tùng linh kiện nhập khẩu còn tương đối cao. Mong hãng nghiêm túc lắng nghe phản ánh và sớm có phương án xử lý dứt điểm.",negative
EVVN-01252,2022-12-16,Kia,Review site,"Gia đình mình sử dụng đi lại hàng ngày, phanh tái sinh chỉnh mức vừa đi rất mượt, đi trong phố đông gần như chỉ cần dùng một bàn đạp, đồng thời chi phí sạc điện mỗi tháng chưa tới 800 nghìn, tiết kiệm hơn 70% so với tiền xăng trước kia. Đi rồi mới thấy công nghệ xe điện tiện lợi và sướng hơn hẳn.",positive
EVVN-01253,2022-12-16,MG,YouTube,"Chạy dịch vụ cày cuốc cả ngày, điểm cộng là MG4 EV dẫn động cầu sau lái phấn khích và linh hoạt trong cua. Thêm vào đó, màn hình giải trí sắc nét, cảm ứng mượt mà và hỗ trợ kết nối không dây rất tiện. Một trải nghiệm nâng cấp chất lượng sống cho cả gia đình.",positive
EVVN-01254,2022-12-16,BYD,Review site,"Cảm nhận về chiếc BYD: vận hành êm ái tuyệt đối, không rung giật và chấm dứt hẳn mùi xăng khó chịu. Thiết kế nội thất phong cách thể thao phá cách và trẻ trung. Thực sự vượt ngoài mong đợi ban đầu của mình.",neutral
EVVN-01255,2022-12-16,Hyundai,Review site,"Lên đây cảnh báo cho anh em đang có ý định mua, dọc đường miền núi trạm sạc quá thưa thớt, vừa đi vừa run sợ hết pin giữa đèo. Thất vọng hơn là giảm xóc sau quá cứng, đi qua gờ giảm tốc người ngồi hàng hai nảy tưng tưng rất ê mông. Thực sự thất vọng, khuyên thật lòng anh em nên cân nhắc kỹ trước khi xuống tiền.",negative
EVVN-01256,2022-12-17,BYD,Review site,"Lúc đầu cũng đắn đo nhưng chốt xe xong thấy, thích nhất tính năng bật điều hòa từ xa trước khi lên xe, mùa hè vào xe mát rượi ngay, kèm theo đó tính bài toán vận hành lâu dài thì kinh tế hơn hẳn các dòng xe xăng cùng tầm giá. Rất đáng tiền trong phân khúc, hài lòng 9/10 điểm.",positive
EVVN-01257,2022-12-17,Wuling,Facebook,"Sau gần 8 tháng sử dụng đi phố, xe mini nhỏ gọn luồn lách ngõ hẹp cực kỳ linh hoạt, kèm theo đó cắm sạc trực tiếp ổ điện 220V gia đình qua đêm rất tiện lợi. Đúng là phương tiện hoàn hảo để thay thế xe máy.",positive
EVVN-01258,2022-12-18,VinFast,Review site,"Sau thời gian trải nghiệm VinFast: xe lái đầm chắc, khung gầm dày dặn và nhiều công nghệ an toàn hiện đại, bù lại trần kính mùa hè khá nóng nếu không dán thêm phim cách nhiệt xịn và lắp rèm che. Xe có ưu nhược điểm riêng, ai chấp nhận được điểm trừ thì dùng rất ổn.",neutral
EVVN-01259,2022-12-18,Kia,Facebook,"Bức xúc khi dùng Kia: màn hình trung tâm thỉnh thoảng bị đơ đen sì khi đang chạy, camera lùi bị giật lag nghiêm trọng. Ngoài ra hạ tầng trạm sạc độc quyền gần như chưa có tại các tỉnh. Mong hãng nghiêm túc lắng nghe phản ánh và sớm có phương án xử lý dứt điểm.",negative
EVVN-01260,2022-12-18,MG,YouTube,"Quá mệt mỏi sau chuyến đi tỉnh cuối tuần, tốc độ sạc bị bóp công suất tụt thảm hại khi có nhiều xe cùng cắm sạc một lúc, chưa kể cảm biến va chạm và radar hú còi loạn xạ dù đường hoàn toàn thông thoáng. Không thể chấp nhận một sản phẩm giá tiền tỷ mà lỗi vặt nhiều như thế này.",negative
EVVN-01261,2022-12-18,Kia,YouTube,"Đối với chiếc Kia, sạc pin ở nhà vào ban đêm rất tiện lợi và kinh tế. Dẫu vậy, việc đi xa vẫn cần phải lên kế hoạch lộ trình trạm sạc cẩn thận chứ không tiện như đổ xăng; nhìn chung thiết kế và vận hành rất tốt nhưng cần Kia mở rộng liên kết trạm sạc tại VN.",neutral
EVVN-01262,2022-12-19,Wuling,Forum,"Khen chê rõ ràng chiếc xe mini nhỏ nhất thị trường, vận hành đô thị linh hoạt, bán kính quay đầu nhỏ và máy chạy êm, tuy nhiên tốc độ thấp và tầm hoạt động ngắn nên không thể đi phượt hay chạy xa. Đánh giá ở mức 7/10 điểm, đúng công năng cho người cần xe phụ đi chợ đi làm.",neutral
EVVN-01263,2022-12-20,BYD,Dealer,"Dưới góc nhìn người dùng thực tế, chất lượng hoàn thiện tốt trong tầm giá xe nhập khẩu. Về cơ bản sạc pin ở nhà vào ban đêm rất tiện lợi và kinh tế, nhưng việc đi xa vẫn cần phải lên kế hoạch lộ trình trạm sạc cẩn thận chứ không tiện như đổ xăng.",neutral
EVVN-01264,2022-12-20,BYD,Review site,"Vừa bực vừa ức chế, ở chung cư không có trụ sạc AC, đi làm về mệt mỏi lại phải lang thang tìm trụ sạc nhanh rất bất tiện, chưa kể màn hình trung tâm thỉnh thoảng bị đơ đen sì khi đang chạy, camera lùi bị giật lag nghiêm trọng. Không thể chấp nhận một sản phẩm giá tiền tỷ mà lỗi vặt nhiều như thế này.",negative
EVVN-01265,2022-12-20,VinFast,Forum,"Cân nhắc kỹ lưỡng ưu và nhược điểm, lợi thế hệ thống trạm sạc VinFast tại Việt Nam áp đảo hoàn toàn so với mọi đối thủ. Về cơ bản vận hành trong đô thị rất nhàn nhã, máy êm, chi phí nuôi xe tiết kiệm thấy rõ, nhưng hạ tầng trạm sạc công cộng dịp lễ đông đúc phải chờ đợi khá sốt ruột.",neutral
EVVN-01266,2022-12-22,MG,Dealer,"Quá mệt mỏi sau chuyến đi tỉnh cuối tuần, nhiều điểm trạm sạc ngoài trời không có mái che, trời mưa bão cắm sạc vừa ướt vừa bất an, thêm vào đó bản cập nhật phần mềm mới làm hao pin hơn hẳn và mất kết nối Bluetooth liên tục. Nếu được chọn lại chắc chắn mình sẽ trung thành với xe xăng truyền thống.",negative
EVVN-01267,2022-12-22,BYD,Facebook,"Đi phố mỗi ngày vào giờ cao điểm mới thấy, trọng tâm pin đặt dưới sàn giúp xe ôm cua cực kỳ đầm chắc, không bị vặn xoắn, đồng thời tính bài toán vận hành lâu dài thì kinh tế hơn hẳn các dòng xe xăng cùng tầm giá. Thực sự vượt ngoài mong đợi ban đầu của mình.",positive
EVVN-01268,2022-12-23,Hyundai,Review site,"Đã gắn bó từ những ngày đầu nhận xe, điểm cộng là không gian cabin phẳng rộng rãi như phòng khách gia đình. Bên cạnh đó, màn hình giải trí sắc nét, cảm ứng mượt mà và hỗ trợ kết nối không dây rất tiện. Nói chung quyết định chuyển sang xe điện là hoàn toàn sáng suốt.",positive
EVVN-01269,2022-12-23,Wuling,Review site,"Mua xe cho vợ đi làm hàng ngày, bán kính quay đầu nhỏ xoay xở đầu ngõ phố nhẹ tênh, hơn nữa chi phí bảo dưỡng định kỳ hầu như không đáng kể. Đúng là phương tiện hoàn hảo để thay thế xe máy.",positive
EVVN-01270,2022-12-23,Kia,Facebook,"Nhận xét thực tế sau chuyến đi dài, điểm cộng lớn nhất là khả năng tăng tốc mượt mà, không mùi khí thải và không gian cabin thoáng đãng, nhưng phần mềm thỉnh thoảng vẫn dính lỗi vặt linh tinh và cần khởi động lại. Đánh giá ở mức 7/10 điểm, cần thêm thời gian để hoàn thiện hạ tầng và phần mềm. Mình chia sẻ lên nhóm để anh em cùng thảo luận.",neutral
EVVN-01271,2022-12-23,Tesla,Facebook,"Chia sẻ trải nghiệm không mấy vui vẻ sau 2 tháng, tốc độ sạc bị bóp công suất tụt thảm hại khi có nhiều xe cùng cắm sạc một lúc, chưa kể phần mềm liên tục báo lỗi ảo và cảnh báo pin ảo khiến người lái hoang mang. Quá mệt mỏi vì suốt ngày phải lo nghĩ chuyện sạc pin và lỗi phần mềm. Mình chia sẻ lên nhóm để anh em cùng thảo luận.",negative
EVVN-01272,2022-12-24,VinFast,Facebook,"Thất vọng toàn tập với chuyến đi vừa rồi, ở chung cư không có trụ sạc AC, đi làm về mệt mỏi lại phải lang thang tìm trụ sạc nhanh rất bất tiện, thêm vào đó cảm biến va chạm và radar hú còi loạn xạ dù đường hoàn toàn thông thoáng. Trải nghiệm chưa xứng đáng với kỳ vọng và số tiền bỏ ra.",neutral
EVVN-01273,2022-12-24,Hyundai,YouTube,"Đối với chiếc Hyundai, sạc pin ở nhà vào ban đêm rất tiện lợi và kinh tế. Dẫu vậy, hạ tầng trạm sạc công cộng dịp lễ đông đúc phải chờ đợi khá sốt ruột; nhìn chung chất lượng hoàn thiện chuẩn xe toàn cầu nhưng hạ tầng sạc vẫn là rào cản lớn.",neutral
EVVN-01274,2022-12-26,VinFast,Facebook,"Góc nhìn trung lập sau 6 tháng sử dụng, lợi thế hệ thống trạm sạc VinFast tại Việt Nam áp đảo hoàn toàn so với mọi đối thủ. Về cơ bản điểm cộng lớn nhất là khả năng tăng tốc mượt mà, không mùi khí thải và không gian cabin thoáng đãng, nhưng việc đi xa vẫn cần phải lên kế hoạch lộ trình trạm sạc cẩn thận chứ không tiện như đổ xăng.",neutral
EVVN-01275,2022-12-26,VinFast,Forum,"Cảm nhận về chiếc VinFast: trọng tâm pin đặt dưới sàn giúp xe ôm cua cực kỳ đầm chắc, không bị vặn xoắn. Trợ lý ảo ViVi nhận diện giọng nói tiếng Việt ba miền cực kỳ mượt mà. Rất đáng tiền trong phân khúc, hài lòng 9/10 điểm. Bác nào đang chạy dòng này vào chia sẻ thêm kinh nghiệm nhé.",positive
EVVN-01276,2022-12-27,Tesla,Facebook,"Sau 15.000 km lăn bánh, khả năng cách âm môi trường và gầm xe tốt hơn mong đợi rất nhiều, hơn nữa khoản bảo dưỡng định kỳ rất nhàn, không phải thay dầu máy hay bugi lọc gió phức tạp. Đi rồi mới thấy công nghệ xe điện tiện lợi và sướng hơn hẳn.",positive
EVVN-01277,2022-12-27,Wuling,Review site,"Nhiều lúc ức chế phát bực vì, khoang xe chật chội, chở đủ 4 người lớn thì gầm xệ và máy khá ì. Điểm trừ nữa là cách âm gầm và lốp kém khi đi qua đoạn đường nhám. Mua về rồi mới thấy bất tiện hơn tưởng tượng rất nhiều.",negative
EVVN-01278,2022-12-27,Kia,Forum,"Đối với chiếc Kia, xe lái đầm chắc, khung gầm dày dặn và nhiều công nghệ an toàn hiện đại. Dẫu vậy, phần mềm thỉnh thoảng vẫn dính lỗi vặt linh tinh và cần khởi động lại; nhìn chung chạy phố rất nổi bật nhưng đi xa phải tính toán kỹ.",neutral
EVVN-01279,2022-12-28,MG,Dealer,"Gia đình mình sử dụng đi lại hàng ngày, phanh tái sinh chỉnh mức vừa đi rất mượt, đi trong phố đông gần như chỉ cần dùng một bàn đạp, đồng thời tính bài toán vận hành lâu dài thì kinh tế hơn hẳn các dòng xe xăng cùng tầm giá. Một trải nghiệm nâng cấp chất lượng sống cho cả gia đình.",positive
EVVN-01280,2022-12-28,BYD,Facebook,"Quá mệt mỏi sau chuyến đi tỉnh cuối tuần, dịp lễ cao điểm trạm sạc nào cũng quá tải, xếp hàng dài chờ hơn 1 tiếng rưỡi mới đến lượt cắm sạc. Thất vọng hơn là trần kính toàn cảnh vào mùa hè Hà Nội nắng 40 độ hấp nhiệt nóng rát đỉnh đầu, bật điều hòa max vẫn toát mồ hôi. Thực sự thất vọng, khuyên thật lòng anh em nên cân nhắc kỹ trước khi xuống tiền.",negative
EVVN-01281,2022-12-28,BYD,YouTube,"Cần phản ánh nghiêm túc về tình trạng, trải nghiệm thực sự tệ khi chất liệu nhựa nội thất ọp ẹp, đi vào đường xấu phát ra tiếng kêu cọt kẹt rất khó chịu. Đáng nói nhất là nhiều chi tiết đèn viền và cửa gió thiết kế hơi rườm rà sến sẩm. Không thể chấp nhận một sản phẩm giá tiền tỷ mà lỗi vặt nhiều như thế này.",neutral
EVVN-01282,2022-12-28,Tesla,YouTube,"Chia sẻ công tâm sau thời gian trải nghiệm, công nghệ đi trước thời đại nhưng việc sạc và bảo dưỡng xe tư nhân tại VN khá nan giải. Về cơ bản vận hành trong đô thị rất nhàn nhã, máy êm, chi phí nuôi xe tiết kiệm thấy rõ, nhưng phần mềm thỉnh thoảng vẫn dính lỗi vặt linh tinh và cần khởi động lại.",neutral
EVVN-01283,2022-12-29,Wuling,Review site,"Lên đây cảnh báo thực tế cho anh em đang có ý định mua, trang bị an toàn nghèo nàn, bản thấp thậm chí không có túi khí bảo vệ. Điểm trừ nữa là giảm xóc sau khá cứng đi qua gờ giảm tốc nảy tưng tưng. Trải nghiệm chưa xứng đáng với kỳ vọng ban đầu.",neutral
EVVN-01284,2022-12-30,BYD,Forum,"Lên đây cảnh báo cho anh em đang có ý định mua, trải nghiệm thực sự tệ khi trần kính toàn cảnh vào mùa hè Hà Nội nắng 40 độ hấp nhiệt nóng rát đỉnh đầu, bật điều hòa max vẫn toát mồ hôi. Đáng nói nhất là nhiều chi tiết đèn viền và cửa gió thiết kế hơi rườm rà sến sẩm. Mong hãng nghiêm túc lắng nghe phản ánh và sớm có phương án xử lý dứt điểm.",negative
EVVN-01285,2023-01-01,Kia,Review site,"Chạy thử cả phố lẫn đường trường, xe tăng tốc tức thì, vượt xe trên quốc lộ rất tự tin và an toàn, hơn nữa kinh tế nhất là sạc chậm qua đêm tại nhà với giá điện sinh hoạt, sáng ra pin đầy ắp sẵn sàng. Chấm điểm 9.5/10 cho độ êm ái và hiệu quả kinh tế.",positive
EVVN-01286,2023-01-01,Wuling,YouTube,"Chạy được gần 1 vạn km nội thành, xe mini nhỏ gọn luồn lách ngõ hẹp cực kỳ linh hoạt, đồng thời cắm sạc trực tiếp ổ điện 220V gia đình qua đêm rất tiện lợi. Rất ưng ý với số tiền bỏ ra, phù hợp nhu cầu gia đình nhỏ.",positive
EVVN-01287,2023-01-01,BYD,YouTube,"Hôm qua suýt nằm đường vì, trải nghiệm thực sự tệ khi khoang hành lý quá chật hẹp, không thể nhét vừa hai chiếc vali cỡ trung cho chuyến đi xa. Đáng nói nhất là giá phụ tùng linh kiện nhập khẩu còn tương đối cao. Trải nghiệm chưa xứng đáng với kỳ vọng và số tiền bỏ ra.",negative
EVVN-01288,2023-01-01,VinFast,Review site,"Bức xúc khi dùng VinFast: phần mềm liên tục báo lỗi ảo và cảnh báo pin ảo khiến người lái hoang mang. Ngoài ra phần mềm thỉnh thoảng báo lỗi ảo rùa vàng phải tắt máy chờ một lúc mới khởi động lại được. Thực sự thất vọng, khuyên thật lòng anh em nên cân nhắc kỹ trước khi xuống tiền.",negative
EVVN-01289,2023-01-02,VinFast,Review site,"Sau thời gian trải nghiệm VinFast: xe lái đầm chắc, khung gầm dày dặn và nhiều công nghệ an toàn hiện đại, bù lại quãng đường chạy đường trường thực tế sẽ hụt bớt khoảng 20-30% nếu đạp thốc ga liên tục. Bác nào ở nhà đất có chỗ cắm sạc thì nên mua, còn ở chung cư thì nên tính toán thêm.",neutral
EVVN-01290,2023-01-02,BYD,Dealer,"Cảm nhận về chiếc BYD: phanh tái sinh chỉnh mức vừa đi rất mượt, đi trong phố đông gần như chỉ cần dùng một bàn đạp. Thiết kế nội thất phong cách thể thao phá cách và trẻ trung. Rất đáng tiền trong phân khúc, hài lòng 9/10 điểm.",positive
EVVN-01291,2023-01-03,VinFast,Dealer,"Đối với chiếc VinFast, ưu điểm là xe chạy cực kỳ êm ái, bốc ga nhanh và chi phí tiền điện hàng tháng rất rẻ. Dẫu vậy, hạ tầng trạm sạc công cộng dịp lễ đông đúc phải chờ đợi khá sốt ruột; nhìn chung lợi thế hệ thống trạm sạc VinFast tại Việt Nam áp đảo hoàn toàn so với mọi đối thủ.",neutral
EVVN-01292,2023-01-03,Tesla,Dealer,"Nhận xét thực tế sau chuyến đi dài, xe rất hợp cho người đam mê công nghệ và có sẵn chỗ sạc tại nhà. Về cơ bản ưu điểm là xe chạy cực kỳ êm ái, bốc ga nhanh và chi phí tiền điện hàng tháng rất rẻ, nhưng phần mềm thỉnh thoảng vẫn dính lỗi vặt linh tinh và cần khởi động lại.",neutral
EVVN-01293,2023-01-03,BYD,Facebook,"Từ xe xăng đổi qua xe điện, xe tăng tốc tức thì, vượt xe trên quốc lộ rất tự tin và an toàn, đồng thời kinh tế nhất là sạc chậm qua đêm tại nhà với giá điện sinh hoạt, sáng ra pin đầy ắp sẵn sàng. Rất đáng tiền trong phân khúc, hài lòng 9/10 điểm. Mình chia sẻ lên nhóm để anh em cùng thảo luận.",positive
EVVN-01294,2023-01-04,VinFast,Dealer,"Quá mệt mỏi sau chuyến đi tỉnh cuối tuần, tốc độ sạc bị bóp công suất tụt thảm hại khi có nhiều xe cùng cắm sạc một lúc. Thất vọng hơn là quãng đường thực tế hao hụt gần 35% so với công bố khi chạy cao tốc kèm bật điều hòa gió lớn. Thực sự thất vọng, khuyên thật lòng anh em nên cân nhắc kỹ trước khi xuống tiền.",negative
EVVN-01295,2023-01-04,VinFast,Facebook,"Lúc đầu cũng đắn đo nhưng chốt xe xong thấy, xe tăng tốc tức thì, vượt xe trên quốc lộ rất tự tin và an toàn, đồng thời tiền sạc rẻ giật mình, mỗi km tính ra chỉ tốn tầm 400 đến 500 đồng. Rất đáng tiền trong phân khúc, hài lòng 9/10 điểm.",positive
EVVN-01296,2023-01-04,BYD,Review site,"Lấy xe từ đợt đầu, vận hành êm ái tuyệt đối, không rung giật và chấm dứt hẳn mùi xăng khó chịu, hơn nữa chi phí sạc điện mỗi tháng chưa tới 800 nghìn, tiết kiệm hơn 70% so với tiền xăng trước kia. Cực kỳ ưng ý và sẽ tiếp tục ủng hộ xu hướng di chuyển xanh.",positive
EVVN-01297,2023-01-04,Wuling,Facebook,"Mua xe cho vợ đi làm hàng ngày, chở 2 mẹ con che nắng mưa mùa đông hè rất tiện, đồng thời chi phí bảo dưỡng định kỳ hầu như không đáng kể. Đúng là phương tiện hoàn hảo để thay thế xe máy. Mình chia sẻ lên nhóm để anh em cùng thảo luận.",positive
EVVN-01298,2023-01-05,VinFast,Dealer,"Không tâng bốc cũng không dìm hàng, vận hành trong đô thị rất nhàn nhã, máy êm, chi phí nuôi xe tiết kiệm thấy rõ, nhưng việc đi xa vẫn cần phải lên kế hoạch lộ trình trạm sạc cẩn thận chứ không tiện như đổ xăng. Nhìn chung là sản phẩm dùng được nhưng chưa thực sự hoàn hảo.",neutral
EVVN-01299,2023-01-05,VinFast,YouTube,"Sau thời gian trải nghiệm VinFast: điểm cộng lớn nhất là khả năng tăng tốc mượt mà, không mùi khí thải và không gian cabin thoáng đãng, bù lại phần mềm thỉnh thoảng vẫn dính lỗi vặt linh tinh và cần khởi động lại. Bác nào ở nhà đất có chỗ cắm sạc thì nên mua, còn ở chung cư thì nên tính toán thêm. Chi tiết hơn mời anh em xem trong video trải nghiệm của mình nhé.",neutral
EVVN-01300,2023-01-05,Kia,Facebook,"Sau thời gian trải nghiệm Kia: sạc pin ở nhà vào ban đêm rất tiện lợi và kinh tế, bù lại trần kính mùa hè khá nóng nếu không dán thêm phim cách nhiệt xịn và lắp rèm che. Nhìn chung là sản phẩm dùng được nhưng chưa thực sự hoàn hảo.",neutral
EVVN-01301,2023-01-06,VinFast,Review site,"Dùng được vài tuần bắt đầu phát sinh nhiều vấn đề, tốc độ sạc bị bóp công suất tụt thảm hại khi có nhiều xe cùng cắm sạc một lúc. Thất vọng hơn là độ hoàn thiện các khe hở thân vỏ không đều, gioăng cao su cửa cách âm kém nghe rõ tiếng gió rít khi lên 100km/h. Không thể chấp nhận một sản phẩm giá tiền tỷ mà lỗi vặt nhiều như thế này.",negative
EVVN-01302,2023-01-06,VinFast,Dealer,"Lên đây cảnh báo cho anh em đang có ý định mua, dịp lễ cao điểm trạm sạc nào cũng quá tải, xếp hàng dài chờ hơn 1 tiếng rưỡi mới đến lượt cắm sạc, chưa kể bản cập nhật phần mềm mới làm hao pin hơn hẳn và mất kết nối Bluetooth liên tục. Trải nghiệm chưa xứng đáng với kỳ vọng và số tiền bỏ ra.",neutral
EVVN-01303,2023-01-06,Hyundai,Review site,"Sau thời gian trải nghiệm Hyundai: xe lái đầm chắc, khung gầm dày dặn và nhiều công nghệ an toàn hiện đại, bù lại hạ tầng trạm sạc công cộng dịp lễ đông đúc phải chờ đợi khá sốt ruột. Đánh giá ở mức 7/10 điểm, cần thêm thời gian để hoàn thiện hạ tầng và phần mềm.",neutral
EVVN-01304,2023-01-07,MG,Forum,"Dưới góc nhìn người dùng thực tế, xe lái đầm chắc, khung gầm dày dặn và nhiều công nghệ an toàn hiện đại, nhưng phần mềm thỉnh thoảng vẫn dính lỗi vặt linh tinh và cần khởi động lại. Bác nào ở nhà đất có chỗ cắm sạc thì nên mua, còn ở chung cư thì nên tính toán thêm. Bác nào đang chạy dòng này vào chia sẻ thêm kinh nghiệm nhé.",neutral
EVVN-01305,2023-01-07,Wuling,Facebook,"Lấy xe chủ yếu che nắng che mưa, xe mini nhỏ gọn luồn lách ngõ hẹp cực kỳ linh hoạt, kèm theo đó cắm sạc trực tiếp ổ điện 220V gia đình qua đêm rất tiện lợi. Rất ưng ý với số tiền bỏ ra, phù hợp nhu cầu gia đình nhỏ.",positive
EVVN-01306,2023-01-07,Tesla,Facebook,"Lúc đầu cũng đắn đo nhưng chốt xe xong thấy, phanh tái sinh chỉnh mức vừa đi rất mượt, đi trong phố đông gần như chỉ cần dùng một bàn đạp, đồng thời kinh tế nhất là sạc chậm qua đêm tại nhà với giá điện sinh hoạt, sáng ra pin đầy ắp sẵn sàng. Rất đáng tiền trong phân khúc, hài lòng 9/10 điểm.",positive
EVVN-01307,2023-01-07,BYD,Forum,"Thật sự ngán ngẩm với chất lượng hoàn thiện, ở chung cư không có trụ sạc AC, đi làm về mệt mỏi lại phải lang thang tìm trụ sạc nhanh rất bất tiện, chưa kể bản cập nhật phần mềm mới làm hao pin hơn hẳn và mất kết nối Bluetooth liên tục. Trải nghiệm chưa xứng đáng với kỳ vọng và số tiền bỏ ra.",negative
EVVN-01308,2023-01-07,Hyundai,Forum,"Cảm nhận về chiếc Hyundai: xe lướt đi êm ru, người nhà ngồi sau trước đây hay say xe giờ đi thoải mái cả hành trình. Kiến trúc điện 800V hỗ trợ sạc siêu nhanh hàng đầu phân khúc. Nói chung quyết định chuyển sang xe điện là hoàn toàn sáng suốt.",positive
EVVN-01309,2023-01-07,BYD,YouTube,"Lần đầu đi phượt đèo dốc bằng xe điện, phanh tái sinh chỉnh mức vừa đi rất mượt, đi trong phố đông gần như chỉ cần dùng một bàn đạp, và chi phí sạc điện mỗi tháng chưa tới 800 nghìn, tiết kiệm hơn 70% so với tiền xăng trước kia. Thực sự vượt ngoài mong đợi ban đầu của mình.",positive
EVVN-01310,2023-01-08,VinFast,Dealer,"Chạy thử nhiều mẫu xe rồi mới chốt em này, màn hình giải trí sắc nét, cảm ứng mượt mà và hỗ trợ kết nối không dây rất tiện, song song với đó chi phí sạc điện mỗi tháng chưa tới 800 nghìn, tiết kiệm hơn 70% so với tiền xăng trước kia. Đi rồi mới thấy công nghệ xe điện tiện lợi và sướng hơn hẳn.",positive
EVVN-01311,2023-01-08,VinFast,Forum,"Nhận xét thực tế sau chuyến đi dài, sạc pin ở nhà vào ban đêm rất tiện lợi và kinh tế, nhưng trần kính mùa hè khá nóng nếu không dán thêm phim cách nhiệt xịn và lắp rèm che. Nhìn chung là sản phẩm dùng được nhưng chưa thực sự hoàn hảo.",positive
EVVN-01312,2023-01-08,Tesla,Facebook,"Sau chuyến xuyên Việt vừa rồi, các bản cập nhật phần mềm từ xa OTA ngày càng hoàn thiện, xe đi mượt hơn hẳn, kèm theo đó kinh tế nhất là sạc chậm qua đêm tại nhà với giá điện sinh hoạt, sáng ra pin đầy ắp sẵn sàng. Đi rồi mới thấy công nghệ xe điện tiện lợi và sướng hơn hẳn.",neutral
EVVN-01313,2023-01-08,Kia,Review site,"Cảm nhận về chiếc Kia: trọng tâm pin đặt dưới sàn giúp xe ôm cua cực kỳ đầm chắc, không bị vặn xoắn. EV6 dáng crossover thể thao bắt mắt và khí động học. Một trải nghiệm nâng cấp chất lượng sống cho cả gia đình.",positive
EVVN-01314,2023-01-08,VinFast,Facebook,"Cảm nhận về chiếc VinFast: xe tăng tốc tức thì, vượt xe trên quốc lộ rất tự tin và an toàn. Khung gầm đầm chắc chuẩn xe Đức, ôm cua ở tốc độ cao rất vững vàng. Rất đáng tiền trong phân khúc, hài lòng 9/10 điểm.",positive
EVVN-01315,2023-01-08,Hyundai,YouTube,"Lên đây cảnh báo cho anh em đang có ý định mua, trải nghiệm thực sự tệ khi quãng đường thực tế hao hụt gần 35% so với công bố khi chạy cao tốc kèm bật điều hòa gió lớn. Đáng nói nhất là mạng lưới trụ sạc công cộng của Hyundai ở Việt Nam còn quá ít ỏi. Quá mệt mỏi vì suốt ngày phải lo nghĩ chuyện sạc pin và lỗi phần mềm.",negative
EVVN-01316,2023-01-08,VinFast,Forum,"Chia sẻ trải nghiệm không mấy vui vẻ sau 2 tháng, trải nghiệm thực sự tệ khi khoang hành lý quá chật hẹp, không thể nhét vừa hai chiếc vali cỡ trung cho chuyến đi xa. Đáng nói nhất là phần mềm thỉnh thoảng báo lỗi ảo rùa vàng phải tắt máy chờ một lúc mới khởi động lại được. Quá mệt mỏi vì suốt ngày phải lo nghĩ chuyện sạc pin và lỗi phần mềm.",negative
EVVN-01317,2023-01-08,VinFast,Review site,"Test thử cao tốc đợt cuối tuần, xe tăng tốc tức thì, vượt xe trên quốc lộ rất tự tin và an toàn, hơn nữa tiền sạc rẻ giật mình, mỗi km tính ra chỉ tốn tầm 400 đến 500 đồng. Thực sự vượt ngoài mong đợi ban đầu của mình.",positive
EVVN-01318,2023-01-08,VinFast,Review site,"Cần phản ánh nghiêm túc về tình trạng, ra đến trạm sạc cao tốc thì 3 trụ báo lỗi hỏng, trụ duy nhất còn lại thì bị xe xăng đỗ chiếm chỗ vô ý thức. Thất vọng hơn là trần kính toàn cảnh vào mùa hè Hà Nội nắng 40 độ hấp nhiệt nóng rát đỉnh đầu, bật điều hòa max vẫn toát mồ hôi. Thực sự thất vọng, khuyên thật lòng anh em nên cân nhắc kỹ trước khi xuống tiền.",negative
EVVN-01319,2023-01-09,Tesla,Review site,"Cảm nhận về chiếc Tesla: vận hành êm ái tuyệt đối, không rung giật và chấm dứt hẳn mùi xăng khó chịu. Autopilot hỗ trợ tự lái thông minh và giữ làn mượt mà nhất thị trường. Nói chung quyết định chuyển sang xe điện là hoàn toàn sáng suốt.",positive
EVVN-01320,2023-01-09,BYD,Review site,"Đối với chiếc BYD, sạc pin ở nhà vào ban đêm rất tiện lợi và kinh tế. Dẫu vậy, độ hoàn thiện dàn nhựa nội thất và các chi tiết cơ khí vẫn cần hãng trau chuốt thêm; nhìn chung xe lái chắc chắn và pin an toàn nhưng bài toán sạc phụ thuộc hoàn toàn vào bên thứ ba. (Cập nhật ODO vạn km đợt 2023).",neutral
EVVN-01321,2023-01-09,BYD,YouTube,"Sau thời gian trải nghiệm BYD: sạc pin ở nhà vào ban đêm rất tiện lợi và kinh tế, bù lại hạ tầng trạm sạc công cộng dịp lễ đông đúc phải chờ đợi khá sốt ruột. Tóm lại xe rất hợp đi phố hàng ngày, còn đi phượt xa thì cần tính toán kỹ thời gian. Chi tiết hơn mời anh em xem trong video trải nghiệm của mình nhé.",neutral
EVVN-01322,2023-01-10,MG,Forum,"Trải nghiệm thực tế quá khác xa so với quảng cáo, tốc độ sạc bị bóp công suất tụt thảm hại khi có nhiều xe cùng cắm sạc một lúc, thêm vào đó lỗi ắc quy 12V tụt áp bất thình lình làm xe không khởi động được, phải gọi xe cứu hộ kéo về. Thực sự thất vọng, khuyên thật lòng anh em nên cân nhắc kỹ trước khi xuống tiền.",negative
EVVN-01323,2023-01-10,MG,Forum,"Đối với chiếc MG, ưu điểm là xe chạy cực kỳ êm ái, bốc ga nhanh và chi phí tiền điện hàng tháng rất rẻ. Dẫu vậy, quãng đường chạy đường trường thực tế sẽ hụt bớt khoảng 20-30% nếu đạp thốc ga liên tục; nhìn chung xe lái hay và giá mềm nhưng hệ sinh thái trạm sạc còn cần nhiều thời gian để hoàn thiện.",neutral
EVVN-01324,2023-01-10,Tesla,Review site,"Sau 15.000 km lăn bánh, vận hành êm ái tuyệt đối, không rung giật và chấm dứt hẳn mùi xăng khó chịu, đồng thời tính bài toán vận hành lâu dài thì kinh tế hơn hẳn các dòng xe xăng cùng tầm giá. Rất đáng tiền trong phân khúc, hài lòng 9/10 điểm.",positive
EVVN-01325,2023-01-10,VinFast,Forum,"Chạy thử cả phố lẫn đường trường, thích nhất tính năng bật điều hòa từ xa trước khi lên xe, mùa hè vào xe mát rượi ngay, kèm theo đó tính bài toán vận hành lâu dài thì kinh tế hơn hẳn các dòng xe xăng cùng tầm giá. Ai còn phân vân thì nên lái thử một lần, đảm bảo không muốn quay lại xe xăng.",neutral
EVVN-01326,2023-01-11,Kia,Facebook,"Cảm nhận về chiếc Kia: trọng tâm pin đặt dưới sàn giúp xe ôm cua cực kỳ đầm chắc, không bị vặn xoắn. Công nghệ pin sạc nhanh tiên tiến và trang bị tiện nghi dồi dào. Một trải nghiệm nâng cấp chất lượng sống cho cả gia đình.",positive
EVVN-01327,2023-01-11,Tesla,Forum,"Cảm nhận về chiếc Tesla: phanh tái sinh chỉnh mức vừa đi rất mượt, đi trong phố đông gần như chỉ cần dùng một bàn đạp. Autopilot hỗ trợ tự lái thông minh và giữ làn mượt mà nhất thị trường. Đi rồi mới thấy công nghệ xe điện tiện lợi và sướng hơn hẳn. (Cập nhật ODO vạn km đợt 2023).",positive
EVVN-01328,2023-01-11,BYD,Facebook,"Bức xúc khi dùng BYD: lỗi ắc quy 12V tụt áp bất thình lình làm xe không khởi động được, phải gọi xe cứu hộ kéo về. Ngoài ra giá phụ tùng linh kiện nhập khẩu còn tương đối cao. Không thể chấp nhận một sản phẩm giá tiền tỷ mà lỗi vặt nhiều như thế này.",neutral
EVVN-01329,2023-01-11,Wuling,YouTube,"Khen chê rõ ràng chiếc xe mini nhỏ nhất thị trường, vận hành đô thị linh hoạt, bán kính quay đầu nhỏ và máy chạy êm, tuy nhiên tốc độ thấp và tầm hoạt động ngắn nên không thể đi phượt hay chạy xa. Đánh giá ở mức 7/10 điểm, đúng công năng cho người cần xe phụ đi chợ đi làm. Cảm nhận thực tế xe Wuling tại Việt Nam.",neutral
EVVN-01330,2023-01-11,Wuling,Review site,"Nhiều lúc ức chế phát bực vì, tốc độ tối đa thấp và không đi được cao tốc, ra đường lớn gió thổi tạt hơi ghê. Điểm trừ nữa là ở chung cư không có chỗ cắm điện 220V thì không tài nào nuôi nổi xe. Trải nghiệm chưa xứng đáng với kỳ vọng ban đầu. Góc nhìn chân thực từ thành viên Review site.",negative
EVVN-01331,2023-01-12,Tesla,YouTube,"Cảm nhận về chiếc Tesla: xe tăng tốc tức thì, vượt xe trên quốc lộ rất tự tin và an toàn. Autopilot hỗ trợ tự lái thông minh và giữ làn mượt mà nhất thị trường. Ai còn phân vân thì nên lái thử một lần, đảm bảo không muốn quay lại xe xăng.",neutral
EVVN-01332,2023-01-12,BYD,Review site,"Mua xe cho vợ đi làm hàng ngày, thích nhất tính năng bật điều hòa từ xa trước khi lên xe, mùa hè vào xe mát rượi ngay, song song với đó tiền sạc rẻ giật mình, mỗi km tính ra chỉ tốn tầm 400 đến 500 đồng. Ai còn phân vân thì nên lái thử một lần, đảm bảo không muốn quay lại xe xăng.",positive
EVVN-01333,2023-01-12,Tesla,Dealer,"Đổi từ sedan Nhật sang xe điện, điểm cộng là hệ điều hành điều khiển mượt mà như một chiếc máy tính bảng cao cấp. Bên cạnh đó, buổi trưa nằm nghỉ trong xe bật điều hòa thoải mái mà không sợ ngạt khí CO độc hại. Nói chung quyết định chuyển sang xe điện là hoàn toàn sáng suốt.",neutral
EVVN-01334,2023-01-12,Wuling,Review site,"Sau chuyến thử đi ra ngoại thành mới thấy, tốc độ tối đa thấp và không đi được cao tốc, ra đường lớn gió thổi tạt hơi ghê. Điểm trừ nữa là ở chung cư không có chỗ cắm điện 220V thì không tài nào nuôi nổi xe. Trải nghiệm chưa xứng đáng với kỳ vọng ban đầu.",negative
EVVN-01335,2023-01-12,BYD,Dealer,"Sau hơn nửa năm gắn bó, hệ thống kiểm soát hành trình thích ứng và hỗ trợ giữ làn lái rất nhàn trên cao tốc, song song với đó chi phí sạc điện mỗi tháng chưa tới 800 nghìn, tiết kiệm hơn 70% so với tiền xăng trước kia. Rất đáng tiền trong phân khúc, hài lòng 9/10 điểm. Cảm nhận nhanh sau buổi nhận bàn giao xe tại đại lý.",positive
EVVN-01336,2023-01-12,MG,Facebook,"Cần phản ánh nghiêm túc về tình trạng, nhiều điểm trạm sạc ngoài trời không có mái che, trời mưa bão cắm sạc vừa ướt vừa bất an, chưa kể màn hình trung tâm thỉnh thoảng bị đơ đen sì khi đang chạy, camera lùi bị giật lag nghiêm trọng. Đang tính chuyện bán lỗ để quay về xe xăng cho đỡ đau đầu.",negative
EVVN-01337,2023-01-12,VinFast,Forum,"Nhà mình chạy được 1 vạn km, điểm cộng là hệ thống trạm sạc V-Green phủ khắp 63 tỉnh thành từ cao tốc tới huyện xã. Thêm vào đó, thích nhất tính năng bật điều hòa từ xa trước khi lên xe, mùa hè vào xe mát rượi ngay. Đi rồi mới thấy công nghệ xe điện tiện lợi và sướng hơn hẳn.",positive
EVVN-01338,2023-01-13,VinFast,Facebook,"Đối với chiếc VinFast, sạc pin ở nhà vào ban đêm rất tiện lợi và kinh tế. Dẫu vậy, độ hoàn thiện dàn nhựa nội thất và các chi tiết cơ khí vẫn cần hãng trau chuốt thêm; nhìn chung lợi thế hệ thống trạm sạc VinFast tại Việt Nam áp đảo hoàn toàn so với mọi đối thủ. Mình chia sẻ lên nhóm để anh em cùng thảo luận.",neutral
EVVN-01339,2023-01-13,BYD,Dealer,"Bức xúc khi dùng BYD: hệ thống nhận diện giọng nói ngô nghê, gọi mãi không hiểu khẩu lệnh cơ bản. Ngoài ra giá phụ tùng linh kiện nhập khẩu còn tương đối cao. Nếu được chọn lại chắc chắn mình sẽ trung thành với xe xăng truyền thống.",negative
EVVN-01340,2023-01-13,VinFast,Review site,"Trải nghiệm cá nhân sau một thời gian cầm lái, lợi thế hệ thống trạm sạc VinFast tại Việt Nam áp đảo hoàn toàn so với mọi đối thủ. Về cơ bản xe lái đầm chắc, khung gầm dày dặn và nhiều công nghệ an toàn hiện đại, nhưng quãng đường chạy đường trường thực tế sẽ hụt bớt khoảng 20-30% nếu đạp thốc ga liên tục.",neutral
EVVN-01341,2023-01-13,Tesla,Dealer,"Nhiều lúc ức chế phát khóc, trải nghiệm thực sự tệ khi quãng đường thực tế hao hụt gần 35% so với công bố khi chạy cao tốc kèm bật điều hòa gió lớn. Đáng nói nhất là khe hở thân vỏ gia công chưa thật sự khít và đồng đều. Không thể chấp nhận một sản phẩm giá tiền tỷ mà lỗi vặt nhiều như thế này.",negative
EVVN-01342,2023-01-13,Hyundai,Facebook,"Quá mệt mỏi sau chuyến đi tỉnh cuối tuần, tốc độ sạc bị bóp công suất tụt thảm hại khi có nhiều xe cùng cắm sạc một lúc, chưa kể cảm biến va chạm và radar hú còi loạn xạ dù đường hoàn toàn thông thoáng. Trải nghiệm chưa xứng đáng với kỳ vọng và số tiền bỏ ra.",negative
EVVN-01343,2023-01-13,BYD,Dealer,"Lúc đầu cũng đắn đo nhưng chốt xe xong thấy, phanh tái sinh chỉnh mức vừa đi rất mượt, đi trong phố đông gần như chỉ cần dùng một bàn đạp, và tiền sạc rẻ giật mình, mỗi km tính ra chỉ tốn tầm 400 đến 500 đồng. Nói chung quyết định chuyển sang xe điện là hoàn toàn sáng suốt. Cảm nhận nhanh sau buổi nhận bàn giao xe tại đại lý.",positive
EVVN-01344,2023-01-14,BYD,Review site,"Bức xúc khi dùng BYD: màn hình trung tâm thỉnh thoảng bị đơ đen sì khi đang chạy, camera lùi bị giật lag nghiêm trọng. Ngoài ra nhiều chi tiết đèn viền và cửa gió thiết kế hơi rườm rà sến sẩm. Đang tính chuyện bán lỗ để quay về xe xăng cho đỡ đau đầu.",negative
EVVN-01345,2023-01-14,Tesla,Facebook,"Test thử cao tốc đợt cuối tuần, buổi trưa nằm nghỉ trong xe bật điều hòa thoải mái mà không sợ ngạt khí CO độc hại, kèm theo đó tính bài toán vận hành lâu dài thì kinh tế hơn hẳn các dòng xe xăng cùng tầm giá. Đi rồi mới thấy công nghệ xe điện tiện lợi và sướng hơn hẳn.",positive
EVVN-01346,2023-01-14,MG,YouTube,"Sau thời gian trải nghiệm MG: xe lái đầm chắc, khung gầm dày dặn và nhiều công nghệ an toàn hiện đại, bù lại độ hoàn thiện dàn nhựa nội thất và các chi tiết cơ khí vẫn cần hãng trau chuốt thêm. Nhìn chung là sản phẩm dùng được nhưng chưa thực sự hoàn hảo.",neutral
EVVN-01347,2023-01-14,VinFast,Dealer,"Đổi từ sedan Nhật sang xe điện, trọng tâm pin đặt dưới sàn giúp xe ôm cua cực kỳ đầm chắc, không bị vặn xoắn, đồng thời khoản bảo dưỡng định kỳ rất nhàn, không phải thay dầu máy hay bugi lọc gió phức tạp. Cực kỳ ưng ý và sẽ tiếp tục ủng hộ xu hướng di chuyển xanh.",positive
EVVN-01348,2023-01-14,Hyundai,Facebook,"Gia đình mình sử dụng đi lại hàng ngày, điểm cộng là Ioniq 5 thiết kế phong cách Pixel retro tương lai cực kỳ ấn tượng. Bên cạnh đó, màn hình giải trí sắc nét, cảm ứng mượt mà và hỗ trợ kết nối không dây rất tiện. Ai còn phân vân thì nên lái thử một lần, đảm bảo không muốn quay lại xe xăng.",positive
EVVN-01349,2023-01-14,VinFast,Facebook,"Chia sẻ trải nghiệm không mấy vui vẻ sau 2 tháng, tốc độ sạc bị bóp công suất tụt thảm hại khi có nhiều xe cùng cắm sạc một lúc, chưa kể phần mềm liên tục báo lỗi ảo và cảnh báo pin ảo khiến người lái hoang mang. Thực sự thất vọng, khuyên thật lòng anh em nên cân nhắc kỹ trước khi xuống tiền.",negative
EVVN-01350,2023-01-15,Wuling,YouTube,"Chạy được gần 1 vạn km nội thành, bán kính quay đầu nhỏ xoay xở đầu ngõ phố nhẹ tênh, hơn nữa cắm sạc trực tiếp ổ điện 220V gia đình qua đêm rất tiện lợi. Đúng là phương tiện hoàn hảo để thay thế xe máy.",positive
EVVN-01351,2023-01-15,Kia,YouTube,"Bức xúc khi dùng Kia: lỗi ắc quy 12V tụt áp bất thình lình làm xe không khởi động được, phải gọi xe cứu hộ kéo về. Ngoài ra số lượng xe lăn bánh trên đường còn quá hiếm nên tìm phụ tùng khó. Mong hãng nghiêm túc lắng nghe phản ánh và sớm có phương án xử lý dứt điểm. Chi tiết hơn mời anh em xem trong video trải nghiệm của mình nhé.",negative
EVVN-01352,2023-01-15,Wuling,Forum,"Lên đây cảnh báo thực tế cho anh em đang có ý định mua, khoang xe chật chội, chở đủ 4 người lớn thì gầm xệ và máy khá ì. Điểm trừ nữa là ở chung cư không có chỗ cắm điện 220V thì không tài nào nuôi nổi xe. Mua về rồi mới thấy bất tiện hơn tưởng tượng rất nhiều. Bác nào đang chạy dòng này vào chia sẻ thêm kinh nghiệm nhé.",negative
EVVN-01353,2023-01-15,Hyundai,Facebook,"Sau thời gian trải nghiệm Hyundai: sạc pin ở nhà vào ban đêm rất tiện lợi và kinh tế, bù lại độ hoàn thiện dàn nhựa nội thất và các chi tiết cơ khí vẫn cần hãng trau chuốt thêm. Tùy vào nhu cầu sử dụng của mỗi gia đình mà cân nhắc cho phù hợp.",neutral
EVVN-01354,2023-01-16,Wuling,Review site,"Chạy được gần 1 vạn km nội thành, chở 2 mẹ con che nắng mưa mùa đông hè rất tiện, hơn nữa cắm sạc trực tiếp ổ điện 220V gia đình qua đêm rất tiện lợi. Đúng là phương tiện hoàn hảo để thay thế xe máy.",neutral
EVVN-01355,2023-01-16,BYD,Forum,"Nhận xét thực tế sau chuyến đi dài, chất lượng hoàn thiện tốt trong tầm giá xe nhập khẩu. Về cơ bản xe lái đầm chắc, khung gầm dày dặn và nhiều công nghệ an toàn hiện đại, nhưng việc đi xa vẫn cần phải lên kế hoạch lộ trình trạm sạc cẩn thận chứ không tiện như đổ xăng.",neutral
EVVN-01356,2023-01-16,BYD,Review site,"Có cả điểm cộng lẫn điểm trừ, điểm cộng lớn nhất là khả năng tăng tốc mượt mà, không mùi khí thải và không gian cabin thoáng đãng, nhưng hạ tầng trạm sạc công cộng dịp lễ đông đúc phải chờ đợi khá sốt ruột. Tùy vào nhu cầu sử dụng của mỗi gia đình mà cân nhắc cho phù hợp.",positive
EVVN-01357,2023-01-17,BYD,Facebook,"Thất vọng toàn tập với chuyến đi vừa rồi, ở chung cư không có trụ sạc AC, đi làm về mệt mỏi lại phải lang thang tìm trụ sạc nhanh rất bất tiện, thêm vào đó hệ thống nhận diện giọng nói ngô nghê, gọi mãi không hiểu khẩu lệnh cơ bản. Nếu được chọn lại chắc chắn mình sẽ trung thành với xe xăng truyền thống.",neutral
EVVN-01358,2023-01-17,Hyundai,Facebook,"Đối với chiếc Hyundai, vận hành trong đô thị rất nhàn nhã, máy êm, chi phí nuôi xe tiết kiệm thấy rõ. Dẫu vậy, phần mềm thỉnh thoảng vẫn dính lỗi vặt linh tinh và cần khởi động lại; nhìn chung xe đẹp và sang trọng nhưng chỉ phù hợp gia đình có gara riêng. Mình chia sẻ lên nhóm để anh em cùng thảo luận.",neutral
EVVN-01359,2023-01-17,VinFast,Review site,"Cảm nhận về chiếc VinFast: xe tăng tốc tức thì, vượt xe trên quốc lộ rất tự tin và an toàn. Trợ lý ảo ViVi nhận diện giọng nói tiếng Việt ba miền cực kỳ mượt mà. Cực kỳ ưng ý và sẽ tiếp tục ủng hộ xu hướng di chuyển xanh.",positive
EVVN-01360,2023-01-17,Hyundai,YouTube,"Trải nghiệm thực tế sau 1 năm, khả năng cách âm môi trường và gầm xe tốt hơn mong đợi rất nhiều, và kinh tế nhất là sạc chậm qua đêm tại nhà với giá điện sinh hoạt, sáng ra pin đầy ắp sẵn sàng. Ai còn phân vân thì nên lái thử một lần, đảm bảo không muốn quay lại xe xăng.",positive
EVVN-01361,2023-01-18,Tesla,Forum,"Sau thời gian trải nghiệm Tesla: vận hành trong đô thị rất nhàn nhã, máy êm, chi phí nuôi xe tiết kiệm thấy rõ, bù lại độ hoàn thiện dàn nhựa nội thất và các chi tiết cơ khí vẫn cần hãng trau chuốt thêm. Xe có ưu nhược điểm riêng, ai chấp nhận được điểm trừ thì dùng rất ổn. Bác nào đang chạy dòng này vào chia sẻ thêm kinh nghiệm nhé.",neutral
EVVN-01362,2023-01-18,Hyundai,Review site,"Khen chê rõ ràng cho anh em tham khảo, vận hành trong đô thị rất nhàn nhã, máy êm, chi phí nuôi xe tiết kiệm thấy rõ, nhưng trần kính mùa hè khá nóng nếu không dán thêm phim cách nhiệt xịn và lắp rèm che. Xe có ưu nhược điểm riêng, ai chấp nhận được điểm trừ thì dùng rất ổn.",neutral
EVVN-01363,2023-01-18,Wuling,Facebook,"Nhiều lúc ức chế phát bực vì, khoang xe chật chội, chở đủ 4 người lớn thì gầm xệ và máy khá ì. Điểm trừ nữa là cách âm gầm và lốp kém khi đi qua đoạn đường nhám. Khuyên thật lòng ai ở chung cư hoặc muốn đi xa thì tuyệt đối không nên mua. Mình chia sẻ lên nhóm để anh em cùng thảo luận.",neutral
EVVN-01364,2023-01-18,MG,Dealer,"Bỏ ra số tiền không nhỏ mà nhận lại, dọc đường miền núi trạm sạc quá thưa thớt, vừa đi vừa run sợ hết pin giữa đèo, thêm vào đó lỗi ắc quy 12V tụt áp bất thình lình làm xe không khởi động được, phải gọi xe cứu hộ kéo về. Mong hãng nghiêm túc lắng nghe phản ánh và sớm có phương án xử lý dứt điểm.",negative
EVVN-01365,2023-01-18,Wuling,YouTube,"Sau gần 8 tháng sử dụng đi phố, tầm nhìn thoáng căn chỉnh xe rất dễ dàng, đồng thời cắm sạc trực tiếp ổ điện 220V gia đình qua đêm rất tiện lợi. Đi lại quãng ngắn trong thành phố thì không có gì để chê.",positive
EVVN-01366,2023-01-18,MG,Facebook,"Sau thời gian trải nghiệm MG: xe lái đầm chắc, khung gầm dày dặn và nhiều công nghệ an toàn hiện đại, bù lại phần mềm thỉnh thoảng vẫn dính lỗi vặt linh tinh và cần khởi động lại. Bác nào ở nhà đất có chỗ cắm sạc thì nên mua, còn ở chung cư thì nên tính toán thêm.",positive
EVVN-01367,2023-01-19,MG,YouTube,"Từ xe xăng đổi qua xe điện, phanh tái sinh chỉnh mức vừa đi rất mượt, đi trong phố đông gần như chỉ cần dùng một bàn đạp, hơn nữa khoản bảo dưỡng định kỳ rất nhàn, không phải thay dầu máy hay bugi lọc gió phức tạp. Ai còn phân vân thì nên lái thử một lần, đảm bảo không muốn quay lại xe xăng.",positive
EVVN-01368,2023-01-19,Kia,Dealer,"Đã gắn bó từ những ngày đầu nhận xe, thích nhất tính năng bật điều hòa từ xa trước khi lên xe, mùa hè vào xe mát rượi ngay, kèm theo đó tính bài toán vận hành lâu dài thì kinh tế hơn hẳn các dòng xe xăng cùng tầm giá. Cực kỳ ưng ý và sẽ tiếp tục ủng hộ xu hướng di chuyển xanh.",positive
EVVN-01369,2023-01-19,VinFast,Review site,"Không tâng bốc cũng không dìm hàng, lợi thế hệ thống trạm sạc VinFast tại Việt Nam áp đảo hoàn toàn so với mọi đối thủ. Về cơ bản sạc pin ở nhà vào ban đêm rất tiện lợi và kinh tế, nhưng hạ tầng trạm sạc công cộng dịp lễ đông đúc phải chờ đợi khá sốt ruột.",neutral
EVVN-01370,2023-01-19,Hyundai,Facebook,"Góc nhìn trung lập sau 6 tháng sử dụng, vận hành trong đô thị rất nhàn nhã, máy êm, chi phí nuôi xe tiết kiệm thấy rõ, nhưng quãng đường chạy đường trường thực tế sẽ hụt bớt khoảng 20-30% nếu đạp thốc ga liên tục. Tùy vào nhu cầu sử dụng của mỗi gia đình mà cân nhắc cho phù hợp.",neutral
EVVN-01371,2023-01-20,BYD,YouTube,"Cảm nhận về chiếc BYD: vận hành êm ái tuyệt đối, không rung giật và chấm dứt hẳn mùi xăng khó chịu. Công nghệ pin Blade độc quyền an toàn chống cháy nổ rất yên tâm. Nói chung quyết định chuyển sang xe điện là hoàn toàn sáng suốt.",positive
EVVN-01372,2023-01-20,BYD,Facebook,Cảm nhận về chiếc BYD: khả năng cách âm môi trường và gầm xe tốt hơn mong đợi rất nhiều. Thiết kế nội thất phong cách thể thao phá cách và trẻ trung. Chấm điểm 9.5/10 cho độ êm ái và hiệu quả kinh tế. Mình chia sẻ lên nhóm để anh em cùng thảo luận.,positive
EVVN-01373,2023-01-20,VinFast,Facebook,"Trải nghiệm thực tế sau 1 năm, điểm cộng là khung gầm đầm chắc chuẩn xe Đức, ôm cua ở tốc độ cao rất vững vàng. Thêm vào đó, thích nhất tính năng bật điều hòa từ xa trước khi lên xe, mùa hè vào xe mát rượi ngay. Ai còn phân vân thì nên lái thử một lần, đảm bảo không muốn quay lại xe xăng.",positive
EVVN-01374,2023-01-21,MG,YouTube,"Gia đình mình sử dụng đi lại hàng ngày, thích nhất tính năng bật điều hòa từ xa trước khi lên xe, mùa hè vào xe mát rượi ngay, kèm theo đó tiền sạc rẻ giật mình, mỗi km tính ra chỉ tốn tầm 400 đến 500 đồng. Một trải nghiệm nâng cấp chất lượng sống cho cả gia đình. Chi tiết hơn mời anh em xem trong video trải nghiệm của mình nhé.",positive
EVVN-01375,2023-01-21,Hyundai,Dealer,"Đi phố mỗi ngày vào giờ cao điểm mới thấy, buổi trưa nằm nghỉ trong xe bật điều hòa thoải mái mà không sợ ngạt khí CO độc hại, kèm theo đó chi phí sạc điện mỗi tháng chưa tới 800 nghìn, tiết kiệm hơn 70% so với tiền xăng trước kia. Ai còn phân vân thì nên lái thử một lần, đảm bảo không muốn quay lại xe xăng.",positive
EVVN-01376,2023-01-21,Hyundai,YouTube,"Chia sẻ công tâm sau thời gian trải nghiệm, vận hành trong đô thị rất nhàn nhã, máy êm, chi phí nuôi xe tiết kiệm thấy rõ, nhưng quãng đường chạy đường trường thực tế sẽ hụt bớt khoảng 20-30% nếu đạp thốc ga liên tục. Tóm lại xe rất hợp đi phố hàng ngày, còn đi phượt xa thì cần tính toán kỹ thời gian. (Cập nhật ODO vạn km đợt 2023).",neutral
EVVN-01377,2023-01-21,Hyundai,Dealer,"Nhà mình chạy được 1 vạn km, trọng tâm pin đặt dưới sàn giúp xe ôm cua cực kỳ đầm chắc, không bị vặn xoắn, đồng thời tính bài toán vận hành lâu dài thì kinh tế hơn hẳn các dòng xe xăng cùng tầm giá. Đi rồi mới thấy công nghệ xe điện tiện lợi và sướng hơn hẳn.",positive
EVVN-01378,2023-01-21,VinFast,YouTube,"Đối với chiếc VinFast, ưu điểm là xe chạy cực kỳ êm ái, bốc ga nhanh và chi phí tiền điện hàng tháng rất rẻ. Dẫu vậy, phần mềm thỉnh thoảng vẫn dính lỗi vặt linh tinh và cần khởi động lại; nhìn chung cần thêm vài bản cập nhật OTA nữa để phần mềm đạt độ ổn định tuyệt đối.",neutral
EVVN-01379,2023-01-22,MG,Facebook,"Chia sẻ trải nghiệm không mấy vui vẻ sau 2 tháng, tốc độ sạc bị bóp công suất tụt thảm hại khi có nhiều xe cùng cắm sạc một lúc, thêm vào đó lỗi ắc quy 12V tụt áp bất thình lình làm xe không khởi động được, phải gọi xe cứu hộ kéo về. Trải nghiệm chưa xứng đáng với kỳ vọng và số tiền bỏ ra.",negative
EVVN-01380,2023-01-22,MG,Review site,"Không tâng bốc cũng không dìm hàng, vận hành trong đô thị rất nhàn nhã, máy êm, chi phí nuôi xe tiết kiệm thấy rõ, nhưng quãng đường chạy đường trường thực tế sẽ hụt bớt khoảng 20-30% nếu đạp thốc ga liên tục. Xe có ưu nhược điểm riêng, ai chấp nhận được điểm trừ thì dùng rất ổn.",neutral
EVVN-01381,2023-01-22,VinFast,Dealer,"Có cả điểm cộng lẫn điểm trừ, cần thêm vài bản cập nhật OTA nữa để phần mềm đạt độ ổn định tuyệt đối. Về cơ bản ưu điểm là xe chạy cực kỳ êm ái, bốc ga nhanh và chi phí tiền điện hàng tháng rất rẻ, nhưng độ hoàn thiện dàn nhựa nội thất và các chi tiết cơ khí vẫn cần hãng trau chuốt thêm. Cảm nhận thực tế xe VinFast tại Việt Nam.",neutral
EVVN-01382,2023-01-22,Wuling,Facebook,"Lấy xe chủ yếu che nắng che mưa, xe mini nhỏ gọn luồn lách ngõ hẹp cực kỳ linh hoạt, hơn nữa tiền điện sạc tại nhà mỗi tháng chỉ tầm 200 đến 300 nghìn, rẻ ngang xe máy số. Rất ưng ý với số tiền bỏ ra, phù hợp nhu cầu gia đình nhỏ.",positive
EVVN-01383,2023-01-22,MG,Dealer,"Góc nhìn trung lập sau 6 tháng sử dụng, sạc pin ở nhà vào ban đêm rất tiện lợi và kinh tế, nhưng độ hoàn thiện dàn nhựa nội thất và các chi tiết cơ khí vẫn cần hãng trau chuốt thêm. Đánh giá ở mức 7/10 điểm, cần thêm thời gian để hoàn thiện hạ tầng và phần mềm.",neutral
EVVN-01384,2023-01-22,Tesla,Forum,"Dùng được vài tuần bắt đầu phát sinh nhiều vấn đề, tốc độ sạc bị bóp công suất tụt thảm hại khi có nhiều xe cùng cắm sạc một lúc. Thất vọng hơn là chất liệu nhựa nội thất ọp ẹp, đi vào đường xấu phát ra tiếng kêu cọt kẹt rất khó chịu. Mong hãng nghiêm túc lắng nghe phản ánh và sớm có phương án xử lý dứt điểm.",negative
EVVN-01385,2023-01-22,MG,Forum,"Dùng được vài tuần bắt đầu phát sinh nhiều vấn đề, trải nghiệm thực sự tệ khi quãng đường thực tế hao hụt gần 35% so với công bố khi chạy cao tốc kèm bật điều hòa gió lớn. Đáng nói nhất là chất liệu nhựa nội thất chưa thật sự tinh xảo. Thực sự thất vọng, khuyên thật lòng anh em nên cân nhắc kỹ trước khi xuống tiền.",negative
EVVN-01386,2023-01-23,VinFast,YouTube,"Sau chuyến phượt Tây Bắc cùng gia đình, điểm cộng là hệ thống trạm sạc V-Green phủ khắp 63 tỉnh thành từ cao tốc tới huyện xã. Bên cạnh đó, các bản cập nhật phần mềm từ xa OTA ngày càng hoàn thiện, xe đi mượt hơn hẳn. Chấm điểm 9.5/10 cho độ êm ái và hiệu quả kinh tế.",neutral
EVVN-01387,2023-01-23,Kia,Review site,"Sau chuyến phượt Tây Bắc cùng gia đình, khả năng cách âm môi trường và gầm xe tốt hơn mong đợi rất nhiều, đồng thời khoản bảo dưỡng định kỳ rất nhàn, không phải thay dầu máy hay bugi lọc gió phức tạp. Đi rồi mới thấy công nghệ xe điện tiện lợi và sướng hơn hẳn.",positive
EVVN-01388,2023-01-23,VinFast,YouTube,"Thất vọng toàn tập với chuyến đi vừa rồi, trải nghiệm thực sự tệ khi chất liệu nhựa nội thất ọp ẹp, đi vào đường xấu phát ra tiếng kêu cọt kẹt rất khó chịu. Đáng nói nhất là màn hình giải trí đôi khi khởi động lại bất thình lình khi xe đang chạy. Mong hãng nghiêm túc lắng nghe phản ánh và sớm có phương án xử lý dứt điểm.",negative
EVVN-01389,2023-01-23,Kia,Review site,"Đối với chiếc Kia, sạc pin ở nhà vào ban đêm rất tiện lợi và kinh tế. Dẫu vậy, việc đi xa vẫn cần phải lên kế hoạch lộ trình trạm sạc cẩn thận chứ không tiện như đổ xăng; nhìn chung thiết kế và vận hành rất tốt nhưng cần Kia mở rộng liên kết trạm sạc tại VN. (Cập nhật ODO vạn km đợt 2023).",neutral
EVVN-01390,2023-01-23,Tesla,Forum,"Sau 15.000 km lăn bánh, điểm cộng là hệ điều hành điều khiển mượt mà như một chiếc máy tính bảng cao cấp. Thêm vào đó, buổi trưa nằm nghỉ trong xe bật điều hòa thoải mái mà không sợ ngạt khí CO độc hại. Ai còn phân vân thì nên lái thử một lần, đảm bảo không muốn quay lại xe xăng.",positive
EVVN-01391,2023-01-23,Hyundai,Dealer,"Sau hơn nửa năm gắn bó, khả năng cách âm môi trường và gầm xe tốt hơn mong đợi rất nhiều, đồng thời tiền sạc rẻ giật mình, mỗi km tính ra chỉ tốn tầm 400 đến 500 đồng. Nói chung quyết định chuyển sang xe điện là hoàn toàn sáng suốt. Cảm nhận nhanh sau buổi nhận bàn giao xe tại đại lý.",positive
EVVN-01392,2023-01-23,Hyundai,Dealer,"Vừa hoàn thành chuyến về quê 500km, hệ thống kiểm soát hành trình thích ứng và hỗ trợ giữ làn lái rất nhàn trên cao tốc, song song với đó chi phí sạc điện mỗi tháng chưa tới 800 nghìn, tiết kiệm hơn 70% so với tiền xăng trước kia. Chấm điểm 9.5/10 cho độ êm ái và hiệu quả kinh tế.",positive
EVVN-01393,2023-01-24,Kia,Facebook,"Góc nhìn trung lập sau 6 tháng sử dụng, vận hành trong đô thị rất nhàn nhã, máy êm, chi phí nuôi xe tiết kiệm thấy rõ, nhưng hạ tầng trạm sạc công cộng dịp lễ đông đúc phải chờ đợi khá sốt ruột. Tóm lại xe rất hợp đi phố hàng ngày, còn đi phượt xa thì cần tính toán kỹ thời gian.",neutral
EVVN-01394,2023-01-24,BYD,Forum,"Vừa bực vừa ức chế, dịp lễ cao điểm trạm sạc nào cũng quá tải, xếp hàng dài chờ hơn 1 tiếng rưỡi mới đến lượt cắm sạc, thêm vào đó bản cập nhật phần mềm mới làm hao pin hơn hẳn và mất kết nối Bluetooth liên tục. Trải nghiệm chưa xứng đáng với kỳ vọng và số tiền bỏ ra.",neutral
EVVN-01395,2023-01-25,BYD,Review site,"Cân nhắc kỹ lưỡng ưu và nhược điểm, xe lái đầm chắc, khung gầm dày dặn và nhiều công nghệ an toàn hiện đại, nhưng độ hoàn thiện dàn nhựa nội thất và các chi tiết cơ khí vẫn cần hãng trau chuốt thêm. Tùy vào nhu cầu sử dụng của mỗi gia đình mà cân nhắc cho phù hợp.",neutral
EVVN-01396,2023-01-25,Hyundai,Forum,"Nhiều lúc ức chế phát khóc, trải nghiệm thực sự tệ khi khoang hành lý quá chật hẹp, không thể nhét vừa hai chiếc vali cỡ trung cho chuyến đi xa. Đáng nói nhất là mức giá niêm yết khá cao so với mặt bằng thu nhập số đông. Quá mệt mỏi vì suốt ngày phải lo nghĩ chuyện sạc pin và lỗi phần mềm.",negative
EVVN-01397,2023-01-25,MG,Dealer,"Chạy thử cả phố lẫn đường trường, xe tăng tốc tức thì, vượt xe trên quốc lộ rất tự tin và an toàn, đồng thời kinh tế nhất là sạc chậm qua đêm tại nhà với giá điện sinh hoạt, sáng ra pin đầy ắp sẵn sàng. Nói chung quyết định chuyển sang xe điện là hoàn toàn sáng suốt. Cảm nhận nhanh sau buổi nhận bàn giao xe tại đại lý.",positive
EVVN-01398,2023-01-25,Kia,Review site,"Cảm nhận về chiếc Kia: vận hành êm ái tuyệt đối, không rung giật và chấm dứt hẳn mùi xăng khó chịu. Công nghệ pin sạc nhanh tiên tiến và trang bị tiện nghi dồi dào. Cực kỳ ưng ý và sẽ tiếp tục ủng hộ xu hướng di chuyển xanh. (Đánh giá tháng 01/2023).",positive
EVVN-01399,2023-01-26,MG,Dealer,"Cần phản ánh nghiêm túc về tình trạng, tốc độ sạc bị bóp công suất tụt thảm hại khi có nhiều xe cùng cắm sạc một lúc. Thất vọng hơn là giảm xóc sau quá cứng, đi qua gờ giảm tốc người ngồi hàng hai nảy tưng tưng rất ê mông. Trải nghiệm chưa xứng đáng với kỳ vọng và số tiền bỏ ra. Cảm nhận nhanh sau buổi nhận bàn giao xe tại đại lý.",negative
EVVN-01400,2023-01-26,VinFast,Forum,"Trải nghiệm thực tế sau 1 năm, xe tăng tốc tức thì, vượt xe trên quốc lộ rất tự tin và an toàn, và chi phí sạc điện mỗi tháng chưa tới 800 nghìn, tiết kiệm hơn 70% so với tiền xăng trước kia. Đi rồi mới thấy công nghệ xe điện tiện lợi và sướng hơn hẳn. Bác nào đang chạy dòng này vào chia sẻ thêm kinh nghiệm nhé.",positive
EVVN-01401,2023-01-26,VinFast,Facebook,"Vừa hoàn thành chuyến về quê 500km, các bản cập nhật phần mềm từ xa OTA ngày càng hoàn thiện, xe đi mượt hơn hẳn, song song với đó tính bài toán vận hành lâu dài thì kinh tế hơn hẳn các dòng xe xăng cùng tầm giá. Cực kỳ ưng ý và sẽ tiếp tục ủng hộ xu hướng di chuyển xanh. Mình chia sẻ lên nhóm để anh em cùng thảo luận.",positive
EVVN-01402,2023-01-26,Tesla,Forum,"Góc nhìn trung lập sau 6 tháng sử dụng, xe lái đầm chắc, khung gầm dày dặn và nhiều công nghệ an toàn hiện đại, nhưng việc đi xa vẫn cần phải lên kế hoạch lộ trình trạm sạc cẩn thận chứ không tiện như đổ xăng. Xe có ưu nhược điểm riêng, ai chấp nhận được điểm trừ thì dùng rất ổn.",neutral
EVVN-01403,2023-01-26,Hyundai,Forum,"Cảm nhận về chiếc Hyundai: xe lướt đi êm ru, người nhà ngồi sau trước đây hay say xe giờ đi thoải mái cả hành trình. Kiến trúc điện 800V hỗ trợ sạc siêu nhanh hàng đầu phân khúc. Ai còn phân vân thì nên lái thử một lần, đảm bảo không muốn quay lại xe xăng.",positive
EVVN-01404,2023-01-27,Tesla,Review site,"Đối với chiếc Tesla, ưu điểm là xe chạy cực kỳ êm ái, bốc ga nhanh và chi phí tiền điện hàng tháng rất rẻ. Dẫu vậy, độ hoàn thiện dàn nhựa nội thất và các chi tiết cơ khí vẫn cần hãng trau chuốt thêm; nhìn chung xe rất hợp cho người đam mê công nghệ và có sẵn chỗ sạc tại nhà.",neutral
EVVN-01405,2023-01-27,Hyundai,Dealer,"Trải nghiệm thực tế quá khác xa so với quảng cáo, nhiều điểm trạm sạc ngoài trời không có mái che, trời mưa bão cắm sạc vừa ướt vừa bất an. Thất vọng hơn là trần kính toàn cảnh vào mùa hè Hà Nội nắng 40 độ hấp nhiệt nóng rát đỉnh đầu, bật điều hòa max vẫn toát mồ hôi. Mong hãng nghiêm túc lắng nghe phản ánh và sớm có phương án xử lý dứt điểm.",negative
EVVN-01406,2023-01-28,Tesla,Forum,"Chia sẻ trải nghiệm không mấy vui vẻ sau 2 tháng, ra đến trạm sạc cao tốc thì 3 trụ báo lỗi hỏng, trụ duy nhất còn lại thì bị xe xăng đỗ chiếm chỗ vô ý thức. Thất vọng hơn là chất liệu nhựa nội thất ọp ẹp, đi vào đường xấu phát ra tiếng kêu cọt kẹt rất khó chịu. Không thể chấp nhận một sản phẩm giá tiền tỷ mà lỗi vặt nhiều như thế này.",negative
EVVN-01407,2023-01-28,Tesla,Review site,"Cảm nhận về chiếc Tesla: vận hành êm ái tuyệt đối, không rung giật và chấm dứt hẳn mùi xăng khó chịu. Autopilot hỗ trợ tự lái thông minh và giữ làn mượt mà nhất thị trường. Chấm điểm 9.5/10 cho độ êm ái và hiệu quả kinh tế.",positive
EVVN-01408,2023-01-29,VinFast,YouTube,"Đối với chiếc VinFast, điểm cộng lớn nhất là khả năng tăng tốc mượt mà, không mùi khí thải và không gian cabin thoáng đãng. Dẫu vậy, việc đi xa vẫn cần phải lên kế hoạch lộ trình trạm sạc cẩn thận chứ không tiện như đổ xăng; nhìn chung lợi thế hệ thống trạm sạc VinFast tại Việt Nam áp đảo hoàn toàn so với mọi đối thủ.",neutral
EVVN-01409,2023-01-29,VinFast,Forum,Bức xúc khi dùng VinFast: bản cập nhật phần mềm mới làm hao pin hơn hẳn và mất kết nối Bluetooth liên tục. Ngoài ra màn hình giải trí đôi khi khởi động lại bất thình lình khi xe đang chạy. Trải nghiệm chưa xứng đáng với kỳ vọng và số tiền bỏ ra.,negative
EVVN-01410,2023-01-29,BYD,Facebook,"Vừa bực vừa ức chế, trải nghiệm thực sự tệ khi trần kính toàn cảnh vào mùa hè Hà Nội nắng 40 độ hấp nhiệt nóng rát đỉnh đầu, bật điều hòa max vẫn toát mồ hôi. Đáng nói nhất là nhiều chi tiết đèn viền và cửa gió thiết kế hơi rườm rà sến sẩm. Không thể chấp nhận một sản phẩm giá tiền tỷ mà lỗi vặt nhiều như thế này.",negative
EVVN-01411,2023-01-29,Hyundai,Dealer,"Khen chê rõ ràng cho anh em tham khảo, chất lượng hoàn thiện chuẩn xe toàn cầu nhưng hạ tầng sạc vẫn là rào cản lớn. Về cơ bản vận hành trong đô thị rất nhàn nhã, máy êm, chi phí nuôi xe tiết kiệm thấy rõ, nhưng quãng đường chạy đường trường thực tế sẽ hụt bớt khoảng 20-30% nếu đạp thốc ga liên tục.",neutral
EVVN-01412,2023-01-29,VinFast,Facebook,"Lúc đầu cũng đắn đo nhưng chốt xe xong thấy, trọng tâm pin đặt dưới sàn giúp xe ôm cua cực kỳ đầm chắc, không bị vặn xoắn, và chi phí sạc điện mỗi tháng chưa tới 800 nghìn, tiết kiệm hơn 70% so với tiền xăng trước kia. Chấm điểm 9.5/10 cho độ êm ái và hiệu quả kinh tế.",positive
EVVN-01413,2023-01-29,Tesla,Dealer,"Test thử cao tốc đợt cuối tuần, điểm cộng là Autopilot hỗ trợ tự lái thông minh và giữ làn mượt mà nhất thị trường. Bên cạnh đó, màn hình giải trí sắc nét, cảm ứng mượt mà và hỗ trợ kết nối không dây rất tiện. Rất đáng tiền trong phân khúc, hài lòng 9/10 điểm. Cảm nhận nhanh sau buổi nhận bàn giao xe tại đại lý.",positive
EVVN-01414,2023-01-30,Kia,Review site,"Sau thời gian trải nghiệm Kia: điểm cộng lớn nhất là khả năng tăng tốc mượt mà, không mùi khí thải và không gian cabin thoáng đãng, bù lại hạ tầng trạm sạc công cộng dịp lễ đông đúc phải chờ đợi khá sốt ruột. Tùy vào nhu cầu sử dụng của mỗi gia đình mà cân nhắc cho phù hợp.",neutral
EVVN-01415,2023-01-30,VinFast,Dealer,"Sau thời gian trải nghiệm VinFast: ưu điểm là xe chạy cực kỳ êm ái, bốc ga nhanh và chi phí tiền điện hàng tháng rất rẻ, bù lại việc đi xa vẫn cần phải lên kế hoạch lộ trình trạm sạc cẩn thận chứ không tiện như đổ xăng. Nhìn chung là sản phẩm dùng được nhưng chưa thực sự hoàn hảo. Cảm nhận nhanh sau buổi nhận bàn giao xe tại đại lý.",neutral
EVVN-01416,2023-01-30,BYD,Review site,"Có cả điểm cộng lẫn điểm trừ, chất lượng hoàn thiện tốt trong tầm giá xe nhập khẩu. Về cơ bản ưu điểm là xe chạy cực kỳ êm ái, bốc ga nhanh và chi phí tiền điện hàng tháng rất rẻ, nhưng độ hoàn thiện dàn nhựa nội thất và các chi tiết cơ khí vẫn cần hãng trau chuốt thêm.",positive
EVVN-01417,2023-01-31,VinFast,Review site,"Bức xúc khi dùng VinFast: hệ thống nhận diện giọng nói ngô nghê, gọi mãi không hiểu khẩu lệnh cơ bản. Ngoài ra chính sách gói cước và thuê pin thay đổi khiến nhiều chủ xe đời đầu hơi hụt hẫng. Đang tính chuyện bán lỗ để quay về xe xăng cho đỡ đau đầu.",neutral
EVVN-01418,2023-01-31,Wuling,YouTube,"Chia sẻ công tâm sau thời gian sử dụng Wuling, ưu điểm là xe nhỏ gọn luồn lách ngõ hẹp cực tốt và tiền điện sạc tại nhà siêu rẻ, nhưng bắt buộc gia đình phải có chỗ cắm sạc điện dân dụng 220V riêng. Tùy vào nhu cầu thực tế và điều kiện chỗ sạc tại nhà của mỗi người.",neutral
EVVN-01419,2023-01-31,Wuling,YouTube,"Đánh giá khách quan cho bác nào đang tìm hiểu dòng mini, vận hành đô thị linh hoạt, bán kính quay đầu nhỏ và máy chạy êm, nhưng bắt buộc gia đình phải có chỗ cắm sạc điện dân dụng 220V riêng. Tóm lại mua để thay xe máy đi phố thì chuẩn bài, còn đi tỉnh thì nên bỏ qua. Cảm nhận thực tế xe Wuling tại Việt Nam.",neutral
EVVN-01420,2023-02-01,VinFast,Facebook,"Vừa bực vừa ức chế, dịp lễ cao điểm trạm sạc nào cũng quá tải, xếp hàng dài chờ hơn 1 tiếng rưỡi mới đến lượt cắm sạc. Thất vọng hơn là độ hoàn thiện các khe hở thân vỏ không đều, gioăng cao su cửa cách âm kém nghe rõ tiếng gió rít khi lên 100km/h. Quá mệt mỏi vì suốt ngày phải lo nghĩ chuyện sạc pin và lỗi phần mềm.",negative
EVVN-01421,2023-02-01,Tesla,Forum,"Sau thời gian trải nghiệm Tesla: sạc pin ở nhà vào ban đêm rất tiện lợi và kinh tế, bù lại độ hoàn thiện dàn nhựa nội thất và các chi tiết cơ khí vẫn cần hãng trau chuốt thêm. Xe có ưu nhược điểm riêng, ai chấp nhận được điểm trừ thì dùng rất ổn.",neutral
EVVN-01422,2023-02-01,BYD,Dealer,"Đánh giá khách quan sau vài nghìn km, xe lái chắc chắn và pin an toàn nhưng bài toán sạc phụ thuộc hoàn toàn vào bên thứ ba. Về cơ bản xe lái đầm chắc, khung gầm dày dặn và nhiều công nghệ an toàn hiện đại, nhưng độ hoàn thiện dàn nhựa nội thất và các chi tiết cơ khí vẫn cần hãng trau chuốt thêm.",neutral
EVVN-01423,2023-02-01,Tesla,Review site,"Sau chuyến phượt Tây Bắc cùng gia đình, điểm cộng là hệ điều hành điều khiển mượt mà như một chiếc máy tính bảng cao cấp. Thêm vào đó, màn hình giải trí sắc nét, cảm ứng mượt mà và hỗ trợ kết nối không dây rất tiện. Ai còn phân vân thì nên lái thử một lần, đảm bảo không muốn quay lại xe xăng.",positive
EVVN-01424,2023-02-02,Wuling,Dealer,"Góc nhìn thực tế về xe điện mini trong phố, vận hành đô thị linh hoạt, bán kính quay đầu nhỏ và máy chạy êm, nhưng bắt buộc gia đình phải có chỗ cắm sạc điện dân dụng 220V riêng. Tóm lại mua để thay xe máy đi phố thì chuẩn bài, còn đi tỉnh thì nên bỏ qua.",neutral
EVVN-01425,2023-02-02,Wuling,Facebook,"Mua xe cho vợ đi làm hàng ngày, xe mini nhỏ gọn luồn lách ngõ hẹp cực kỳ linh hoạt, hơn nữa chi phí bảo dưỡng định kỳ hầu như không đáng kể. Rất ưng ý với số tiền bỏ ra, phù hợp nhu cầu gia đình nhỏ.",neutral
EVVN-01426,2023-02-03,BYD,Dealer,"Chờ đợi mòn mỏi ở xưởng dịch vụ, ra đến trạm sạc cao tốc thì 3 trụ báo lỗi hỏng, trụ duy nhất còn lại thì bị xe xăng đỗ chiếm chỗ vô ý thức. Thất vọng hơn là độ hoàn thiện các khe hở thân vỏ không đều, gioăng cao su cửa cách âm kém nghe rõ tiếng gió rít khi lên 100km/h. Trải nghiệm chưa xứng đáng với kỳ vọng và số tiền bỏ ra.",negative
EVVN-01427,2023-02-03,VinFast,YouTube,"Lúc đầu cũng đắn đo nhưng chốt xe xong thấy, xe tăng tốc tức thì, vượt xe trên quốc lộ rất tự tin và an toàn, đồng thời tính bài toán vận hành lâu dài thì kinh tế hơn hẳn các dòng xe xăng cùng tầm giá. Cực kỳ ưng ý và sẽ tiếp tục ủng hộ xu hướng di chuyển xanh. Chi tiết hơn mời anh em xem trong video trải nghiệm của mình nhé.",positive
EVVN-01428,2023-02-03,MG,YouTube,"Đổi từ sedan Nhật sang xe điện, hệ thống kiểm soát hành trình thích ứng và hỗ trợ giữ làn lái rất nhàn trên cao tốc, song song với đó chi phí sạc điện mỗi tháng chưa tới 800 nghìn, tiết kiệm hơn 70% so với tiền xăng trước kia. Rất đáng tiền trong phân khúc, hài lòng 9/10 điểm.",positive
EVVN-01429,2023-02-03,VinFast,Facebook,"Sau gần 8 tháng sử dụng liên tục, trọng tâm pin đặt dưới sàn giúp xe ôm cua cực kỳ đầm chắc, không bị vặn xoắn, hơn nữa tiền sạc rẻ giật mình, mỗi km tính ra chỉ tốn tầm 400 đến 500 đồng. Thực sự vượt ngoài mong đợi ban đầu của mình.",positive
EVVN-01430,2023-02-03,BYD,Dealer,"Sau thời gian trải nghiệm BYD: điểm cộng lớn nhất là khả năng tăng tốc mượt mà, không mùi khí thải và không gian cabin thoáng đãng, bù lại độ hoàn thiện dàn nhựa nội thất và các chi tiết cơ khí vẫn cần hãng trau chuốt thêm. Tùy vào nhu cầu sử dụng của mỗi gia đình mà cân nhắc cho phù hợp.",neutral
EVVN-01431,2023-02-03,Hyundai,Review site,"Gặp sự cố giữa đường mới thấy, nhiều điểm trạm sạc ngoài trời không có mái che, trời mưa bão cắm sạc vừa ướt vừa bất an. Thất vọng hơn là chất liệu nhựa nội thất ọp ẹp, đi vào đường xấu phát ra tiếng kêu cọt kẹt rất khó chịu. Đang tính chuyện bán lỗ để quay về xe xăng cho đỡ đau đầu.",negative
EVVN-01432,2023-02-03,VinFast,Facebook,"Trải nghiệm thực tế sau 1 năm, điểm cộng là trợ lý ảo ViVi nhận diện giọng nói tiếng Việt ba miền cực kỳ mượt mà. Thêm vào đó, màn hình giải trí sắc nét, cảm ứng mượt mà và hỗ trợ kết nối không dây rất tiện. Chấm điểm 9.5/10 cho độ êm ái và hiệu quả kinh tế. Mình chia sẻ lên nhóm để anh em cùng thảo luận.",positive
EVVN-01433,2023-02-04,Tesla,Dealer,"Dưới góc nhìn người dùng thực tế, công nghệ đi trước thời đại nhưng việc sạc và bảo dưỡng xe tư nhân tại VN khá nan giải. Về cơ bản sạc pin ở nhà vào ban đêm rất tiện lợi và kinh tế, nhưng trần kính mùa hè khá nóng nếu không dán thêm phim cách nhiệt xịn và lắp rèm che.",neutral
EVVN-01434,2023-02-04,Tesla,Facebook,"Đối với chiếc Tesla, vận hành trong đô thị rất nhàn nhã, máy êm, chi phí nuôi xe tiết kiệm thấy rõ. Dẫu vậy, hạ tầng trạm sạc công cộng dịp lễ đông đúc phải chờ đợi khá sốt ruột; nhìn chung công nghệ đi trước thời đại nhưng việc sạc và bảo dưỡng xe tư nhân tại VN khá nan giải.",neutral
EVVN-01435,2023-02-04,Hyundai,Facebook,"Có cả điểm cộng lẫn điểm trừ, xe đẹp và sang trọng nhưng chỉ phù hợp gia đình có gara riêng. Về cơ bản điểm cộng lớn nhất là khả năng tăng tốc mượt mà, không mùi khí thải và không gian cabin thoáng đãng, nhưng quãng đường chạy đường trường thực tế sẽ hụt bớt khoảng 20-30% nếu đạp thốc ga liên tục.",neutral
EVVN-01436,2023-02-04,Wuling,Facebook,"Đánh giá khách quan cho bác nào đang tìm hiểu dòng mini, điểm cộng là che nắng che mưa đưa đón con đi học trong phố rất tiện lợi và kinh tế, nhưng bắt buộc gia đình phải có chỗ cắm sạc điện dân dụng 220V riêng. Đánh giá ở mức 7/10 điểm, đúng công năng cho người cần xe phụ đi chợ đi làm.",neutral
EVVN-01437,2023-02-04,Kia,Dealer,"Sau thời gian trải nghiệm Kia: sạc pin ở nhà vào ban đêm rất tiện lợi và kinh tế, bù lại hạ tầng trạm sạc công cộng dịp lễ đông đúc phải chờ đợi khá sốt ruột. Nhìn chung là sản phẩm dùng được nhưng chưa thực sự hoàn hảo. Cảm nhận thực tế xe Kia tại Việt Nam.",neutral
EVVN-01438,2023-02-04,VinFast,Review site,"Cảm nhận về chiếc VinFast: trọng tâm pin đặt dưới sàn giúp xe ôm cua cực kỳ đầm chắc, không bị vặn xoắn. Chính sách cứu hộ pin 24/7 và xưởng dịch vụ lưu động khắp cả nước rất an tâm. Một trải nghiệm nâng cấp chất lượng sống cho cả gia đình.",positive
EVVN-01439,2023-02-04,Hyundai,YouTube,Bức xúc khi dùng Hyundai: phần mềm liên tục báo lỗi ảo và cảnh báo pin ảo khiến người lái hoang mang. Ngoài ra mức giá niêm yết khá cao so với mặt bằng thu nhập số đông. Nếu được chọn lại chắc chắn mình sẽ trung thành với xe xăng truyền thống.,negative
EVVN-01440,2023-02-04,Hyundai,Review site,"Sau thời gian trải nghiệm Hyundai: ưu điểm là xe chạy cực kỳ êm ái, bốc ga nhanh và chi phí tiền điện hàng tháng rất rẻ, bù lại việc đi xa vẫn cần phải lên kế hoạch lộ trình trạm sạc cẩn thận chứ không tiện như đổ xăng. Bác nào ở nhà đất có chỗ cắm sạc thì nên mua, còn ở chung cư thì nên tính toán thêm.",neutral
EVVN-01441,2023-02-04,BYD,Review site,"Khen chê rõ ràng cho anh em tham khảo, chất lượng hoàn thiện tốt trong tầm giá xe nhập khẩu. Về cơ bản xe lái đầm chắc, khung gầm dày dặn và nhiều công nghệ an toàn hiện đại, nhưng hạ tầng trạm sạc công cộng dịp lễ đông đúc phải chờ đợi khá sốt ruột.",neutral
EVVN-01442,2023-02-05,Kia,Review site,"Chờ đợi mòn mỏi ở xưởng dịch vụ, trải nghiệm thực sự tệ khi chất liệu nhựa nội thất ọp ẹp, đi vào đường xấu phát ra tiếng kêu cọt kẹt rất khó chịu. Đáng nói nhất là giá lăn bánh còn cao so với các đối thủ cùng tầm. Thực sự thất vọng, khuyên thật lòng anh em nên cân nhắc kỹ trước khi xuống tiền.",negative
EVVN-01443,2023-02-05,BYD,Dealer,"Cảm nhận về chiếc BYD: xe lướt đi êm ru, người nhà ngồi sau trước đây hay say xe giờ đi thoải mái cả hành trình. Công nghệ pin Blade độc quyền an toàn chống cháy nổ rất yên tâm. Rất đáng tiền trong phân khúc, hài lòng 9/10 điểm.",positive
EVVN-01444,2023-02-05,MG,Facebook,"Chạy được gần 2 vạn km rồi mới dám lên bài, xe tăng tốc tức thì, vượt xe trên quốc lộ rất tự tin và an toàn, và kinh tế nhất là sạc chậm qua đêm tại nhà với giá điện sinh hoạt, sáng ra pin đầy ắp sẵn sàng. Một trải nghiệm nâng cấp chất lượng sống cho cả gia đình. Mình chia sẻ lên nhóm để anh em cùng thảo luận.",positive
EVVN-01445,2023-02-06,VinFast,YouTube,"Sau chuyến về quê dịp lễ vừa qua, ở chung cư không có trụ sạc AC, đi làm về mệt mỏi lại phải lang thang tìm trụ sạc nhanh rất bất tiện, thêm vào đó cảm biến va chạm và radar hú còi loạn xạ dù đường hoàn toàn thông thoáng. Đang tính chuyện bán lỗ để quay về xe xăng cho đỡ đau đầu. Chi tiết hơn mời anh em xem trong video trải nghiệm của mình nhé.",negative
EVVN-01446,2023-02-06,Wuling,Forum,"Lấy xe chủ yếu che nắng che mưa, tầm nhìn thoáng căn chỉnh xe rất dễ dàng, đồng thời tiền điện sạc tại nhà mỗi tháng chỉ tầm 200 đến 300 nghìn, rẻ ngang xe máy số. Rất ưng ý với số tiền bỏ ra, phù hợp nhu cầu gia đình nhỏ.",positive
EVVN-01447,2023-02-06,BYD,Forum,"Chạy được gần 2 vạn km rồi mới dám lên bài, xe lướt đi êm ru, người nhà ngồi sau trước đây hay say xe giờ đi thoải mái cả hành trình, và tiền sạc rẻ giật mình, mỗi km tính ra chỉ tốn tầm 400 đến 500 đồng. Ai còn phân vân thì nên lái thử một lần, đảm bảo không muốn quay lại xe xăng.",positive
EVVN-01448,2023-02-06,Wuling,YouTube,"Chia sẻ trải nghiệm không mấy vui vẻ sau 2 tháng, tốc độ tối đa thấp và không đi được cao tốc, ra đường lớn gió thổi tạt hơi ghê. Điểm trừ nữa là cách âm gầm và lốp kém khi đi qua đoạn đường nhám. Khuyên thật lòng ai ở chung cư hoặc muốn đi xa thì tuyệt đối không nên mua. Chi tiết hơn mời anh em xem trong video trải nghiệm của mình nhé.",negative
EVVN-01449,2023-02-06,MG,Dealer,"Chạy thử cả phố lẫn đường trường, khả năng cách âm môi trường và gầm xe tốt hơn mong đợi rất nhiều, và khoản bảo dưỡng định kỳ rất nhàn, không phải thay dầu máy hay bugi lọc gió phức tạp. Cực kỳ ưng ý và sẽ tiếp tục ủng hộ xu hướng di chuyển xanh.",positive
EVVN-01450,2023-02-06,BYD,YouTube,"Cân nhắc kỹ lưỡng ưu và nhược điểm, xe lái chắc chắn và pin an toàn nhưng bài toán sạc phụ thuộc hoàn toàn vào bên thứ ba. Về cơ bản ưu điểm là xe chạy cực kỳ êm ái, bốc ga nhanh và chi phí tiền điện hàng tháng rất rẻ, nhưng việc đi xa vẫn cần phải lên kế hoạch lộ trình trạm sạc cẩn thận chứ không tiện như đổ xăng. Chi tiết hơn mời anh em xem trong video trải nghiệm của mình nhé.",neutral
EVVN-01451,2023-02-07,BYD,Dealer,"Lúc đầu cũng đắn đo nhưng chốt xe xong thấy, hệ thống kiểm soát hành trình thích ứng và hỗ trợ giữ làn lái rất nhàn trên cao tốc, song song với đó tính bài toán vận hành lâu dài thì kinh tế hơn hẳn các dòng xe xăng cùng tầm giá. Một trải nghiệm nâng cấp chất lượng sống cho cả gia đình.",positive
EVVN-01452,2023-02-07,BYD,YouTube,Bức xúc khi dùng BYD: phần mềm liên tục báo lỗi ảo và cảnh báo pin ảo khiến người lái hoang mang. Ngoài ra giá phụ tùng linh kiện nhập khẩu còn tương đối cao. Nếu được chọn lại chắc chắn mình sẽ trung thành với xe xăng truyền thống. Chi tiết hơn mời anh em xem trong video trải nghiệm của mình nhé.,negative
EVVN-01453,2023-02-07,VinFast,Review site,"Trải nghiệm thực tế sau 1 năm, màn hình giải trí sắc nét, cảm ứng mượt mà và hỗ trợ kết nối không dây rất tiện, kèm theo đó chi phí sạc điện mỗi tháng chưa tới 800 nghìn, tiết kiệm hơn 70% so với tiền xăng trước kia. Thực sự vượt ngoài mong đợi ban đầu của mình.",positive
EVVN-01454,2023-02-07,Kia,Forum,"Cảm nhận về chiếc Kia: vận hành êm ái tuyệt đối, không rung giật và chấm dứt hẳn mùi xăng khó chịu. EV6 dáng crossover thể thao bắt mắt và khí động học. Ai còn phân vân thì nên lái thử một lần, đảm bảo không muốn quay lại xe xăng.",positive
EVVN-01455,2023-02-07,VinFast,Forum,"Cảm nhận về chiếc VinFast: trọng tâm pin đặt dưới sàn giúp xe ôm cua cực kỳ đầm chắc, không bị vặn xoắn. Hệ thống trạm sạc V-Green phủ khắp 63 tỉnh thành từ cao tốc tới huyện xã. Rất đáng tiền trong phân khúc, hài lòng 9/10 điểm.",positive
EVVN-01456,2023-02-07,Hyundai,Facebook,"Bức xúc khi dùng Hyundai: hệ thống nhận diện giọng nói ngô nghê, gọi mãi không hiểu khẩu lệnh cơ bản. Ngoài ra khoang lái ít phím bấm vật lý đôi khi thao tác chưa thật sự quen tay. Nếu được chọn lại chắc chắn mình sẽ trung thành với xe xăng truyền thống.",negative
EVVN-01457,2023-02-07,MG,Dealer,"Đổi từ sedan Nhật sang xe điện, điểm cộng là khung gầm đầm chắc chuẩn phong cách xe châu Âu. Bên cạnh đó, hệ thống kiểm soát hành trình thích ứng và hỗ trợ giữ làn lái rất nhàn trên cao tốc. Cực kỳ ưng ý và sẽ tiếp tục ủng hộ xu hướng di chuyển xanh.",positive
EVVN-01458,2023-02-07,Tesla,Dealer,"Đi phố mỗi ngày vào giờ cao điểm mới thấy, phanh tái sinh chỉnh mức vừa đi rất mượt, đi trong phố đông gần như chỉ cần dùng một bàn đạp, hơn nữa tính bài toán vận hành lâu dài thì kinh tế hơn hẳn các dòng xe xăng cùng tầm giá. Nói chung quyết định chuyển sang xe điện là hoàn toàn sáng suốt. Cảm nhận nhanh sau buổi nhận bàn giao xe tại đại lý.",positive
EVVN-01459,2023-02-08,VinFast,Review site,"Chia sẻ trải nghiệm không mấy vui vẻ sau 2 tháng, tốc độ sạc bị bóp công suất tụt thảm hại khi có nhiều xe cùng cắm sạc một lúc. Thất vọng hơn là quãng đường thực tế hao hụt gần 35% so với công bố khi chạy cao tốc kèm bật điều hòa gió lớn. Mong hãng nghiêm túc lắng nghe phản ánh và sớm có phương án xử lý dứt điểm.",negative
EVVN-01460,2023-02-08,Hyundai,YouTube,"Sau 15.000 km lăn bánh, trọng tâm pin đặt dưới sàn giúp xe ôm cua cực kỳ đầm chắc, không bị vặn xoắn, hơn nữa tiền sạc rẻ giật mình, mỗi km tính ra chỉ tốn tầm 400 đến 500 đồng. Một trải nghiệm nâng cấp chất lượng sống cho cả gia đình.",positive
EVVN-01461,2023-02-08,Tesla,Forum,"Bức xúc khi dùng Tesla: màn hình trung tâm thỉnh thoảng bị đơ đen sì khi đang chạy, camera lùi bị giật lag nghiêm trọng. Ngoài ra phụ tùng thay thế hiếm, hỏng hóc phải chờ đặt từ nước ngoài về cả tháng. Trải nghiệm chưa xứng đáng với kỳ vọng và số tiền bỏ ra. Bác nào đang chạy dòng này vào chia sẻ thêm kinh nghiệm nhé.",negative
EVVN-01462,2023-02-08,Tesla,Facebook,"Ấn tượng nhất sau thời gian dài sử dụng là các bản cập nhật phần mềm từ xa OTA ngày càng hoàn thiện, xe đi mượt hơn hẳn, kèm theo đó khoản bảo dưỡng định kỳ rất nhàn, không phải thay dầu máy hay bugi lọc gió phức tạp. Chấm điểm 9.5/10 cho độ êm ái và hiệu quả kinh tế.",positive
EVVN-01463,2023-02-09,Hyundai,Forum,Cảm nhận về chiếc Hyundai: khả năng cách âm môi trường và gầm xe tốt hơn mong đợi rất nhiều. Ioniq 5 thiết kế phong cách Pixel retro tương lai cực kỳ ấn tượng. Nói chung quyết định chuyển sang xe điện là hoàn toàn sáng suốt.,neutral
EVVN-01464,2023-02-09,Tesla,Forum,"Sau thời gian trải nghiệm Tesla: xe lái đầm chắc, khung gầm dày dặn và nhiều công nghệ an toàn hiện đại, bù lại độ hoàn thiện dàn nhựa nội thất và các chi tiết cơ khí vẫn cần hãng trau chuốt thêm. Tóm lại xe rất hợp đi phố hàng ngày, còn đi phượt xa thì cần tính toán kỹ thời gian.",neutral
EVVN-01465,2023-02-10,Tesla,Forum,"Đổi từ sedan Nhật sang xe điện, xe lướt đi êm ru, người nhà ngồi sau trước đây hay say xe giờ đi thoải mái cả hành trình, đồng thời tiền sạc rẻ giật mình, mỗi km tính ra chỉ tốn tầm 400 đến 500 đồng. Ai còn phân vân thì nên lái thử một lần, đảm bảo không muốn quay lại xe xăng.",positive
EVVN-01466,2023-02-10,Tesla,Dealer,"Chạy thử cả phố lẫn đường trường, xe tăng tốc tức thì, vượt xe trên quốc lộ rất tự tin và an toàn, hơn nữa tính bài toán vận hành lâu dài thì kinh tế hơn hẳn các dòng xe xăng cùng tầm giá. Rất đáng tiền trong phân khúc, hài lòng 9/10 điểm.",positive
EVVN-01467,2023-02-10,VinFast,Forum,"Sau chuyến về quê dịp lễ vừa qua, ra đến trạm sạc cao tốc thì 3 trụ báo lỗi hỏng, trụ duy nhất còn lại thì bị xe xăng đỗ chiếm chỗ vô ý thức. Thất vọng hơn là chất liệu nhựa nội thất ọp ẹp, đi vào đường xấu phát ra tiếng kêu cọt kẹt rất khó chịu. Nếu được chọn lại chắc chắn mình sẽ trung thành với xe xăng truyền thống.",negative
EVVN-01468,2023-02-10,MG,Facebook,"Nhiều lúc ức chế phát khóc, ra đến trạm sạc cao tốc thì 3 trụ báo lỗi hỏng, trụ duy nhất còn lại thì bị xe xăng đỗ chiếm chỗ vô ý thức. Thất vọng hơn là trần kính toàn cảnh vào mùa hè Hà Nội nắng 40 độ hấp nhiệt nóng rát đỉnh đầu, bật điều hòa max vẫn toát mồ hôi. Nếu được chọn lại chắc chắn mình sẽ trung thành với xe xăng truyền thống. Mình chia sẻ lên nhóm để anh em cùng thảo luận.",negative
EVVN-01469,2023-02-11,VinFast,Review site,"Sau chuyến xuyên Việt vừa rồi, các bản cập nhật phần mềm từ xa OTA ngày càng hoàn thiện, xe đi mượt hơn hẳn, song song với đó chi phí sạc điện mỗi tháng chưa tới 800 nghìn, tiết kiệm hơn 70% so với tiền xăng trước kia. Chấm điểm 9.5/10 cho độ êm ái và hiệu quả kinh tế.",positive
EVVN-01470,2023-02-11,VinFast,Facebook,"Quá mệt mỏi sau chuyến đi tỉnh cuối tuần, dọc đường miền núi trạm sạc quá thưa thớt, vừa đi vừa run sợ hết pin giữa đèo. Thất vọng hơn là quãng đường thực tế hao hụt gần 35% so với công bố khi chạy cao tốc kèm bật điều hòa gió lớn. Mong hãng nghiêm túc lắng nghe phản ánh và sớm có phương án xử lý dứt điểm.",negative
EVVN-01471,2023-02-11,Kia,Forum,"Đối với chiếc Kia, sạc pin ở nhà vào ban đêm rất tiện lợi và kinh tế. Dẫu vậy, việc đi xa vẫn cần phải lên kế hoạch lộ trình trạm sạc cẩn thận chứ không tiện như đổ xăng; nhìn chung thiết kế và vận hành rất tốt nhưng cần Kia mở rộng liên kết trạm sạc tại VN. Góc nhìn chân thực từ thành viên Forum.",neutral
EVVN-01472,2023-02-11,Tesla,Dealer,"Đã gắn bó từ những ngày đầu nhận xe, xe lướt đi êm ru, người nhà ngồi sau trước đây hay say xe giờ đi thoải mái cả hành trình, hơn nữa tiền sạc rẻ giật mình, mỗi km tính ra chỉ tốn tầm 400 đến 500 đồng. Một trải nghiệm nâng cấp chất lượng sống cho cả gia đình.",positive
EVVN-01473,2023-02-12,VinFast,Dealer,"Cảm nhận về chiếc VinFast: trọng tâm pin đặt dưới sàn giúp xe ôm cua cực kỳ đầm chắc, không bị vặn xoắn. Trợ lý ảo ViVi nhận diện giọng nói tiếng Việt ba miền cực kỳ mượt mà. Cực kỳ ưng ý và sẽ tiếp tục ủng hộ xu hướng di chuyển xanh.",positive
EVVN-01474,2023-02-12,Wuling,Dealer,"Mua xe cho vợ đi làm hàng ngày, xe mini nhỏ gọn luồn lách ngõ hẹp cực kỳ linh hoạt, hơn nữa cắm sạc trực tiếp ổ điện 220V gia đình qua đêm rất tiện lợi. Đúng là phương tiện hoàn hảo để thay thế xe máy.",positive
EVVN-01475,2023-02-12,VinFast,YouTube,"Lên đây cảnh báo cho anh em đang có ý định mua, nhiều điểm trạm sạc ngoài trời không có mái che, trời mưa bão cắm sạc vừa ướt vừa bất an, chưa kể màn hình trung tâm thỉnh thoảng bị đơ đen sì khi đang chạy, camera lùi bị giật lag nghiêm trọng. Quá mệt mỏi vì suốt ngày phải lo nghĩ chuyện sạc pin và lỗi phần mềm. Chi tiết hơn mời anh em xem trong video trải nghiệm của mình nhé.",negative
EVVN-01476,2023-02-12,Hyundai,Facebook,"Sau hơn nửa năm gắn bó, xe lướt đi êm ru, người nhà ngồi sau trước đây hay say xe giờ đi thoải mái cả hành trình, đồng thời khoản bảo dưỡng định kỳ rất nhàn, không phải thay dầu máy hay bugi lọc gió phức tạp. Chấm điểm 9.5/10 cho độ êm ái và hiệu quả kinh tế.",positive
EVVN-01477,2023-02-13,MG,YouTube,"Gặp sự cố giữa đường mới thấy, dọc đường miền núi trạm sạc quá thưa thớt, vừa đi vừa run sợ hết pin giữa đèo, chưa kể hệ thống nhận diện giọng nói ngô nghê, gọi mãi không hiểu khẩu lệnh cơ bản. Nếu được chọn lại chắc chắn mình sẽ trung thành với xe xăng truyền thống.",negative
EVVN-01478,2023-02-13,Hyundai,Review site,"Bức xúc khi dùng Hyundai: lỗi ắc quy 12V tụt áp bất thình lình làm xe không khởi động được, phải gọi xe cứu hộ kéo về. Ngoài ra khoang lái ít phím bấm vật lý đôi khi thao tác chưa thật sự quen tay. Quá mệt mỏi vì suốt ngày phải lo nghĩ chuyện sạc pin và lỗi phần mềm.",negative
EVVN-01479,2023-02-13,Kia,Facebook,"Trải nghiệm thực tế quá khác xa so với quảng cáo, ra đến trạm sạc cao tốc thì 3 trụ báo lỗi hỏng, trụ duy nhất còn lại thì bị xe xăng đỗ chiếm chỗ vô ý thức, thêm vào đó cảm biến va chạm và radar hú còi loạn xạ dù đường hoàn toàn thông thoáng. Mong hãng nghiêm túc lắng nghe phản ánh và sớm có phương án xử lý dứt điểm.",negative
EVVN-01480,2023-02-13,Kia,Facebook,"Test thử cao tốc đợt cuối tuần, màn hình giải trí sắc nét, cảm ứng mượt mà và hỗ trợ kết nối không dây rất tiện, song song với đó tính bài toán vận hành lâu dài thì kinh tế hơn hẳn các dòng xe xăng cùng tầm giá. Một trải nghiệm nâng cấp chất lượng sống cho cả gia đình.",positive
EVVN-01481,2023-02-14,Wuling,Forum,"Khen chê rõ ràng chiếc xe mini nhỏ nhất thị trường, ưu điểm là xe nhỏ gọn luồn lách ngõ hẹp cực tốt và tiền điện sạc tại nhà siêu rẻ, đổi lại trang bị an toàn ở mức tối thiểu và khoang chở đồ rất hạn chế. Tóm lại mua để thay xe máy đi phố thì chuẩn bài, còn đi tỉnh thì nên bỏ qua.",neutral
EVVN-01482,2023-02-14,BYD,Forum,"Ấn tượng nhất sau thời gian dài sử dụng là điểm cộng là màn hình xoay 15.6 inch sắc nét và độ phản hồi cảm ứng rất nhanh. Thêm vào đó, hệ thống kiểm soát hành trình thích ứng và hỗ trợ giữ làn lái rất nhàn trên cao tốc. Ai còn phân vân thì nên lái thử một lần, đảm bảo không muốn quay lại xe xăng.",neutral
EVVN-01483,2023-02-15,MG,YouTube,"Đối với chiếc MG, điểm cộng lớn nhất là khả năng tăng tốc mượt mà, không mùi khí thải và không gian cabin thoáng đãng. Dẫu vậy, hạ tầng trạm sạc công cộng dịp lễ đông đúc phải chờ đợi khá sốt ruột; nhìn chung lựa chọn kinh tế cho người mua xe điện lần đầu muốn trải nghiệm.",neutral
EVVN-01484,2023-02-15,MG,Facebook,"Nhiều lúc ức chế phát khóc, trải nghiệm thực sự tệ khi quãng đường thực tế hao hụt gần 35% so với công bố khi chạy cao tốc kèm bật điều hòa gió lớn. Đáng nói nhất là thương hiệu còn làm nhiều người mua đắn đo. Thực sự thất vọng, khuyên thật lòng anh em nên cân nhắc kỹ trước khi xuống tiền.",negative
EVVN-01485,2023-02-15,VinFast,Forum,"Chạy được gần 2 vạn km rồi mới dám lên bài, điểm cộng là hệ thống trạm sạc V-Green phủ khắp 63 tỉnh thành từ cao tốc tới huyện xã. Thêm vào đó, buổi trưa nằm nghỉ trong xe bật điều hòa thoải mái mà không sợ ngạt khí CO độc hại. Ai còn phân vân thì nên lái thử một lần, đảm bảo không muốn quay lại xe xăng.",positive
EVVN-01486,2023-02-16,VinFast,Review site,"Đối với chiếc VinFast, điểm cộng lớn nhất là khả năng tăng tốc mượt mà, không mùi khí thải và không gian cabin thoáng đãng. Dẫu vậy, phần mềm thỉnh thoảng vẫn dính lỗi vặt linh tinh và cần khởi động lại; nhìn chung lợi thế hệ thống trạm sạc VinFast tại Việt Nam áp đảo hoàn toàn so với mọi đối thủ.",neutral
EVVN-01487,2023-02-16,VinFast,Dealer,"Đối với chiếc VinFast, xe lái đầm chắc, khung gầm dày dặn và nhiều công nghệ an toàn hiện đại. Dẫu vậy, việc đi xa vẫn cần phải lên kế hoạch lộ trình trạm sạc cẩn thận chứ không tiện như đổ xăng; nhìn chung lợi thế hệ thống trạm sạc VinFast tại Việt Nam áp đảo hoàn toàn so với mọi đối thủ.",neutral
EVVN-01488,2023-02-16,Tesla,Facebook,"Đối với chiếc Tesla, điểm cộng lớn nhất là khả năng tăng tốc mượt mà, không mùi khí thải và không gian cabin thoáng đãng. Dẫu vậy, phần mềm thỉnh thoảng vẫn dính lỗi vặt linh tinh và cần khởi động lại; nhìn chung công nghệ đi trước thời đại nhưng việc sạc và bảo dưỡng xe tư nhân tại VN khá nan giải.",neutral
EVVN-01489,2023-02-16,Tesla,Dealer,"Chạy dịch vụ cày cuốc cả ngày, điểm cộng là khả năng bứt tốc dính ghế đầy phấn khích không hề có độ trễ. Bên cạnh đó, các bản cập nhật phần mềm từ xa OTA ngày càng hoàn thiện, xe đi mượt hơn hẳn. Rất đáng tiền trong phân khúc, hài lòng 9/10 điểm.",positive
EVVN-01490,2023-02-16,BYD,YouTube,"Thật sự ngán ngẩm với chất lượng hoàn thiện, dọc đường miền núi trạm sạc quá thưa thớt, vừa đi vừa run sợ hết pin giữa đèo, thêm vào đó màn hình trung tâm thỉnh thoảng bị đơ đen sì khi đang chạy, camera lùi bị giật lag nghiêm trọng. Đang tính chuyện bán lỗ để quay về xe xăng cho đỡ đau đầu.",negative
EVVN-01491,2023-02-16,MG,YouTube,"Chia sẻ trải nghiệm không mấy vui vẻ sau 2 tháng, dọc đường miền núi trạm sạc quá thưa thớt, vừa đi vừa run sợ hết pin giữa đèo. Thất vọng hơn là độ hoàn thiện các khe hở thân vỏ không đều, gioăng cao su cửa cách âm kém nghe rõ tiếng gió rít khi lên 100km/h. Mong hãng nghiêm túc lắng nghe phản ánh và sớm có phương án xử lý dứt điểm.",negative
EVVN-01492,2023-02-16,MG,YouTube,"Chạy được gần 2 vạn km rồi mới dám lên bài, vận hành êm ái tuyệt đối, không rung giật và chấm dứt hẳn mùi xăng khó chịu, và chi phí sạc điện mỗi tháng chưa tới 800 nghìn, tiết kiệm hơn 70% so với tiền xăng trước kia. Ai còn phân vân thì nên lái thử một lần, đảm bảo không muốn quay lại xe xăng.",positive
EVVN-01493,2023-02-17,Tesla,Review site,"Trải nghiệm cá nhân sau một thời gian cầm lái, sạc pin ở nhà vào ban đêm rất tiện lợi và kinh tế, nhưng hạ tầng trạm sạc công cộng dịp lễ đông đúc phải chờ đợi khá sốt ruột. Bác nào ở nhà đất có chỗ cắm sạc thì nên mua, còn ở chung cư thì nên tính toán thêm.",neutral
EVVN-01494,2023-02-17,BYD,Review site,"Chia sẻ công tâm sau thời gian trải nghiệm, sạc pin ở nhà vào ban đêm rất tiện lợi và kinh tế, nhưng quãng đường chạy đường trường thực tế sẽ hụt bớt khoảng 20-30% nếu đạp thốc ga liên tục. Bác nào ở nhà đất có chỗ cắm sạc thì nên mua, còn ở chung cư thì nên tính toán thêm.",neutral
EVVN-01495,2023-02-17,VinFast,Dealer,"Sau thời gian trải nghiệm VinFast: sạc pin ở nhà vào ban đêm rất tiện lợi và kinh tế, bù lại phần mềm thỉnh thoảng vẫn dính lỗi vặt linh tinh và cần khởi động lại. Xe có ưu nhược điểm riêng, ai chấp nhận được điểm trừ thì dùng rất ổn.",negative
EVVN-01496,2023-02-17,MG,YouTube,"Đối với chiếc MG, ưu điểm là xe chạy cực kỳ êm ái, bốc ga nhanh và chi phí tiền điện hàng tháng rất rẻ. Dẫu vậy, độ hoàn thiện dàn nhựa nội thất và các chi tiết cơ khí vẫn cần hãng trau chuốt thêm; nhìn chung xe lái hay và giá mềm nhưng hệ sinh thái trạm sạc còn cần nhiều thời gian để hoàn thiện. Chi tiết hơn mời anh em xem trong video trải nghiệm của mình nhé.",neutral
EVVN-01497,2023-02-17,Kia,Dealer,"Sau thời gian trải nghiệm Kia: xe lái đầm chắc, khung gầm dày dặn và nhiều công nghệ an toàn hiện đại, bù lại phần mềm thỉnh thoảng vẫn dính lỗi vặt linh tinh và cần khởi động lại. Đánh giá ở mức 7/10 điểm, cần thêm thời gian để hoàn thiện hạ tầng và phần mềm.",neutral
EVVN-01498,2023-02-18,Wuling,Facebook,"Trải nghiệm thực tế sau nửa năm đi lại trong đô thị, chở 2 mẹ con che nắng mưa mùa đông hè rất tiện, hơn nữa cắm sạc trực tiếp ổ điện 220V gia đình qua đêm rất tiện lợi. Rất ưng ý với số tiền bỏ ra, phù hợp nhu cầu gia đình nhỏ.",neutral
EVVN-01499,2023-02-18,VinFast,YouTube,"Bức xúc khi dùng VinFast: lỗi ắc quy 12V tụt áp bất thình lình làm xe không khởi động được, phải gọi xe cứu hộ kéo về. Ngoài ra chính sách gói cước và thuê pin thay đổi khiến nhiều chủ xe đời đầu hơi hụt hẫng. Trải nghiệm chưa xứng đáng với kỳ vọng và số tiền bỏ ra.",negative
EVVN-01500,2023-02-18,Wuling,Facebook,"Nhiều lúc ức chế phát bực vì, tốc độ tối đa thấp và không đi được cao tốc, ra đường lớn gió thổi tạt hơi ghê. Điểm trừ nữa là nội thất nhựa thô ráp dễ trầy xước. Trải nghiệm chưa xứng đáng với kỳ vọng ban đầu.",negative
EVVN-01501,2023-02-18,Hyundai,Facebook,"Bức xúc khi dùng Hyundai: lỗi ắc quy 12V tụt áp bất thình lình làm xe không khởi động được, phải gọi xe cứu hộ kéo về. Ngoài ra khoang lái ít phím bấm vật lý đôi khi thao tác chưa thật sự quen tay. Quá mệt mỏi vì suốt ngày phải lo nghĩ chuyện sạc pin và lỗi phần mềm. (Cập nhật ODO vạn km đợt 2023).",negative
EVVN-01502,2023-02-19,Tesla,Dealer,"Sau thời gian trải nghiệm Tesla: ưu điểm là xe chạy cực kỳ êm ái, bốc ga nhanh và chi phí tiền điện hàng tháng rất rẻ, bù lại quãng đường chạy đường trường thực tế sẽ hụt bớt khoảng 20-30% nếu đạp thốc ga liên tục. Tóm lại xe rất hợp đi phố hàng ngày, còn đi phượt xa thì cần tính toán kỹ thời gian.",neutral
EVVN-01503,2023-02-19,VinFast,Facebook,"Nhận xét thực tế sau chuyến đi dài, lợi thế hệ thống trạm sạc VinFast tại Việt Nam áp đảo hoàn toàn so với mọi đối thủ. Về cơ bản điểm cộng lớn nhất là khả năng tăng tốc mượt mà, không mùi khí thải và không gian cabin thoáng đãng, nhưng trần kính mùa hè khá nóng nếu không dán thêm phim cách nhiệt xịn và lắp rèm che.",neutral
EVVN-01504,2023-02-19,Kia,Facebook,"Cảm nhận về chiếc Kia: xe tăng tốc tức thì, vượt xe trên quốc lộ rất tự tin và an toàn. Công nghệ pin sạc nhanh tiên tiến và trang bị tiện nghi dồi dào. Thực sự vượt ngoài mong đợi ban đầu của mình.",positive
EVVN-01505,2023-02-19,BYD,Facebook,"Thật sự ngán ngẩm với chất lượng hoàn thiện, dọc đường miền núi trạm sạc quá thưa thớt, vừa đi vừa run sợ hết pin giữa đèo, chưa kể cảm biến va chạm và radar hú còi loạn xạ dù đường hoàn toàn thông thoáng. Quá mệt mỏi vì suốt ngày phải lo nghĩ chuyện sạc pin và lỗi phần mềm.",negative
EVVN-01506,2023-02-19,VinFast,YouTube,"Hôm qua suýt nằm đường vì, nhiều điểm trạm sạc ngoài trời không có mái che, trời mưa bão cắm sạc vừa ướt vừa bất an. Thất vọng hơn là khoang hành lý quá chật hẹp, không thể nhét vừa hai chiếc vali cỡ trung cho chuyến đi xa. Nếu được chọn lại chắc chắn mình sẽ trung thành với xe xăng truyền thống. Chi tiết hơn mời anh em xem trong video trải nghiệm của mình nhé.",negative
EVVN-01507,2023-02-19,Wuling,Review site,"Chia sẻ công tâm sau thời gian sử dụng Wuling, ưu điểm là xe nhỏ gọn luồn lách ngõ hẹp cực tốt và tiền điện sạc tại nhà siêu rẻ, đổi lại trang bị an toàn ở mức tối thiểu và khoang chở đồ rất hạn chế. Tùy vào nhu cầu thực tế và điều kiện chỗ sạc tại nhà của mỗi người.",neutral
EVVN-01508,2023-02-19,VinFast,YouTube,"Bỏ ra số tiền không nhỏ mà nhận lại, trải nghiệm thực sự tệ khi trần kính toàn cảnh vào mùa hè Hà Nội nắng 40 độ hấp nhiệt nóng rát đỉnh đầu, bật điều hòa max vẫn toát mồ hôi. Đáng nói nhất là chính sách gói cước và thuê pin thay đổi khiến nhiều chủ xe đời đầu hơi hụt hẫng. Nếu được chọn lại chắc chắn mình sẽ trung thành với xe xăng truyền thống.",negative
EVVN-01509,2023-02-20,VinFast,Review site,"Đối với chiếc VinFast, điểm cộng lớn nhất là khả năng tăng tốc mượt mà, không mùi khí thải và không gian cabin thoáng đãng. Dẫu vậy, phần mềm thỉnh thoảng vẫn dính lỗi vặt linh tinh và cần khởi động lại; nhìn chung lợi thế hệ thống trạm sạc VinFast tại Việt Nam áp đảo hoàn toàn so với mọi đối thủ. (Cập nhật ODO vạn km đợt 2023).",neutral
EVVN-01510,2023-02-20,Wuling,Facebook,"Khen chê rõ ràng chiếc xe mini nhỏ nhất thị trường, vận hành đô thị linh hoạt, bán kính quay đầu nhỏ và máy chạy êm, đổi lại trang bị an toàn ở mức tối thiểu và khoang chở đồ rất hạn chế. Tùy vào nhu cầu thực tế và điều kiện chỗ sạc tại nhà của mỗi người.",neutral
EVVN-01511,2023-02-20,Hyundai,YouTube,Bức xúc khi dùng Hyundai: cảm biến va chạm và radar hú còi loạn xạ dù đường hoàn toàn thông thoáng. Ngoài ra khoang lái ít phím bấm vật lý đôi khi thao tác chưa thật sự quen tay. Không thể chấp nhận một sản phẩm giá tiền tỷ mà lỗi vặt nhiều như thế này.,negative
EVVN-01512,2023-02-21,MG,Facebook,"Không tâng bốc cũng không dìm hàng, lựa chọn kinh tế cho người mua xe điện lần đầu muốn trải nghiệm. Về cơ bản xe lái đầm chắc, khung gầm dày dặn và nhiều công nghệ an toàn hiện đại, nhưng độ hoàn thiện dàn nhựa nội thất và các chi tiết cơ khí vẫn cần hãng trau chuốt thêm.",neutral
EVVN-01513,2023-02-21,BYD,Forum,Cảm nhận về chiếc BYD: khả năng cách âm môi trường và gầm xe tốt hơn mong đợi rất nhiều. Công nghệ pin Blade độc quyền an toàn chống cháy nổ rất yên tâm. Cực kỳ ưng ý và sẽ tiếp tục ủng hộ xu hướng di chuyển xanh.,positive
EVVN-01514,2023-02-21,Tesla,Dealer,"Nhận xét thực tế sau chuyến đi dài, xe rất hợp cho người đam mê công nghệ và có sẵn chỗ sạc tại nhà. Về cơ bản sạc pin ở nhà vào ban đêm rất tiện lợi và kinh tế, nhưng độ hoàn thiện dàn nhựa nội thất và các chi tiết cơ khí vẫn cần hãng trau chuốt thêm.",neutral
EVVN-01515,2023-02-22,VinFast,Review site,"Lên đây cảnh báo cho anh em đang có ý định mua, dịp lễ cao điểm trạm sạc nào cũng quá tải, xếp hàng dài chờ hơn 1 tiếng rưỡi mới đến lượt cắm sạc, thêm vào đó phần mềm liên tục báo lỗi ảo và cảnh báo pin ảo khiến người lái hoang mang. Không thể chấp nhận một sản phẩm giá tiền tỷ mà lỗi vặt nhiều như thế này.",negative
EVVN-01516,2023-02-22,MG,Dealer,"Thật sự ngán ngẩm với chất lượng hoàn thiện, dọc đường miền núi trạm sạc quá thưa thớt, vừa đi vừa run sợ hết pin giữa đèo, thêm vào đó hệ thống nhận diện giọng nói ngô nghê, gọi mãi không hiểu khẩu lệnh cơ bản. Thực sự thất vọng, khuyên thật lòng anh em nên cân nhắc kỹ trước khi xuống tiền.",negative
EVVN-01517,2023-02-22,Kia,YouTube,"Bức xúc khi dùng Kia: màn hình trung tâm thỉnh thoảng bị đơ đen sì khi đang chạy, camera lùi bị giật lag nghiêm trọng. Ngoài ra hạ tầng trạm sạc độc quyền gần như chưa có tại các tỉnh. Quá mệt mỏi vì suốt ngày phải lo nghĩ chuyện sạc pin và lỗi phần mềm.",negative
EVVN-01518,2023-02-22,Kia,Dealer,"Bức xúc khi dùng Kia: lỗi ắc quy 12V tụt áp bất thình lình làm xe không khởi động được, phải gọi xe cứu hộ kéo về. Ngoài ra giá lăn bánh còn cao so với các đối thủ cùng tầm. Quá mệt mỏi vì suốt ngày phải lo nghĩ chuyện sạc pin và lỗi phần mềm. Cảm nhận nhanh sau buổi nhận bàn giao xe tại đại lý.",negative
EVVN-01519,2023-02-22,BYD,YouTube,"Sau chuyến phượt Tây Bắc cùng gia đình, điểm cộng là thiết kế nội thất phong cách thể thao phá cách và trẻ trung. Thêm vào đó, các bản cập nhật phần mềm từ xa OTA ngày càng hoàn thiện, xe đi mượt hơn hẳn. Nói chung quyết định chuyển sang xe điện là hoàn toàn sáng suốt.",positive
EVVN-01520,2023-02-22,VinFast,Dealer,"Cần phản ánh nghiêm túc về tình trạng, ở chung cư không có trụ sạc AC, đi làm về mệt mỏi lại phải lang thang tìm trụ sạc nhanh rất bất tiện. Thất vọng hơn là khoang hành lý quá chật hẹp, không thể nhét vừa hai chiếc vali cỡ trung cho chuyến đi xa. Đang tính chuyện bán lỗ để quay về xe xăng cho đỡ đau đầu.",negative
EVVN-01521,2023-02-22,Kia,Review site,"Đối với chiếc Kia, ưu điểm là xe chạy cực kỳ êm ái, bốc ga nhanh và chi phí tiền điện hàng tháng rất rẻ. Dẫu vậy, quãng đường chạy đường trường thực tế sẽ hụt bớt khoảng 20-30% nếu đạp thốc ga liên tục; nhìn chung thiết kế và vận hành rất tốt nhưng cần Kia mở rộng liên kết trạm sạc tại VN.",neutral
EVVN-01522,2023-02-23,Kia,YouTube,"Cảm nhận về chiếc Kia: vận hành êm ái tuyệt đối, không rung giật và chấm dứt hẳn mùi xăng khó chịu. Công nghệ pin sạc nhanh tiên tiến và trang bị tiện nghi dồi dào. Một trải nghiệm nâng cấp chất lượng sống cho cả gia đình.",positive
EVVN-01523,2023-02-23,VinFast,Forum,"Chia sẻ trải nghiệm không mấy vui vẻ sau 2 tháng, ra đến trạm sạc cao tốc thì 3 trụ báo lỗi hỏng, trụ duy nhất còn lại thì bị xe xăng đỗ chiếm chỗ vô ý thức. Thất vọng hơn là chất liệu nhựa nội thất ọp ẹp, đi vào đường xấu phát ra tiếng kêu cọt kẹt rất khó chịu. Trải nghiệm chưa xứng đáng với kỳ vọng và số tiền bỏ ra.",negative
EVVN-01524,2023-02-23,MG,Dealer,"Mua xe cho vợ đi làm hàng ngày, khả năng cách âm môi trường và gầm xe tốt hơn mong đợi rất nhiều, đồng thời tiền sạc rẻ giật mình, mỗi km tính ra chỉ tốn tầm 400 đến 500 đồng. Chấm điểm 9.5/10 cho độ êm ái và hiệu quả kinh tế.",positive
EVVN-01525,2023-02-23,BYD,Facebook,"Sau thời gian trải nghiệm BYD: vận hành trong đô thị rất nhàn nhã, máy êm, chi phí nuôi xe tiết kiệm thấy rõ, bù lại hạ tầng trạm sạc công cộng dịp lễ đông đúc phải chờ đợi khá sốt ruột. Tùy vào nhu cầu sử dụng của mỗi gia đình mà cân nhắc cho phù hợp.",neutral
EVVN-01526,2023-02-23,BYD,YouTube,"Nhận xét thực tế sau chuyến đi dài, xe lái chắc chắn và pin an toàn nhưng bài toán sạc phụ thuộc hoàn toàn vào bên thứ ba. Về cơ bản xe lái đầm chắc, khung gầm dày dặn và nhiều công nghệ an toàn hiện đại, nhưng quãng đường chạy đường trường thực tế sẽ hụt bớt khoảng 20-30% nếu đạp thốc ga liên tục.",neutral
EVVN-01527,2023-02-24,Kia,Dealer,"Đi phố mỗi ngày vào giờ cao điểm mới thấy, hệ thống kiểm soát hành trình thích ứng và hỗ trợ giữ làn lái rất nhàn trên cao tốc, song song với đó tiền sạc rẻ giật mình, mỗi km tính ra chỉ tốn tầm 400 đến 500 đồng. Nói chung quyết định chuyển sang xe điện là hoàn toàn sáng suốt.",positive
EVVN-01528,2023-02-24,VinFast,Facebook,"Cần phản ánh nghiêm túc về tình trạng, trải nghiệm thực sự tệ khi độ hoàn thiện các khe hở thân vỏ không đều, gioăng cao su cửa cách âm kém nghe rõ tiếng gió rít khi lên 100km/h. Đáng nói nhất là xưởng dịch vụ nhiều đợt đông nghẹt xe taxi vào sửa chữa nên khách cá nhân phải chờ lâu. Quá mệt mỏi vì suốt ngày phải lo nghĩ chuyện sạc pin và lỗi phần mềm.",negative
EVVN-01529,2023-02-24,Tesla,Review site,"Sau chuyến về quê dịp lễ vừa qua, dịp lễ cao điểm trạm sạc nào cũng quá tải, xếp hàng dài chờ hơn 1 tiếng rưỡi mới đến lượt cắm sạc. Thất vọng hơn là quãng đường thực tế hao hụt gần 35% so với công bố khi chạy cao tốc kèm bật điều hòa gió lớn. Quá mệt mỏi vì suốt ngày phải lo nghĩ chuyện sạc pin và lỗi phần mềm.",negative
